Customer_Name,total_revenue,total_quantity,total_profit,avg_unit_price,order_count,Cluster,Segment_Profile
Aaron Anderson,426.88,2,131.19,213.44,1,3,Potensial (Average Spending)
Aaron Benitez,50.34,1,11.43,50.34,1,2,Kasual (Low Spending)
Aaron Bishop,142.09,1,31.14,142.09,1,2,Kasual (Low Spending)
Aaron Boyd,773.07,1,251.96,773.07,1,2,Kasual (Low Spending)
Aaron Brock,3154.62,3,387.64,1051.54,1,0,Premium (High Spending)
Aaron Burch,1214.94,2,186.97,607.47,1,3,Potensial (Average Spending)
Aaron Burns,528.74,1,69.95,528.74,1,2,Kasual (Low Spending)
Aaron Carpenter,204.21,1,45.49,204.21,1,2,Kasual (Low Spending)
Aaron Chandler,873.66,1,277.31,873.66,1,2,Kasual (Low Spending)
Aaron Edwards,686.03,1,125.22,686.03,1,2,Kasual (Low Spending)
Aaron Faulkner,2949.57,3,314.96,983.19,1,0,Premium (High Spending)
Aaron Garcia,824.85,3,88.39,274.95,1,3,Potensial (Average Spending)
Aaron George,180.86,2,66.56,90.43,1,3,Potensial (Average Spending)
Aaron Gibbs,954.2,2,156.18,477.1,1,3,Potensial (Average Spending)
Aaron Gibson,102.2,1,23.02,102.2,1,2,Kasual (Low Spending)
Aaron Gordon,605.83,1,149.74,605.83,1,2,Kasual (Low Spending)
Aaron Harding,339.73,1,105.9,339.73,1,2,Kasual (Low Spending)
Aaron Harris,419.6,1,154.58,419.6,1,2,Kasual (Low Spending)
Aaron Hart,1310.62,2,198.21,655.31,1,3,Potensial (Average Spending)
Aaron Hernandez,401.79,1,145.91,401.79,1,2,Kasual (Low Spending)
Aaron Hoffman,511.56,3,159.79,170.52,1,3,Potensial (Average Spending)
Aaron Jackson,190.81,1,66.93,190.81,1,2,Kasual (Low Spending)
Aaron Lamb,252.04,2,21.29,126.02,1,3,Potensial (Average Spending)
Aaron Lindsey,260.17,1,81.85,260.17,1,2,Kasual (Low Spending)
Aaron Martinez,877.9200000000001,3,283.95,427.225,2,0,Premium (High Spending)
Aaron Maynard,336.99,1,41.8,336.99,1,2,Kasual (Low Spending)
Aaron Miller,919.74,6,196.16,153.29,1,0,Premium (High Spending)
Aaron Mitchell,782.48,2,251.47,391.24,1,3,Potensial (Average Spending)
Aaron Moore,463.62,3,104.25,154.54,1,3,Potensial (Average Spending)
Aaron Navarro,132.84,3,33.33,44.28,1,3,Potensial (Average Spending)
Aaron Peck,339.19,1,124.2,339.19,1,2,Kasual (Low Spending)
Aaron Peterson,2198.16,2,377.57,1099.08,1,0,Premium (High Spending)
Aaron Ramirez,30.93,1,13.56,30.93,1,2,Kasual (Low Spending)
Aaron Reed,1942.53,3,628.47,647.51,1,0,Premium (High Spending)
Aaron Reyes,840.6,2,104.42,420.3,1,3,Potensial (Average Spending)
Aaron Riley,393.58,1,62.66,393.58,1,2,Kasual (Low Spending)
Aaron Rodriguez,2392.28,6,431.41,387.8,3,1,VIP (Top Buyers & High Quantity)
Aaron Roman,158.5,1,19.75,158.5,1,2,Kasual (Low Spending)
Aaron Rowe,945.0,2,163.9,472.5,1,3,Potensial (Average Spending)
Aaron Russell,110.43,1,15.95,110.43,1,2,Kasual (Low Spending)
Aaron Smith,40.88,1,16.0,40.88,1,2,Kasual (Low Spending)
Aaron Soto,1542.66,3,359.76,514.22,1,0,Premium (High Spending)
Aaron Taylor,1961.08,4,369.86,490.27,1,0,Premium (High Spending)
Aaron Wang,91.13,1,26.8,91.13,1,2,Kasual (Low Spending)
Aaron White,220.16,1,39.87,220.16,1,2,Kasual (Low Spending)
Aaron Whitehead,831.56,1,277.14,831.56,1,2,Kasual (Low Spending)
Abigail Brown,273.22,2,59.18,136.61,1,3,Potensial (Average Spending)
Abigail Davis,143.01,1,62.24,143.01,1,2,Kasual (Low Spending)
Abigail Duncan,866.13,1,162.76,866.13,1,2,Kasual (Low Spending)
Abigail Gutierrez,1665.69,3,328.04,555.23,1,0,Premium (High Spending)
Abigail Higgins,1541.91,3,372.73,513.97,1,0,Premium (High Spending)
Abigail Hill,196.97,1,95.67,196.97,1,2,Kasual (Low Spending)
Abigail Hines,468.9,5,140.95,93.78,1,0,Premium (High Spending)
Abigail Jones,1140.8600000000001,4,195.23000000000002,285.21500000000003,2,0,Premium (High Spending)
Abigail Mcclure,652.62,3,167.42,217.54,1,3,Potensial (Average Spending)
Abigail Morton,455.6,2,92.61,227.8,1,3,Potensial (Average Spending)
Abigail Nelson,1286.55,3,237.79,428.85,1,0,Premium (High Spending)
Abigail Parker,172.85,1,40.72,172.85,1,2,Kasual (Low Spending)
Abigail Patterson,129.84,1,43.03,129.84,1,2,Kasual (Low Spending)
Abigail Rice,1063.0,4,448.06,265.75,1,0,Premium (High Spending)
Abigail Shaw,289.44,1,80.67,289.44,1,2,Kasual (Low Spending)
Abigail Smith,105.29,1,33.66,105.29,1,2,Kasual (Low Spending)
Abigail Trujillo,109.04,1,22.98,109.04,1,2,Kasual (Low Spending)
Abigail Underwood,1288.34,2,196.61,644.17,1,3,Potensial (Average Spending)
Abigail Williams,699.87,3,278.81,233.29,1,3,Potensial (Average Spending)
Abigail Zhang,870.66,1,157.65,870.66,1,2,Kasual (Low Spending)
Adam Bailey,414.58,2,45.83,207.29,1,3,Potensial (Average Spending)
Adam Carlson,347.58,1,142.86,347.58,1,2,Kasual (Low Spending)
Adam Collins PhD,1241.55,5,491.87,248.31,1,0,Premium (High Spending)
Adam Crawford,1767.6,4,295.26,441.9,1,0,Premium (High Spending)
Adam Davis,853.66,2,155.56,426.83,2,3,Potensial (Average Spending)
Adam Diaz,1013.1,3,291.73,337.7,1,0,Premium (High Spending)
Adam Duncan,131.18,2,31.32,65.59,1,3,Potensial (Average Spending)
Adam Edwards,240.33,3,77.8,80.11,1,3,Potensial (Average Spending)
Adam Escobar,496.32,2,209.2,248.16,1,3,Potensial (Average Spending)
Adam Flores,812.73,3,262.69,270.91,1,3,Potensial (Average Spending)
Adam Franklin,1267.35,3,334.27,422.45,1,0,Premium (High Spending)
Adam Gill,99.55,1,34.34,99.55,1,2,Kasual (Low Spending)
Adam Grant,166.27,1,18.0,166.27,1,2,Kasual (Low Spending)
Adam Gregory,658.49,1,100.4,658.49,1,2,Kasual (Low Spending)
Adam Griffith,1511.97,3,140.5,503.99,1,3,Potensial (Average Spending)
Adam Harmon,462.12,2,105.64,231.06,2,3,Potensial (Average Spending)
Adam Harrington,206.36,2,41.95,103.18,1,3,Potensial (Average Spending)
Adam Hodge,226.78,1,88.27,226.78,1,2,Kasual (Low Spending)
Adam Holt,449.61,1,79.79,449.61,1,2,Kasual (Low Spending)
Adam Hull II,1508.07,3,347.33,502.69,1,0,Premium (High Spending)
Adam Huynh,2676.33,3,338.54,892.11,1,0,Premium (High Spending)
Adam Jackson,713.84,4,201.11,178.46,1,0,Premium (High Spending)
Adam Jacobs,343.24,4,137.08,85.81,1,3,Potensial (Average Spending)
Adam King,230.89,1,69.27,230.89,1,2,Kasual (Low Spending)
Adam Lee,519.84,1,53.17,519.84,1,2,Kasual (Low Spending)
Adam Lopez,4230.39,5,586.23,583.71,2,1,VIP (Top Buyers & High Quantity)
Adam Lucas,313.34,1,80.76,313.34,1,2,Kasual (Low Spending)
Adam Martin,2977.38,3,580.83,992.46,1,0,Premium (High Spending)
Adam Martinez,1470.58,2,187.61,735.29,1,3,Potensial (Average Spending)
Adam Mcdowell,397.35,1,69.81,397.35,1,2,Kasual (Low Spending)
Adam Nelson,395.72,2,94.28,197.86,1,3,Potensial (Average Spending)
Adam Nichols,321.23,1,50.0,321.23,1,2,Kasual (Low Spending)
Adam Olson,669.36,3,210.14,223.12,1,3,Potensial (Average Spending)
Adam Patterson,607.98,6,126.69,101.33,1,0,Premium (High Spending)
Adam Pierce,144.47,1,16.31,144.47,1,2,Kasual (Low Spending)
Adam Rich,749.61,1,70.66,749.61,1,2,Kasual (Low Spending)
Adam Richardson,372.23,1,159.73,372.23,1,2,Kasual (Low Spending)
Adam Roberts,1418.58,2,122.24,709.29,1,3,Potensial (Average Spending)
Adam Rogers,466.44,1,165.01,466.44,1,2,Kasual (Low Spending)
Adam Shaw,46.02,1,17.45,46.02,1,2,Kasual (Low Spending)
Adam Smith,3681.1200000000003,6,485.81,537.34,2,1,VIP (Top Buyers & High Quantity)
Adam Taylor,392.02,1,129.61,392.02,1,2,Kasual (Low Spending)
Adam Thompson,550.29,3,207.24,183.43,1,3,Potensial (Average Spending)
Adam Velez,468.62,1,154.37,468.62,1,2,Kasual (Low Spending)
Adam Wood,265.5,2,69.29,132.75,1,3,Potensial (Average Spending)
Adam Zuniga,173.9,2,74.22,86.95,1,3,Potensial (Average Spending)
Adrian Davis,415.14,3,195.26,138.38,1,3,Potensial (Average Spending)
Adrian Galvan,741.71,1,99.2,741.71,1,2,Kasual (Low Spending)
Adrian Gibson,2224.38,2,368.49,1112.19,1,0,Premium (High Spending)
Adrian Goodman,262.98,1,58.04,262.98,1,2,Kasual (Low Spending)
Adrian Hahn,249.97,1,90.85,249.97,1,2,Kasual (Low Spending)
Adrian Hamilton,193.52,1,62.42,193.52,1,2,Kasual (Low Spending)
Adrian Henderson,603.83,1,77.36,603.83,1,2,Kasual (Low Spending)
Adrian Martinez MD,98.49,1,32.48,98.49,1,2,Kasual (Low Spending)
Adrian Mckenzie,964.16,4,260.15,241.04,1,0,Premium (High Spending)
Adrian Shaw,212.36,1,58.67,212.36,1,2,Kasual (Low Spending)
Adrian Simmons,352.84,1,147.75,352.84,1,2,Kasual (Low Spending)
Adrian Turner,408.23,1,178.94,408.23,1,2,Kasual (Low Spending)
Adrian Vang,679.7,2,65.72,339.85,1,3,Potensial (Average Spending)
Adrian Wyatt,2307.28,2,436.69,1153.64,1,0,Premium (High Spending)
Adriana Montgomery,718.99,1,69.86,718.99,1,2,Kasual (Low Spending)
Adriana Robinson MD,88.89,1,32.42,88.89,1,2,Kasual (Low Spending)
Adrienne Cooper,128.53,1,28.67,128.53,1,2,Kasual (Low Spending)
Adrienne Hunter,1250.49,3,400.64,416.83,1,0,Premium (High Spending)
Adrienne Johnson,204.26,1,59.53,204.26,1,2,Kasual (Low Spending)
Aimee Davis,205.59,1,32.14,205.59,1,2,Kasual (Low Spending)
Alan Baxter,135.34,1,41.69,135.34,1,2,Kasual (Low Spending)
Alan Clark,3122.76,3,273.25,1040.92,1,0,Premium (High Spending)
Alan Cook,350.89,1,45.37,350.89,1,2,Kasual (Low Spending)
Alan Garcia,233.3,1,93.9,233.3,1,2,Kasual (Low Spending)
Alan Gomez,664.1,2,64.71,332.05,1,3,Potensial (Average Spending)
Alan Hernandez,3150.52,4,456.69,787.63,1,0,Premium (High Spending)
Alan James,475.7,5,147.49,95.14,1,0,Premium (High Spending)
Alan Jones,1166.82,3,236.18,388.94,1,0,Premium (High Spending)
Alan Riley,176.97,3,63.61,58.99,1,3,Potensial (Average Spending)
Alan Spence,857.26,1,95.92,857.26,1,2,Kasual (Low Spending)
Alan Valenzuela II,1933.68,2,305.0,966.84,1,0,Premium (High Spending)
Alan Wright II,697.5,2,190.42,348.75,1,3,Potensial (Average Spending)
Alan Young,831.99,3,147.78,277.33,1,3,Potensial (Average Spending)
Albert Barrera,557.58,1,177.32,557.58,1,2,Kasual (Low Spending)
Albert Cain,474.95,1,104.65,474.95,1,2,Kasual (Low Spending)
Albert Gonzalez,908.47,1,130.73,908.47,1,2,Kasual (Low Spending)
Albert Martinez,501.6,2,208.55,250.8,1,3,Potensial (Average Spending)
Albert Mcdonald,583.88,2,161.49,291.94,1,3,Potensial (Average Spending)
Albert Robertson,798.66,1,148.69,798.66,1,2,Kasual (Low Spending)
Albert Wagner,80.75,1,14.3,80.75,1,2,Kasual (Low Spending)
Alec Bryant,665.84,2,282.64,332.92,1,3,Potensial (Average Spending)
Alec Mason,307.66,1,120.45,307.66,1,2,Kasual (Low Spending)
Alec Morgan,131.65,1,49.08,131.65,1,2,Kasual (Low Spending)
Alec Raymond,331.96,4,105.16,82.99,1,3,Potensial (Average Spending)
Alec Simmons,422.05,1,99.1,422.05,1,2,Kasual (Low Spending)
Alec Wiggins,133.74,1,17.67,133.74,1,2,Kasual (Low Spending)
Alejandra Long,53.92,1,25.95,53.92,1,2,Kasual (Low Spending)
Alejandra Miller,956.16,1,106.28,956.16,1,2,Kasual (Low Spending)
Alejandra Rice,219.32,1,58.67,219.32,1,2,Kasual (Low Spending)
Alejandra Taylor,1507.24,2,252.78,753.62,1,3,Potensial (Average Spending)
Alejandra Watson,1044.16,2,157.38,522.08,1,3,Potensial (Average Spending)
Alejandra Wilkinson,527.2,4,146.04,131.8,1,3,Potensial (Average Spending)
Alejandro Anderson,457.78,1,159.26,457.78,1,2,Kasual (Low Spending)
Alejandro Evans,83.17,1,29.48,83.17,1,2,Kasual (Low Spending)
Alejandro Jones,1009.19,1,199.74,1009.19,1,2,Kasual (Low Spending)
Alejandro Middleton,202.08,1,69.42,202.08,1,2,Kasual (Low Spending)
Alejandro Ruiz,299.47,1,62.28,299.47,1,2,Kasual (Low Spending)
Alejandro Terrell,790.59,3,171.63,263.53,1,3,Potensial (Average Spending)
Alex Ellis,90.7,1,23.74,90.7,1,2,Kasual (Low Spending)
Alex Garcia,763.76,2,260.07,381.88,2,3,Potensial (Average Spending)
Alex Hill,208.96,4,63.58,52.24,1,3,Potensial (Average Spending)
Alex Holt,325.88,2,111.81,162.94,1,3,Potensial (Average Spending)
Alex Howard,496.72,2,145.81,248.36,1,3,Potensial (Average Spending)
Alex Jensen,163.59,3,52.36,54.53,1,3,Potensial (Average Spending)
Alex Kelly,208.49,1,33.93,208.49,1,2,Kasual (Low Spending)
Alex Lopez,996.42,1,80.22,996.42,1,2,Kasual (Low Spending)
Alex Rodriguez,721.89,1,153.88,721.89,1,2,Kasual (Low Spending)
Alex Thompson,322.54,2,43.37,161.27,1,3,Potensial (Average Spending)
Alex Walker,782.28,2,103.74,391.14,1,3,Potensial (Average Spending)
Alex Werner,713.13,1,78.23,713.13,1,2,Kasual (Low Spending)
Alex Young,180.61,1,33.58,180.61,1,2,Kasual (Low Spending)
Alexa Brown,364.43,1,135.07,364.43,1,2,Kasual (Low Spending)
Alexa Davila,122.94,1,33.41,122.94,1,2,Kasual (Low Spending)
Alexa Hernandez,402.15,1,108.79,402.15,1,2,Kasual (Low Spending)
Alexa Miranda,162.99,1,78.93,162.99,1,2,Kasual (Low Spending)
Alexander Adams,1030.92,4,365.15,257.73,1,0,Premium (High Spending)
Alexander Allen,323.92,2,70.86,161.96,1,3,Potensial (Average Spending)
Alexander Anderson,514.56,2,152.17,257.28,1,3,Potensial (Average Spending)
Alexander Avila,423.01,2,143.72,211.505,2,3,Potensial (Average Spending)
Alexander Bailey,1256.48,4,186.5,314.12,1,0,Premium (High Spending)
Alexander Barber,858.18,3,110.21,286.06,1,3,Potensial (Average Spending)
Alexander Booth,84.21,1,23.98,84.21,1,2,Kasual (Low Spending)
Alexander Brady,135.95,1,66.06,135.95,1,2,Kasual (Low Spending)
Alexander Daugherty,1714.29,3,260.83,571.43,1,0,Premium (High Spending)
Alexander Evans,895.19,1,260.36,895.19,1,2,Kasual (Low Spending)
Alexander Foster,529.01,1,170.85,529.01,1,2,Kasual (Low Spending)
Alexander Garcia,205.38,3,56.99,68.46,1,3,Potensial (Average Spending)
Alexander Golden,469.56,2,174.51,234.78,1,3,Potensial (Average Spending)
Alexander Harper,2697.25,5,386.06,539.45,1,0,Premium (High Spending)
Alexander Henson,196.19,1,50.66,196.19,1,2,Kasual (Low Spending)
Alexander Jenkins,613.22,1,141.52,613.22,1,2,Kasual (Low Spending)
Alexander Johnston,154.14,2,42.33,77.07,1,3,Potensial (Average Spending)
Alexander Lopez,783.79,5,118.69999999999999,181.48,2,0,Premium (High Spending)
Alexander Macdonald,1595.84,2,305.14,797.92,1,0,Premium (High Spending)
Alexander Malone,41.17,1,10.15,41.17,1,2,Kasual (Low Spending)
Alexander Marshall,491.14,1,76.17,491.14,1,2,Kasual (Low Spending)
Alexander Martin,1124.13,3,111.61,374.71,1,3,Potensial (Average Spending)
Alexander Mckenzie,731.37,3,170.89,243.79,1,3,Potensial (Average Spending)
Alexander Miller,236.0,2,63.07,118.0,1,3,Potensial (Average Spending)
Alexander Morris,892.1,1,113.96,892.1,1,2,Kasual (Low Spending)
Alexander Murphy,198.76,1,68.29,198.76,1,2,Kasual (Low Spending)
Alexander Myers,1323.76,2,183.95,661.88,1,3,Potensial (Average Spending)
Alexander Olson,1426.83,3,190.26,475.61,1,0,Premium (High Spending)
Alexander Owen,1240.78,2,114.15,620.39,1,3,Potensial (Average Spending)
Alexander Palmer,158.09,1,66.35,158.09,1,2,Kasual (Low Spending)
Alexander Rogers,1266.1799999999998,3,146.60999999999999,479.965,2,3,Potensial (Average Spending)
Alexander Ryan IV,146.11,1,51.7,146.11,1,2,Kasual (Low Spending)
Alexander Smith,631.14,2,146.5,315.57,1,3,Potensial (Average Spending)
Alexander Stephens,130.9,1,57.12,130.9,1,2,Kasual (Low Spending)
Alexander Stewart MD,632.31,1,76.14,632.31,1,2,Kasual (Low Spending)
Alexander Thompson,732.39,1,236.85,732.39,1,2,Kasual (Low Spending)
Alexander Walker,1458.03,3,473.75,486.01,1,0,Premium (High Spending)
Alexander Whitaker,169.59,1,49.43,169.59,1,2,Kasual (Low Spending)
Alexander Wilson,4531.98,6,1484.21,755.33,1,1,VIP (Top Buyers & High Quantity)
Alexander Zimmerman,284.38,2,112.16,142.19,1,3,Potensial (Average Spending)
Alexandra Anthony,335.32,1,117.58,335.32,1,2,Kasual (Low Spending)
Alexandra Chambers,658.78,2,64.09,329.39,1,3,Potensial (Average Spending)
Alexandra Cooke,719.46,3,291.17,239.82,1,3,Potensial (Average Spending)
Alexandra Cross,424.75,5,70.38,84.95,1,3,Potensial (Average Spending)
Alexandra Escobar,1612.52,2,165.38,806.26,1,3,Potensial (Average Spending)
Alexandra Freeman,2093.64,3,634.92,697.88,1,0,Premium (High Spending)
Alexandra Grant,184.12,1,58.45,184.12,1,2,Kasual (Low Spending)
Alexandra Harrington,931.91,1,154.84,931.91,1,2,Kasual (Low Spending)
Alexandra Jefferson,2665.23,3,296.3,888.41,1,0,Premium (High Spending)
Alexandra Johnson,179.45,1,26.04,179.45,1,2,Kasual (Low Spending)
Alexandra King,489.0,3,134.5,163.0,1,3,Potensial (Average Spending)
Alexandra Martin,524.6,2,132.03,262.3,1,3,Potensial (Average Spending)
Alexandra Mcintosh,346.01,1,106.8,346.01,1,2,Kasual (Low Spending)
Alexandra Silva,81.9,1,28.72,81.9,1,2,Kasual (Low Spending)
Alexandra Williams,604.18,1,54.04,604.18,1,2,Kasual (Low Spending)
Alexandria Davies,559.74,3,106.17,186.58,1,3,Potensial (Average Spending)
Alexandria Davis,747.8,1,214.11,747.8,1,2,Kasual (Low Spending)
Alexandria Hodge,246.53,1,25.84,246.53,1,2,Kasual (Low Spending)
Alexandria Kidd,114.71,1,24.34,114.71,1,2,Kasual (Low Spending)
Alexandria Long,891.12,3,236.12,297.04,1,3,Potensial (Average Spending)
Alexandria Medina,1666.29,3,257.31,555.43,1,0,Premium (High Spending)
Alexandria Perez,1564.1,5,365.63,272.755,2,0,Premium (High Spending)
Alexandria Robinson,2060.0,4,514.09,515.0,1,0,Premium (High Spending)
Alexandria Scott,185.16,2,51.59,92.58,1,3,Potensial (Average Spending)
Alexandria Stafford,77.4,1,17.38,77.4,1,2,Kasual (Low Spending)
Alexandria Thomas,565.28,1,129.8,565.28,1,2,Kasual (Low Spending)
Alexis Benson,359.23,1,92.97,359.23,1,2,Kasual (Low Spending)
Alexis Brown,1628.74,2,151.98,814.37,1,3,Potensial (Average Spending)
Alexis Cunningham,3098.61,3,458.0,1032.87,1,0,Premium (High Spending)
Alexis Dougherty,743.51,1,115.38,743.51,1,2,Kasual (Low Spending)
Alexis Farley,52.4,2,19.62,26.2,1,3,Potensial (Average Spending)
Alexis Garcia,2204.48,2,504.5,1102.24,1,0,Premium (High Spending)
Alexis Hahn,2040.04,2,360.04,1020.02,1,0,Premium (High Spending)
Alexis Jordan,387.76,2,175.63,193.88,1,3,Potensial (Average Spending)
Alexis Knapp PhD,252.44,2,104.15,126.22,1,3,Potensial (Average Spending)
Alexis Krueger,625.5,2,105.79,312.75,1,3,Potensial (Average Spending)
Alexis Le,1257.15,3,289.13,419.05,1,0,Premium (High Spending)
Alexis May,458.31,1,59.48,458.31,1,2,Kasual (Low Spending)
Alexis Miller,2343.44,4,240.01,585.86,1,0,Premium (High Spending)
Alexis Nelson,242.82,3,63.49,80.94,1,3,Potensial (Average Spending)
Alexis Odonnell DDS,754.72,4,327.05,188.68,1,0,Premium (High Spending)
Alexis Orr,432.74,3,89.47,165.25,2,3,Potensial (Average Spending)
Alexis Owens,359.21,1,91.27,359.21,1,2,Kasual (Low Spending)
Alexis Park,2512.98,3,249.95,837.66,1,0,Premium (High Spending)
Alexis Patel,94.65,1,38.75,94.65,1,2,Kasual (Low Spending)
Alexis Peck,152.82,1,57.14,152.82,1,2,Kasual (Low Spending)
Alexis Russell,610.8,2,78.12,305.4,1,3,Potensial (Average Spending)
Alexis Scott,1351.92,2,371.22,675.96,1,0,Premium (High Spending)
Alexis Taylor,992.73,3,413.58,330.91,1,0,Premium (High Spending)
Alexis Todd,118.52,1,58.51,118.52,1,2,Kasual (Low Spending)
Alexis Walton,1073.62,2,331.19,536.81,1,3,Potensial (Average Spending)
Alexis Wright,3387.45,5,855.81,677.49,1,1,VIP (Top Buyers & High Quantity)
Alexis Yu,523.65,3,105.0,174.55,1,3,Potensial (Average Spending)
Alfred Alexander,246.36,1,40.43,246.36,1,2,Kasual (Low Spending)
Alfred Perry,303.35,1,108.02,303.35,1,2,Kasual (Low Spending)
Alice Butler,465.53,1,77.95,465.53,1,2,Kasual (Low Spending)
Alice Clark,388.08,2,182.43,194.04,1,3,Potensial (Average Spending)
Alice Cortez,566.26,1,139.66,566.26,1,2,Kasual (Low Spending)
Alice Douglas,310.29,3,101.31,103.43,1,3,Potensial (Average Spending)
Alice Griffin,347.36,2,107.64,173.68,1,3,Potensial (Average Spending)
Alice Patterson,755.13,3,204.3,251.71,1,3,Potensial (Average Spending)
Alicia Ashley,226.17,3,79.32,75.39,1,3,Potensial (Average Spending)
Alicia Atkinson,681.4,2,164.81,340.7,1,3,Potensial (Average Spending)
Alicia Baird,952.13,1,80.18,952.13,1,2,Kasual (Low Spending)
Alicia Baker,68.31,1,22.1,68.31,1,2,Kasual (Low Spending)
Alicia Bond,2131.68,3,406.84,710.56,1,0,Premium (High Spending)
Alicia Bradford,316.74,2,39.57,158.37,1,3,Potensial (Average Spending)
Alicia Cain,130.32,2,54.71,65.16,1,3,Potensial (Average Spending)
Alicia Chang,613.49,1,87.01,613.49,1,2,Kasual (Low Spending)
Alicia Davis,308.65,1,89.57,308.65,1,2,Kasual (Low Spending)
Alicia Dickson,232.53,1,72.15,232.53,1,2,Kasual (Low Spending)
Alicia Elliott,144.54,1,50.3,144.54,1,2,Kasual (Low Spending)
Alicia Farrell,201.3,1,100.04,201.3,1,2,Kasual (Low Spending)
Alicia Guzman,228.34,1,111.02,228.34,1,2,Kasual (Low Spending)
Alicia Johnson,678.41,1,84.19,678.41,1,2,Kasual (Low Spending)
Alicia Martinez,793.32,4,349.67,198.33,1,0,Premium (High Spending)
Alicia Meyer,565.1,2,136.49,282.55,1,3,Potensial (Average Spending)
Alicia Perry,860.37,3,196.4,286.79,1,3,Potensial (Average Spending)
Alicia Roberts,2464.68,3,208.7,821.56,1,0,Premium (High Spending)
Alicia Shaw,1213.11,3,301.87,404.37,1,0,Premium (High Spending)
Alicia Simmons,118.08,2,41.89,59.04,1,3,Potensial (Average Spending)
Alicia Skinner,475.36,2,108.11,237.68,1,3,Potensial (Average Spending)
Alicia White,1659.62,2,408.53,829.81,1,0,Premium (High Spending)
Alicia Young,155.37,1,23.88,155.37,1,2,Kasual (Low Spending)
Alison Dennis,361.31,1,59.19,361.31,1,2,Kasual (Low Spending)
Alison Flores,343.7,2,127.94,171.85,1,3,Potensial (Average Spending)
Alison Hall,756.03,3,127.11,252.01,1,3,Potensial (Average Spending)
Alison Hunt,635.31,1,156.76,635.31,1,2,Kasual (Low Spending)
Alison Jordan,1046.88,4,212.3,261.72,1,0,Premium (High Spending)
Alison Lewis,1251.4,2,129.76,625.7,1,3,Potensial (Average Spending)
Alison Martinez,625.87,1,130.78,625.87,1,2,Kasual (Low Spending)
Alison Mccarty,223.23,1,103.53,223.23,1,2,Kasual (Low Spending)
Alison Miller,29.9,1,9.19,29.9,1,2,Kasual (Low Spending)
Alison Rowe,218.26,1,67.01,218.26,1,2,Kasual (Low Spending)
Alison Spencer,196.0,1,79.17,196.0,1,2,Kasual (Low Spending)
Allen Booth,642.88,2,84.82,321.44,1,3,Potensial (Average Spending)
Allen Cook,1868.74,2,541.85,934.37,1,0,Premium (High Spending)
Allen Garcia,1040.55,3,319.38,346.85,1,0,Premium (High Spending)
Allen Graham,719.58,3,226.12,239.86,1,3,Potensial (Average Spending)
Allen Lewis,150.56,2,32.36,75.28,1,3,Potensial (Average Spending)
Allen Lozano,1064.76,2,86.44,532.38,1,3,Potensial (Average Spending)
Allen Matthews,786.56,2,271.51,393.28,1,3,Potensial (Average Spending)
Allen Mcdonald,2394.48,3,197.23,798.16,1,0,Premium (High Spending)
Allen Ramirez,889.36,2,336.33,444.68,1,3,Potensial (Average Spending)
Allen Russell,73.03,1,25.85,73.03,1,2,Kasual (Low Spending)
Allen Schultz,615.25,5,155.24,123.05,1,0,Premium (High Spending)
Allen Snyder,135.6,1,51.76,135.6,1,2,Kasual (Low Spending)
Allen Spence,382.6,1,124.09,382.6,1,2,Kasual (Low Spending)
Allen Wilson,477.72,1,55.28,477.72,1,2,Kasual (Low Spending)
Allison Adams,856.72,2,125.05,428.36,1,3,Potensial (Average Spending)
Allison Buckley,571.63,1,51.38,571.63,1,2,Kasual (Low Spending)
Allison Cooley,1086.51,3,104.22,362.17,1,3,Potensial (Average Spending)
Allison Dixon,848.46,3,351.07,282.82,1,0,Premium (High Spending)
Allison Hart,1013.92,2,142.0,506.96,1,3,Potensial (Average Spending)
Allison Jackson,1527.85,3,258.0,536.66,2,0,Premium (High Spending)
Allison Jones,787.44,1,135.23,787.44,1,2,Kasual (Low Spending)
Allison Martin,37.57,1,13.53,37.57,1,2,Kasual (Low Spending)
Allison Matthews,266.62,2,29.97,133.31,1,3,Potensial (Average Spending)
Allison Murphy,362.67,1,43.97,362.67,1,2,Kasual (Low Spending)
Allison Oconnor,1092.29,1,316.65,1092.29,1,2,Kasual (Low Spending)
Allison Smith,123.36,1,59.16,123.36,1,2,Kasual (Low Spending)
Allison Thompson,889.21,3,234.95,313.505,2,3,Potensial (Average Spending)
Allison Walters,2321.36,4,217.54,580.34,1,0,Premium (High Spending)
Allison Wells,2666.88,4,775.95,666.72,1,1,VIP (Top Buyers & High Quantity)
Allison West,1270.47,3,315.66,423.49,1,0,Premium (High Spending)
Allison Williams,798.32,3,82.59,210.885,2,3,Potensial (Average Spending)
Allison Wolf,235.92,2,65.25,117.96,1,3,Potensial (Average Spending)
Alvin Brown,588.6,3,200.96,196.2,1,3,Potensial (Average Spending)
Alvin Good,1092.74,2,243.24,546.37,1,3,Potensial (Average Spending)
Alvin Herrera,113.51,1,25.92,113.51,1,2,Kasual (Low Spending)
Alyssa Adams,666.48,3,228.32,222.16,1,3,Potensial (Average Spending)
Alyssa Alexander,390.85,1,67.52,390.85,1,2,Kasual (Low Spending)
Alyssa Carroll,701.06,2,248.76,350.53,1,3,Potensial (Average Spending)
Alyssa Cook,2967.42,3,802.84,989.14,1,1,VIP (Top Buyers & High Quantity)
Alyssa Espinoza,581.54,2,231.03,290.77,1,3,Potensial (Average Spending)
Alyssa Gray,210.13,1,36.74,210.13,1,2,Kasual (Low Spending)
Alyssa Jenkins DDS,848.58,1,161.2,848.58,1,2,Kasual (Low Spending)
Alyssa Klein,112.51,1,38.29,112.51,1,2,Kasual (Low Spending)
Alyssa Levy,591.26,1,109.65,591.26,1,2,Kasual (Low Spending)
Alyssa Scott,399.73,1,86.34,399.73,1,2,Kasual (Low Spending)
Alyssa Sherman,216.68,1,48.63,216.68,1,2,Kasual (Low Spending)
Alyssa Simmons,1375.36,4,286.87,343.84,1,0,Premium (High Spending)
Alyssa Smith,596.69,1,74.96,596.69,1,2,Kasual (Low Spending)
Alyssa Stone,171.34,1,69.05,171.34,1,2,Kasual (Low Spending)
Alyssa Sullivan,200.72,1,89.66,200.72,1,2,Kasual (Low Spending)
Alyssa Walker,1407.96,4,485.78,351.99,1,0,Premium (High Spending)
Alyssa Weber,400.58,1,76.5,400.58,1,2,Kasual (Low Spending)
Amanda Adkins,785.35,1,264.1,785.35,1,2,Kasual (Low Spending)
Amanda Aguilar,175.37,1,39.08,175.37,1,2,Kasual (Low Spending)
Amanda Anderson,143.94,2,56.39,71.97,1,3,Potensial (Average Spending)
Amanda Baker,240.79,1,72.92,240.79,1,2,Kasual (Low Spending)
Amanda Barnes,208.25,1,84.19,208.25,1,2,Kasual (Low Spending)
Amanda Becker,169.07,1,63.97,169.07,1,2,Kasual (Low Spending)
Amanda Berry,893.48,1,124.37,893.48,1,2,Kasual (Low Spending)
Amanda Blake,571.98,1,131.6,571.98,1,2,Kasual (Low Spending)
Amanda Bradley,68.5,1,34.17,68.5,1,2,Kasual (Low Spending)
Amanda Brown,1793.8,4,443.15999999999997,448.45,2,0,Premium (High Spending)
Amanda Bryan,236.87,1,68.2,236.87,1,2,Kasual (Low Spending)
Amanda Burton,336.49,1,108.38,336.49,1,2,Kasual (Low Spending)
Amanda Bush,1368.56,3,227.19,381.38,2,0,Premium (High Spending)
Amanda Calhoun,493.08,2,54.42,246.54,1,3,Potensial (Average Spending)
Amanda Carlson,568.21,2,66.96000000000001,284.105,2,3,Potensial (Average Spending)
Amanda Carpenter,1510.08,2,403.91,755.04,1,0,Premium (High Spending)
Amanda Chang,324.95,1,145.08,324.95,1,2,Kasual (Low Spending)
Amanda Choi,148.21,1,20.71,148.21,1,2,Kasual (Low Spending)
Amanda Clark,931.34,1,178.86,931.34,1,2,Kasual (Low Spending)
Amanda Cowan,249.96,1,29.59,249.96,1,2,Kasual (Low Spending)
Amanda Crane,275.15,1,98.4,275.15,1,2,Kasual (Low Spending)
Amanda Crosby,237.57,1,80.94,237.57,1,2,Kasual (Low Spending)
Amanda Daniel,237.9,3,112.45,79.3,1,3,Potensial (Average Spending)
Amanda Delgado,1136.64,3,335.12,378.88,1,0,Premium (High Spending)
Amanda Erickson,914.88,4,342.75,228.72,1,0,Premium (High Spending)
Amanda Evans,670.14,6,225.81,111.69,1,0,Premium (High Spending)
Amanda Fernandez,949.78,1,80.29,949.78,1,2,Kasual (Low Spending)
Amanda Fritz,991.54,2,266.52,495.77,1,3,Potensial (Average Spending)
Amanda Garcia,269.54,2,71.46,134.77,1,3,Potensial (Average Spending)
Amanda Garrett,225.15,1,74.17,225.15,1,2,Kasual (Low Spending)
Amanda Gonzales,177.9,1,88.07,177.9,1,2,Kasual (Low Spending)
Amanda Gonzalez,991.8399999999999,5,362.63,214.74,3,0,Premium (High Spending)
Amanda Graham,2337.78,3,297.67,779.26,1,0,Premium (High Spending)
Amanda Gutierrez,944.33,1,173.01,944.33,1,2,Kasual (Low Spending)
Amanda Guzman,1285.2599999999998,3,175.85,354.72499999999997,2,3,Potensial (Average Spending)
Amanda Hanson,261.87,1,65.08,261.87,1,2,Kasual (Low Spending)
Amanda Harper,1408.36,2,387.89,704.18,1,0,Premium (High Spending)
Amanda Harvey,397.88,2,180.47,198.94,1,3,Potensial (Average Spending)
Amanda Hernandez,1881.98,3,215.81,603.6949999999999,2,0,Premium (High Spending)
Amanda Hunt,869.04,1,93.04,869.04,1,2,Kasual (Low Spending)
Amanda Jackson,699.12,3,264.02,233.04,1,3,Potensial (Average Spending)
Amanda Jacobs,1864.5,3,424.76,706.5699999999999,2,0,Premium (High Spending)
Amanda James,953.9300000000001,4,292.25,307.265,2,0,Premium (High Spending)
Amanda Johnston,174.17,1,25.82,174.17,1,2,Kasual (Low Spending)
Amanda Jones,1541.32,4,560.89,327.87,2,0,Premium (High Spending)
Amanda Kim,1919.4,5,323.09,383.88,1,0,Premium (High Spending)
Amanda Klein,109.48,2,37.39,54.74,1,3,Potensial (Average Spending)
Amanda Knight,626.67,3,149.84,208.89,1,3,Potensial (Average Spending)
Amanda Lee,324.31,1,64.38,324.31,1,2,Kasual (Low Spending)
Amanda Li,683.39,1,63.29,683.39,1,2,Kasual (Low Spending)
Amanda Livingston,233.06,2,51.03,116.53,1,3,Potensial (Average Spending)
Amanda Luna,802.44,3,222.46,267.48,1,3,Potensial (Average Spending)
Amanda Martin,778.48,2,173.99,389.24,1,3,Potensial (Average Spending)
Amanda Mccarthy,252.38,2,86.37,126.19,1,3,Potensial (Average Spending)
Amanda Mckinney,1212.64,2,200.65,606.32,1,3,Potensial (Average Spending)
Amanda Meyer,701.28,3,64.21,233.76,1,3,Potensial (Average Spending)
Amanda Miles,2710.6,4,660.02,677.65,1,1,VIP (Top Buyers & High Quantity)
Amanda Morgan,230.85,1,49.6,230.85,1,2,Kasual (Low Spending)
Amanda Myers,775.58,2,241.39,387.79,1,3,Potensial (Average Spending)
Amanda Nelson,570.66,1,47.37,570.66,1,2,Kasual (Low Spending)
Amanda Nguyen,327.87,1,133.2,327.87,1,2,Kasual (Low Spending)
Amanda Norman,167.04,1,40.32,167.04,1,2,Kasual (Low Spending)
Amanda Odom,438.52,2,180.24,219.26,1,3,Potensial (Average Spending)
Amanda Oneal,138.98,2,52.97,69.49,1,3,Potensial (Average Spending)
Amanda Owen,158.97,1,22.84,158.97,1,2,Kasual (Low Spending)
Amanda Patterson,20.92,1,6.52,20.92,1,2,Kasual (Low Spending)
Amanda Perez,101.0,2,32.85,50.5,1,3,Potensial (Average Spending)
Amanda Perkins,1848.37,4,535.81,447.685,2,0,Premium (High Spending)
Amanda Peterson,2269.92,4,600.99,567.48,1,0,Premium (High Spending)
Amanda Porter,474.76,2,115.54,237.38,1,3,Potensial (Average Spending)
Amanda Ramirez,1292.61,3,576.27,430.87,1,0,Premium (High Spending)
Amanda Roberts,179.88,1,52.43,179.88,1,2,Kasual (Low Spending)
Amanda Rollins,2077.64,3,319.59,799.15,2,0,Premium (High Spending)
Amanda Ross,849.04,2,113.39,424.52,1,3,Potensial (Average Spending)
Amanda Sanchez,164.76,1,54.34,164.76,1,2,Kasual (Low Spending)
Amanda Saunders,687.19,1,65.57,687.19,1,2,Kasual (Low Spending)
Amanda Scott,1749.96,2,249.35,874.98,1,0,Premium (High Spending)
Amanda Skinner,375.26,1,31.75,375.26,1,2,Kasual (Low Spending)
Amanda Smith,626.28,2,202.42,313.14,2,3,Potensial (Average Spending)
Amanda Spencer,325.91,1,73.03,325.91,1,2,Kasual (Low Spending)
Amanda Stephenson,4634.68,4,470.82,1158.67,1,1,VIP (Top Buyers & High Quantity)
Amanda Stevens,2727.24,3,522.28,909.08,1,0,Premium (High Spending)
Amanda Stone,226.18,1,61.45,226.18,1,2,Kasual (Low Spending)
Amanda Trevino,189.02,2,82.21,94.51,1,3,Potensial (Average Spending)
Amanda Weaver,187.28,2,42.5,93.64,1,3,Potensial (Average Spending)
Amanda White,385.85,1,113.65,385.85,1,2,Kasual (Low Spending)
Amanda White PhD,2189.48,4,390.1,547.37,1,0,Premium (High Spending)
Amanda Willis,1907.4,2,332.65,953.7,1,0,Premium (High Spending)
Amanda Wilson,594.47,1,104.27,594.47,1,2,Kasual (Low Spending)
Amanda Wood DVM,180.44,1,68.72,180.44,1,2,Kasual (Low Spending)
Amanda Woodard,59.75,1,13.47,59.75,1,2,Kasual (Low Spending)
Amanda Woodward,829.96,2,326.68,414.98,1,3,Potensial (Average Spending)
Amanda Young,518.47,1,166.7,518.47,1,2,Kasual (Low Spending)
Amanda Zuniga,694.36,2,275.63,347.18,1,3,Potensial (Average Spending)
Amber Adams,520.19,2,139.31,260.095,2,3,Potensial (Average Spending)
Amber Alvarez,127.04,1,25.0,127.04,1,2,Kasual (Low Spending)
Amber Beard,583.68,2,87.5,291.84,1,3,Potensial (Average Spending)
Amber Bradley,358.69,1,150.31,358.69,1,2,Kasual (Low Spending)
Amber Brown,948.96,3,231.07,316.32,1,3,Potensial (Average Spending)
Amber Butler,1022.35,1,199.33,1022.35,1,2,Kasual (Low Spending)
Amber Calderon,405.78,2,70.5,202.89,1,3,Potensial (Average Spending)
Amber Chapman,1156.86,2,112.38,578.43,1,3,Potensial (Average Spending)
Amber Clark DVM,61.81,1,30.34,61.81,1,2,Kasual (Low Spending)
Amber Curtis,734.18,2,158.72,367.09,1,3,Potensial (Average Spending)
Amber Davis,305.06,2,59.13,152.53,1,3,Potensial (Average Spending)
Amber Eaton,204.14,1,80.64,204.14,1,2,Kasual (Low Spending)
Amber Ellis,303.46,1,35.9,303.46,1,2,Kasual (Low Spending)
Amber Ferguson,849.08,1,105.48,849.08,1,2,Kasual (Low Spending)
Amber Frost,115.71,1,29.52,115.71,1,2,Kasual (Low Spending)
Amber Gaines,184.59,1,50.71,184.59,1,2,Kasual (Low Spending)
Amber Graham,192.7,1,59.34,192.7,1,2,Kasual (Low Spending)
Amber Green,2828.13,3,831.57,942.71,1,1,VIP (Top Buyers & High Quantity)
Amber Hansen,667.18,1,216.62,667.18,1,2,Kasual (Low Spending)
Amber Haynes,458.49,1,113.22,458.49,1,2,Kasual (Low Spending)
Amber Howard,500.0,1,45.64,500.0,1,2,Kasual (Low Spending)
Amber Huynh,1016.73,1,233.3,1016.73,1,2,Kasual (Low Spending)
Amber Johnson,68.75,1,21.89,68.75,1,2,Kasual (Low Spending)
Amber Jones,1447.38,2,324.33,723.69,1,0,Premium (High Spending)
Amber Keith,932.59,1,150.51,932.59,1,2,Kasual (Low Spending)
Amber Kline,397.93,1,138.47,397.93,1,2,Kasual (Low Spending)
Amber Logan,5645.75,5,747.42,1129.15,1,1,VIP (Top Buyers & High Quantity)
Amber Long,656.8499999999999,2,101.35,328.42499999999995,2,3,Potensial (Average Spending)
Amber Lynch,968.3,2,174.5,484.15,1,3,Potensial (Average Spending)
Amber Martinez,322.44,2,140.97,161.22,1,3,Potensial (Average Spending)
Amber Moody,124.74,1,27.08,124.74,1,2,Kasual (Low Spending)
Amber Moore,242.91,3,73.48,80.97,1,3,Potensial (Average Spending)
Amber Ramirez,2407.38,2,351.15,1203.69,1,0,Premium (High Spending)
Amber Ramsey,3855.52,4,671.84,963.88,1,1,VIP (Top Buyers & High Quantity)
Amber Rogers,256.17,3,127.62,85.39,1,3,Potensial (Average Spending)
Amber Roth,321.03,1,136.03,321.03,1,2,Kasual (Low Spending)
Amber Santos,960.09,3,384.18,320.03,1,0,Premium (High Spending)
Amber Serrano,1575.42,3,289.86,525.14,1,0,Premium (High Spending)
Amber Silva MD,1527.2,5,527.81,305.44,1,0,Premium (High Spending)
Amber Suarez,426.92,2,101.06,213.46,1,3,Potensial (Average Spending)
Amber Thomas,1176.54,3,411.56,392.18,1,0,Premium (High Spending)
Amber Webb,366.66,2,127.74,183.33,1,3,Potensial (Average Spending)
Amber Welch,2978.76,4,584.39,744.69,1,1,VIP (Top Buyers & High Quantity)
Amber Wilson,1622.69,2,289.35,811.345,2,0,Premium (High Spending)
Amber Woodard,371.6,2,103.9,185.8,1,3,Potensial (Average Spending)
Amber Young,21.63,1,9.33,21.63,1,2,Kasual (Low Spending)
Amy Adams,722.62,1,145.36,722.62,1,2,Kasual (Low Spending)
Amy Armstrong,221.72,1,40.87,221.72,1,2,Kasual (Low Spending)
Amy Austin,575.4,3,123.25,191.8,1,3,Potensial (Average Spending)
Amy Bennett,148.57,1,36.11,148.57,1,2,Kasual (Low Spending)
Amy Berg,462.48,1,112.7,462.48,1,2,Kasual (Low Spending)
Amy Bishop,339.61,1,129.69,339.61,1,2,Kasual (Low Spending)
Amy Bradford,467.22,2,150.89,233.61,1,3,Potensial (Average Spending)
Amy Brewer,1667.12,2,443.39,833.56,1,0,Premium (High Spending)
Amy Burke,794.97,3,325.14,264.99,1,0,Premium (High Spending)
Amy Callahan,153.81,1,15.98,153.81,1,2,Kasual (Low Spending)
Amy Campbell,131.89,1,54.53,131.89,1,2,Kasual (Low Spending)
Amy Carlson,887.7,2,118.37,443.85,1,3,Potensial (Average Spending)
Amy Carpenter,616.5,2,121.75,308.25,1,3,Potensial (Average Spending)
Amy Carpenter DVM,99.74,2,31.52,49.87,1,3,Potensial (Average Spending)
Amy Carter,1715.28,4,503.78,428.82,1,0,Premium (High Spending)
Amy Carter DDS,198.84,1,40.45,198.84,1,2,Kasual (Low Spending)
Amy Chaney,106.33,1,47.81,106.33,1,2,Kasual (Low Spending)
Amy Cole,318.93,3,155.0,106.31,1,3,Potensial (Average Spending)
Amy Collins,749.71,1,106.04,749.71,1,2,Kasual (Low Spending)
Amy Colon,57.27,1,13.29,57.27,1,2,Kasual (Low Spending)
Amy Cortez,541.11,2,125.44,270.555,2,3,Potensial (Average Spending)
Amy Cox,768.06,3,130.49,250.77499999999998,2,3,Potensial (Average Spending)
Amy Craig,831.15,5,358.04,166.23,1,0,Premium (High Spending)
Amy Cunningham,296.54,1,91.84,296.54,1,2,Kasual (Low Spending)
Amy Davidson,701.54,1,130.26,701.54,1,2,Kasual (Low Spending)
Amy Davis,444.46000000000004,3,128.68,167.925,2,3,Potensial (Average Spending)
Amy Fields,125.22,1,40.47,125.22,1,2,Kasual (Low Spending)
Amy Fisher,1087.1,4,242.99,211.58,2,0,Premium (High Spending)
Amy Foster,736.39,1,107.48,736.39,1,2,Kasual (Low Spending)
Amy Frazier,99.01,1,29.21,99.01,1,2,Kasual (Low Spending)
Amy Galloway,309.92,2,75.56,154.96,1,3,Potensial (Average Spending)
Amy Garza,540.88,2,216.69,270.44,1,3,Potensial (Average Spending)
Amy Gibson,699.0,1,136.42,699.0,1,2,Kasual (Low Spending)
Amy Harrison,120.25,1,38.14,120.25,1,2,Kasual (Low Spending)
Amy Hayes,413.51,1,46.07,413.51,1,2,Kasual (Low Spending)
Amy Hernandez,337.98,1,105.71,337.98,1,2,Kasual (Low Spending)
Amy Hicks,695.3,2,233.03,347.65,1,3,Potensial (Average Spending)
Amy Hodges,142.63,1,25.84,142.63,1,2,Kasual (Low Spending)
Amy Jackson,149.13,1,47.21,149.13,1,2,Kasual (Low Spending)
Amy Johnston,62.78,1,18.21,62.78,1,2,Kasual (Low Spending)
Amy Lee,155.03,1,43.47,155.03,1,2,Kasual (Low Spending)
Amy Leonard,889.13,1,149.44,889.13,1,2,Kasual (Low Spending)
Amy Lopez,393.74,1,86.02,393.74,1,2,Kasual (Low Spending)
Amy Lyons,100.29,1,34.28,100.29,1,2,Kasual (Low Spending)
Amy Martin,122.55,3,32.89,40.85,1,3,Potensial (Average Spending)
Amy Mitchell,765.62,1,100.63,765.62,1,2,Kasual (Low Spending)
Amy Moody,761.68,2,317.11,380.84,1,3,Potensial (Average Spending)
Amy Morales,558.54,1,104.91,558.54,1,2,Kasual (Low Spending)
Amy Morris,158.77,1,49.78,158.77,1,2,Kasual (Low Spending)
Amy Morton,723.67,1,168.19,723.67,1,2,Kasual (Low Spending)
Amy Murray,347.33,1,137.0,347.33,1,2,Kasual (Low Spending)
Amy Nelson,675.32,1,103.83,675.32,1,2,Kasual (Low Spending)
Amy Newman,444.56,2,97.41,222.28,1,3,Potensial (Average Spending)
Amy Odom,671.45,1,93.59,671.45,1,2,Kasual (Low Spending)
Amy Patrick,454.6,2,180.34,227.3,1,3,Potensial (Average Spending)
Amy Pena,222.06,1,85.11,222.06,1,2,Kasual (Low Spending)
Amy Pollard,159.81,1,61.38,159.81,1,2,Kasual (Low Spending)
Amy Reyes,228.91,1,48.63,228.91,1,2,Kasual (Low Spending)
Amy Rice,2365.4,5,526.6,473.08,1,1,VIP (Top Buyers & High Quantity)
Amy Richard,409.83,1,54.35,409.83,1,2,Kasual (Low Spending)
Amy Roberts,1406.22,3,627.76,468.74,1,0,Premium (High Spending)
Amy Robinson,1627.3600000000001,3,205.85,559.61,2,0,Premium (High Spending)
Amy Romero,441.48,2,127.64,220.74,1,3,Potensial (Average Spending)
Amy Sanders,40.42,1,12.0,40.42,1,2,Kasual (Low Spending)
Amy Sloan,280.24,2,115.56,140.12,1,3,Potensial (Average Spending)
Amy Soto,200.25,1,39.93,200.25,1,2,Kasual (Low Spending)
Amy Stanley,89.5,1,17.45,89.5,1,2,Kasual (Low Spending)
Amy Stevens,358.05,1,105.99,358.05,1,2,Kasual (Low Spending)
Amy Sutton,473.77,1,150.77,473.77,1,2,Kasual (Low Spending)
Amy Thomas,771.4000000000001,3,304.75,246.895,2,0,Premium (High Spending)
Amy Thompson,178.77,3,74.84,59.59,1,3,Potensial (Average Spending)
Amy Torres,2393.36,4,553.76,598.34,1,0,Premium (High Spending)
Amy Townsend,1749.72,2,285.82,874.86,1,0,Premium (High Spending)
Amy Tran,575.22,3,128.47,191.74,1,3,Potensial (Average Spending)
Amy Wallace,173.76,1,41.68,173.76,1,2,Kasual (Low Spending)
Amy Watson,2394.64,8,594.55,299.33,2,1,VIP (Top Buyers & High Quantity)
Amy White,396.51,1,134.6,396.51,1,2,Kasual (Low Spending)
Amy Williams,1654.0300000000002,4,325.09000000000003,413.50750000000005,4,0,Premium (High Spending)
Amy Willis,731.99,1,189.81,731.99,1,2,Kasual (Low Spending)
Amy Wilson,834.51,1,87.36,834.51,1,2,Kasual (Low Spending)
Amy Wood,1490.61,3,207.36,496.87,1,0,Premium (High Spending)
Ana Davis,234.21,1,53.34,234.21,1,2,Kasual (Low Spending)
Ana Estrada,483.2,2,185.46,241.6,1,3,Potensial (Average Spending)
Ana Foster,632.54,2,112.7,316.27,1,3,Potensial (Average Spending)
Andre Arnold,133.42,1,59.08,133.42,1,2,Kasual (Low Spending)
Andre Bailey,2486.91,3,735.57,828.97,1,1,VIP (Top Buyers & High Quantity)
Andre Barnett,356.45,1,140.43,356.45,1,2,Kasual (Low Spending)
Andre Burns,802.89,1,202.91,802.89,1,2,Kasual (Low Spending)
Andre Church,1745.2,5,638.62,349.04,1,1,VIP (Top Buyers & High Quantity)
Andre Colon,945.7,2,131.55,472.85,1,3,Potensial (Average Spending)
Andre Dennis,935.48,1,105.67,935.48,1,2,Kasual (Low Spending)
Andre Farmer,887.27,1,98.51,887.27,1,2,Kasual (Low Spending)
Andre Fuentes,647.52,2,132.78,323.76,1,3,Potensial (Average Spending)
Andre Johnson,94.85,1,30.2,94.85,1,2,Kasual (Low Spending)
Andre Kelley,423.99,1,151.54,423.99,1,2,Kasual (Low Spending)
Andre Long,917.64,1,89.48,917.64,1,2,Kasual (Low Spending)
Andre Reynolds,92.15,1,44.58,92.15,1,2,Kasual (Low Spending)
Andre Smith,321.46,1,56.85,321.46,1,2,Kasual (Low Spending)
Andrea Adams,802.49,1,123.55,802.49,1,2,Kasual (Low Spending)
Andrea Bennett,663.04,2,212.7,331.52,1,3,Potensial (Average Spending)
Andrea Blair,358.45,1,43.2,358.45,1,2,Kasual (Low Spending)
Andrea Bradley,167.08,1,47.24,167.08,1,2,Kasual (Low Spending)
Andrea Brown,1083.6,4,436.23,270.9,1,0,Premium (High Spending)
Andrea Byrd,154.71,3,67.84,51.57,1,3,Potensial (Average Spending)
Andrea Cardenas,387.33,1,145.33,387.33,1,2,Kasual (Low Spending)
Andrea Castillo,701.43,1,62.75,701.43,1,2,Kasual (Low Spending)
Andrea Castro,606.34,2,72.82,303.17,1,3,Potensial (Average Spending)
Andrea Chen,110.39,1,23.74,110.39,1,2,Kasual (Low Spending)
Andrea Coffey,710.94,3,158.99,236.98,1,3,Potensial (Average Spending)
Andrea Conrad,1482.6,4,189.98,370.65,1,0,Premium (High Spending)
Andrea Dominguez,289.9,2,73.01,144.95,1,3,Potensial (Average Spending)
Andrea Esparza,1037.24,1,195.09,1037.24,1,2,Kasual (Low Spending)
Andrea Finley,256.56,1,112.26,256.56,1,2,Kasual (Low Spending)
Andrea Gibson,4824.16,5,1125.92,739.145,2,1,VIP (Top Buyers & High Quantity)
Andrea Gomez,773.05,1,123.77,773.05,1,2,Kasual (Low Spending)
Andrea Gutierrez,584.37,3,256.28,194.79,1,3,Potensial (Average Spending)
Andrea Hayes,780.76,1,122.13,780.76,1,2,Kasual (Low Spending)
Andrea Hendricks,729.35,5,119.92,145.87,1,0,Premium (High Spending)
Andrea Hess,431.28,2,91.88,215.64,1,3,Potensial (Average Spending)
Andrea Hester,639.45,3,245.81,213.15,1,3,Potensial (Average Spending)
Andrea Ho,160.7,2,65.51,80.35,1,3,Potensial (Average Spending)
Andrea Howard,481.88,1,72.03,481.88,1,2,Kasual (Low Spending)
Andrea Hurst,509.98,1,95.96,509.98,1,2,Kasual (Low Spending)
Andrea Jackson,197.06,1,97.26,197.06,1,2,Kasual (Low Spending)
Andrea Jimenez,1584.69,3,294.46,528.23,1,0,Premium (High Spending)
Andrea Johnson,121.16,4,30.55,30.29,1,3,Potensial (Average Spending)
Andrea Jones,840.72,6,167.07,140.12,1,0,Premium (High Spending)
Andrea King,5397.05,5,640.73,1079.41,1,1,VIP (Top Buyers & High Quantity)
Andrea Mccarty,538.99,1,172.73,538.99,1,2,Kasual (Low Spending)
Andrea Mcknight,41.26,2,10.85,20.63,1,3,Potensial (Average Spending)
Andrea Miller,637.48,2,111.93,318.74,1,3,Potensial (Average Spending)
Andrea Moore,356.15,1,72.84,356.15,1,2,Kasual (Low Spending)
Andrea Morales,1891.52,4,811.57,472.88,1,1,VIP (Top Buyers & High Quantity)
Andrea Obrien,289.86,3,59.97,96.62,1,3,Potensial (Average Spending)
Andrea Pacheco,231.68,1,35.82,231.68,1,2,Kasual (Low Spending)
Andrea Richardson,777.76,2,79.92,388.88,1,3,Potensial (Average Spending)
Andrea Rodriguez,1740.05,3,512.38,540.215,2,0,Premium (High Spending)
Andrea Smith,309.89,1,63.44,309.89,1,2,Kasual (Low Spending)
Andrea Tucker,773.7,3,231.26,257.9,1,3,Potensial (Average Spending)
Andrea Velez,1602.2,4,418.02,400.55,1,0,Premium (High Spending)
Andrea White,413.37,3,117.97,137.79,1,3,Potensial (Average Spending)
Andrea Williams,408.68,1,63.44,408.68,1,2,Kasual (Low Spending)
Andrea Wood,911.0,1,167.4,911.0,1,2,Kasual (Low Spending)
Andrea Woodward,1358.32,2,225.06,679.16,1,3,Potensial (Average Spending)
Andrea Wright,602.89,1,74.36,602.89,1,2,Kasual (Low Spending)
Andres Rivas,100.2,1,32.25,100.2,1,2,Kasual (Low Spending)
Andrew Acevedo,437.32,2,120.48,218.66,1,3,Potensial (Average Spending)
Andrew Anderson,3477.67,7,600.92,449.24666666666667,3,1,VIP (Top Buyers & High Quantity)
Andrew Arnold,128.45,1,60.04,128.45,1,2,Kasual (Low Spending)
Andrew Ashley,846.39,1,156.64,846.39,1,2,Kasual (Low Spending)
Andrew Ayala,561.9,2,252.37,280.95,1,3,Potensial (Average Spending)
Andrew Bailey DDS,467.8,1,130.53,467.8,1,2,Kasual (Low Spending)
Andrew Baker,600.09,1,135.72,600.09,1,2,Kasual (Low Spending)
Andrew Barnes MD,1640.88,3,241.92,546.96,1,0,Premium (High Spending)
Andrew Bell,440.02,2,190.74,220.01,1,3,Potensial (Average Spending)
Andrew Bender,147.35,1,61.21,147.35,1,2,Kasual (Low Spending)
Andrew Brown,1611.24,4,499.52,402.81,2,0,Premium (High Spending)
Andrew Brown Jr.,419.42,1,122.75,419.42,1,2,Kasual (Low Spending)
Andrew Burke,1664.34,3,364.14,554.78,1,0,Premium (High Spending)
Andrew Colon,27.04,1,8.93,27.04,1,2,Kasual (Low Spending)
Andrew Cruz,507.48,1,94.5,507.48,1,2,Kasual (Low Spending)
Andrew Decker,92.38,1,29.45,92.38,1,2,Kasual (Low Spending)
Andrew Diaz,594.87,1,99.81,594.87,1,2,Kasual (Low Spending)
Andrew Esparza,192.87,1,27.19,192.87,1,2,Kasual (Low Spending)
Andrew Fitzgerald,334.78,2,121.92,167.39,1,3,Potensial (Average Spending)
Andrew Freeman,451.73,1,178.2,451.73,1,2,Kasual (Low Spending)
Andrew Garcia,551.95,1,77.34,551.95,1,2,Kasual (Low Spending)
Andrew Gilbert,2150.1,3,344.56,716.7,1,0,Premium (High Spending)
Andrew Gonzalez,1641.3000000000002,5,290.01,428.97,2,0,Premium (High Spending)
Andrew Goodwin,902.69,1,79.43,902.69,1,2,Kasual (Low Spending)
Andrew Gordon,251.26999999999998,2,80.24,125.63499999999999,2,3,Potensial (Average Spending)
Andrew Hernandez,929.31,1,90.76,929.31,1,2,Kasual (Low Spending)
Andrew Howard,445.3,1,36.67,445.3,1,2,Kasual (Low Spending)
Andrew Huerta,511.14,3,167.45,170.38,1,3,Potensial (Average Spending)
Andrew Humphrey,133.62,3,46.52,44.54,1,3,Potensial (Average Spending)
Andrew Jennings,44.05,1,11.23,44.05,1,2,Kasual (Low Spending)
Andrew Johnson,1020.13,3,140.67,396.345,2,3,Potensial (Average Spending)
Andrew Jones,226.33,1,49.27,226.33,1,2,Kasual (Low Spending)
Andrew Jordan,277.3,1,68.31,277.3,1,2,Kasual (Low Spending)
Andrew Kim,1662.98,2,321.96,831.49,1,0,Premium (High Spending)
Andrew Krause,1004.98,2,191.07999999999998,502.49,2,3,Potensial (Average Spending)
Andrew Long,889.42,2,264.06,444.71,1,3,Potensial (Average Spending)
Andrew Lopez,1283.92,3,268.02,342.28000000000003,2,0,Premium (High Spending)
Andrew Madden,454.62,2,148.48,227.31,1,3,Potensial (Average Spending)
Andrew Maxwell,404.16,2,137.41,202.08,1,3,Potensial (Average Spending)
Andrew Mccann,2571.06,6,883.48,428.51,1,1,VIP (Top Buyers & High Quantity)
Andrew Mccoy,128.96,1,37.43,128.96,1,2,Kasual (Low Spending)
Andrew Miller,827.22,2,220.35,413.61,1,3,Potensial (Average Spending)
Andrew Moore,481.72,2,150.52,240.86,1,3,Potensial (Average Spending)
Andrew Morales,169.42,1,48.25,169.42,1,2,Kasual (Low Spending)
Andrew Mullen,298.51,1,45.78,298.51,1,2,Kasual (Low Spending)
Andrew Mullins,1429.58,2,368.05,714.79,1,0,Premium (High Spending)
Andrew Nunez,193.53,1,59.79,193.53,1,2,Kasual (Low Spending)
Andrew Osborne,62.74,1,14.88,62.74,1,2,Kasual (Low Spending)
Andrew Parker,172.4,4,58.87,43.1,1,3,Potensial (Average Spending)
Andrew Paul,96.98,1,24.16,96.98,1,2,Kasual (Low Spending)
Andrew Perez,134.66,1,50.45,134.66,1,2,Kasual (Low Spending)
Andrew Pineda,1071.08,2,248.65,535.54,1,3,Potensial (Average Spending)
Andrew Poole,325.74,3,84.43,108.58,1,3,Potensial (Average Spending)
Andrew Rice,168.79,1,55.38,168.79,1,2,Kasual (Low Spending)
Andrew Robbins,594.82,2,64.48,297.41,1,3,Potensial (Average Spending)
Andrew Robinson,65.21,1,12.41,65.21,1,2,Kasual (Low Spending)
Andrew Rojas,664.18,1,89.1,664.18,1,2,Kasual (Low Spending)
Andrew Romero,2107.96,4,401.14,526.99,1,0,Premium (High Spending)
Andrew Rose,1543.14,2,197.7,771.57,1,3,Potensial (Average Spending)
Andrew Roth,125.72,1,42.09,125.72,1,2,Kasual (Low Spending)
Andrew Salas,717.12,2,271.06,358.56,1,3,Potensial (Average Spending)
Andrew Sanchez,594.54,1,109.48,594.54,1,2,Kasual (Low Spending)
Andrew Sanders,180.08,1,46.17,180.08,1,2,Kasual (Low Spending)
Andrew Schmidt,197.61,1,51.04,197.61,1,2,Kasual (Low Spending)
Andrew Scott,150.75,1,24.08,150.75,1,2,Kasual (Low Spending)
Andrew Shaw MD,649.71,3,222.49,216.57,1,3,Potensial (Average Spending)
Andrew Shepherd,1012.42,1,168.21,1012.42,1,2,Kasual (Low Spending)
Andrew Sherman,327.78,2,114.84,163.89,1,3,Potensial (Average Spending)
Andrew Shields,485.4,3,53.27,161.8,1,3,Potensial (Average Spending)
Andrew Smith,3322.78,13,1018.37,238.7975,4,1,VIP (Top Buyers & High Quantity)
Andrew Steele,565.2,3,250.71,188.4,1,3,Potensial (Average Spending)
Andrew Stephenson,794.31,3,114.94,264.77,1,3,Potensial (Average Spending)
Andrew Stone,161.52,2,43.16,80.76,1,3,Potensial (Average Spending)
Andrew Taylor,322.6,2,98.36,161.3,2,3,Potensial (Average Spending)
Andrew Turner,286.49,1,27.45,286.49,1,2,Kasual (Low Spending)
Andrew Villanueva,725.27,1,130.43,725.27,1,2,Kasual (Low Spending)
Andrew Ward,219.26,1,91.99,219.26,1,2,Kasual (Low Spending)
Andrew Welch,1148.04,2,140.68,574.02,1,3,Potensial (Average Spending)
Andrew Williams,895.6800000000001,4,322.07,223.92000000000002,2,0,Premium (High Spending)
Andrew Willis,442.18,2,139.37,221.09,2,3,Potensial (Average Spending)
Andrew Wilson,732.66,3,347.71,244.22,1,0,Premium (High Spending)
Andrew Wright,998.25,3,436.07,332.75,1,0,Premium (High Spending)
Andrew Wu,200.67,1,61.84,200.67,1,2,Kasual (Low Spending)
Andrew Young,220.53,1,63.56,220.53,1,2,Kasual (Low Spending)
Andrew Zimmerman,260.94,1,61.94,260.94,1,2,Kasual (Low Spending)
Angel Bowman,500.64,1,77.4,500.64,1,2,Kasual (Low Spending)
Angel Brown,1271.02,4,451.51,483.39,2,0,Premium (High Spending)
Angel Castro,256.69,1,108.26,256.69,1,2,Kasual (Low Spending)
Angel Gordon,398.28,3,48.99,132.76,1,3,Potensial (Average Spending)
Angel Gutierrez,1152.2,2,373.21,576.1,1,0,Premium (High Spending)
Angel Hardin,3114.6,3,349.85,1038.2,1,0,Premium (High Spending)
Angel Jones,167.58,3,41.87,55.86,1,3,Potensial (Average Spending)
Angel Martin MD,252.4,2,40.82,126.2,1,3,Potensial (Average Spending)
Angel Miller,133.52,1,45.81,133.52,1,2,Kasual (Low Spending)
Angel Obrien,2338.32,3,813.16,779.44,1,1,VIP (Top Buyers & High Quantity)
Angel Poole,408.6,2,57.92,204.3,1,3,Potensial (Average Spending)
Angel Reeves,1197.86,1,173.07,1197.86,1,2,Kasual (Low Spending)
Angel Riley,88.28,1,33.77,88.28,1,2,Kasual (Low Spending)
Angel Rodriguez,273.88,2,94.44,136.94,1,3,Potensial (Average Spending)
Angel Romero,745.94,1,137.49,745.94,1,2,Kasual (Low Spending)
Angel Shelton,548.55,1,139.49,548.55,1,2,Kasual (Low Spending)
Angel Sparks,513.3,3,102.29,171.1,1,3,Potensial (Average Spending)
Angel Stone,162.28,2,41.42,81.14,1,3,Potensial (Average Spending)
Angel White,418.62,2,173.91,209.31,1,3,Potensial (Average Spending)
Angel Wilson,1450.2,2,293.35,725.1,1,0,Premium (High Spending)
Angela Adams,213.21,1,71.29,213.21,1,2,Kasual (Low Spending)
Angela Aguirre,1383.58,2,453.65,691.79,1,0,Premium (High Spending)
Angela Arellano,360.88,1,155.23,360.88,1,2,Kasual (Low Spending)
Angela Atkinson,1669.62,2,146.59,834.81,1,3,Potensial (Average Spending)
Angela Baker,708.51,3,278.81,236.17,1,3,Potensial (Average Spending)
Angela Ball,249.3,1,118.28,249.3,1,2,Kasual (Low Spending)
Angela Banks,329.19,1,47.42,329.19,1,2,Kasual (Low Spending)
Angela Bell,731.44,1,123.95,731.44,1,2,Kasual (Low Spending)
Angela Bennett,405.9,2,143.14,202.95,1,3,Potensial (Average Spending)
Angela Benson,312.78,1,119.47,312.78,1,2,Kasual (Low Spending)
Angela Blackwell,1883.16,3,429.42,627.72,1,0,Premium (High Spending)
Angela Blake,1283.85,3,330.81,427.95,1,0,Premium (High Spending)
Angela Booth,279.0,3,85.21,93.0,1,3,Potensial (Average Spending)
Angela Brady,2599.32,3,392.72,866.44,1,0,Premium (High Spending)
Angela Burton,539.0,1,63.97,539.0,1,2,Kasual (Low Spending)
Angela Clayton,661.74,2,85.82,330.87,1,3,Potensial (Average Spending)
Angela Cline,498.9,1,104.37,498.9,1,2,Kasual (Low Spending)
Angela Collins,4205.32,4,681.86,1051.33,1,1,VIP (Top Buyers & High Quantity)
Angela Combs,110.22,2,35.72,55.11,1,3,Potensial (Average Spending)
Angela Cooper,178.64,1,54.07,178.64,1,2,Kasual (Low Spending)
Angela Crawford,2768.94,3,437.77,922.98,1,0,Premium (High Spending)
Angela Dixon,210.24,1,78.58,210.24,1,2,Kasual (Low Spending)
Angela Edwards,711.98,2,177.33,355.99,1,3,Potensial (Average Spending)
Angela Fields,1277.94,3,425.99,425.98,1,0,Premium (High Spending)
Angela Fuentes,1279.04,2,218.37,639.52,1,3,Potensial (Average Spending)
Angela Gallegos,137.44,1,17.85,137.44,1,2,Kasual (Low Spending)
Angela Gilbert,248.78,1,57.27,248.78,1,2,Kasual (Low Spending)
Angela Gill,525.92,2,211.82,262.96,1,3,Potensial (Average Spending)
Angela Green,549.39,3,229.06,183.13,1,3,Potensial (Average Spending)
Angela Griffith,420.54,1,82.96,420.54,1,2,Kasual (Low Spending)
Angela Hall,934.82,1,86.07,934.82,1,2,Kasual (Low Spending)
Angela Hampton,2920.74,3,530.33,973.58,1,0,Premium (High Spending)
Angela Hansen,1243.47,3,288.32,414.49,1,0,Premium (High Spending)
Angela Hardy,958.06,1,87.07,958.06,1,2,Kasual (Low Spending)
Angela Harris,3017.29,7,366.1,380.02,2,1,VIP (Top Buyers & High Quantity)
Angela Henderson,1932.54,3,404.73,644.18,1,0,Premium (High Spending)
Angela Hernandez,490.18,2,203.92,245.09,1,3,Potensial (Average Spending)
Angela Higgins,205.0,1,35.63,205.0,1,2,Kasual (Low Spending)
Angela Horton,711.61,1,185.37,711.61,1,2,Kasual (Low Spending)
Angela Hunter,117.32,2,39.35,58.66,1,3,Potensial (Average Spending)
Angela Hutchinson,342.01,1,144.57,342.01,1,2,Kasual (Low Spending)
Angela Jackson,1535.0,2,345.64,767.5,1,0,Premium (High Spending)
Angela Johnson,230.02,2,78.71,115.01,1,3,Potensial (Average Spending)
Angela Jones,839.35,2,203.44,419.675,2,3,Potensial (Average Spending)
Angela King,746.39,1,75.67,746.39,1,2,Kasual (Low Spending)
Angela Kramer,176.08,2,44.24,88.04,1,3,Potensial (Average Spending)
Angela Lawrence DDS,170.65,1,28.78,170.65,1,2,Kasual (Low Spending)
Angela Lee,33.55,1,10.2,33.55,1,2,Kasual (Low Spending)
Angela Lewis,1285.06,5,417.27,304.1,2,0,Premium (High Spending)
Angela Manning,124.92,1,24.65,124.92,1,2,Kasual (Low Spending)
Angela Marquez,857.0,1,166.87,857.0,1,2,Kasual (Low Spending)
Angela Matthews,136.44,1,34.33,136.44,1,2,Kasual (Low Spending)
Angela Mcdaniel,576.46,2,165.96,288.23,1,3,Potensial (Average Spending)
Angela Mcdowell,795.29,1,200.31,795.29,1,2,Kasual (Low Spending)
Angela Mendoza,791.05,1,226.34,791.05,1,2,Kasual (Low Spending)
Angela Molina,91.47,1,37.07,91.47,1,2,Kasual (Low Spending)
Angela Munoz,919.4,1,102.63,919.4,1,2,Kasual (Low Spending)
Angela Owens,1125.1,2,342.37,562.55,1,3,Potensial (Average Spending)
Angela Patrick,531.19,1,67.04,531.19,1,2,Kasual (Low Spending)
Angela Reed,421.46,1,111.66,421.46,1,2,Kasual (Low Spending)
Angela Reeves,773.18,2,337.17,386.59,1,3,Potensial (Average Spending)
Angela Reynolds,505.66,2,102.71,252.83,1,3,Potensial (Average Spending)
Angela Rodriguez,1044.65,2,327.82,522.325,2,3,Potensial (Average Spending)
Angela Rogers DDS,541.36,1,95.07,541.36,1,2,Kasual (Low Spending)
Angela Romero,171.27,1,75.76,171.27,1,2,Kasual (Low Spending)
Angela Roth,170.85,1,32.72,170.85,1,2,Kasual (Low Spending)
Angela Shaw,637.93,1,160.52,637.93,1,2,Kasual (Low Spending)
Angela Silva MD,269.54,1,57.09,269.54,1,2,Kasual (Low Spending)
Angela Smith,651.87,6,193.07,92.00666666666666,3,0,Premium (High Spending)
Angela Smith MD,216.71,1,43.6,216.71,1,2,Kasual (Low Spending)
Angela Stephens,797.6,1,91.06,797.6,1,2,Kasual (Low Spending)
Angela Stewart,1155.3600000000001,2,210.78,577.6800000000001,2,3,Potensial (Average Spending)
Angela Thomas,456.99,1,140.3,456.99,1,2,Kasual (Low Spending)
Angela Thompson,1304.72,4,365.39,326.18,1,0,Premium (High Spending)
Angela Tucker,511.08,2,161.86,255.54,1,3,Potensial (Average Spending)
Angela Valdez,148.42,1,48.44,148.42,1,2,Kasual (Low Spending)
Angela Villarreal,547.69,1,105.05,547.69,1,2,Kasual (Low Spending)
Angela Ward,119.17,1,51.77,119.17,1,2,Kasual (Low Spending)
Angela Williams,6418.83,8,816.43,759.7925,4,1,VIP (Top Buyers & High Quantity)
Angela Wolfe,307.98,2,103.84,153.99,1,3,Potensial (Average Spending)
Angelica Boyle,1874.55,3,252.61,624.85,1,0,Premium (High Spending)
Angelica Fleming,987.52,4,394.86,246.88,1,0,Premium (High Spending)
Angelica Fowler,187.49,1,25.82,187.49,1,2,Kasual (Low Spending)
Angelica Mann,184.99,1,79.36,184.99,1,2,Kasual (Low Spending)
Angelica Mueller,272.04,2,99.09,136.02,1,3,Potensial (Average Spending)
Angie Morgan,217.02,1,88.32,217.02,1,2,Kasual (Low Spending)
Angie Morrow,224.35,1,73.66,224.35,1,2,Kasual (Low Spending)
Angie Wilson,1082.64,2,98.78,541.32,1,3,Potensial (Average Spending)
Anita Duarte,84.99,1,12.02,84.99,1,2,Kasual (Low Spending)
Anita Frey,650.24,2,255.54,325.12,1,3,Potensial (Average Spending)
Anita Green,754.4,1,215.94,754.4,1,2,Kasual (Low Spending)
Anita Mitchell,388.63,1,59.15,388.63,1,2,Kasual (Low Spending)
Anita Murphy,180.01,1,41.54,180.01,1,2,Kasual (Low Spending)
Anita Parker,384.52,2,45.49,192.26,1,3,Potensial (Average Spending)
Anita Sullivan,412.83,3,77.91,137.61,1,3,Potensial (Average Spending)
Anita Walker,116.19,1,30.21,116.19,1,2,Kasual (Low Spending)
Anita Williams,102.05,1,46.23,102.05,1,2,Kasual (Low Spending)
Ann Adams,290.95,1,44.56,290.95,1,2,Kasual (Low Spending)
Ann Alvarado,720.27,3,186.32,240.09,1,3,Potensial (Average Spending)
Ann Branch,249.32,2,74.41,124.66,1,3,Potensial (Average Spending)
Ann Chung,149.27,1,59.59,149.27,1,2,Kasual (Low Spending)
Ann Davis,781.94,2,272.34,390.97,1,3,Potensial (Average Spending)
Ann Harvey,434.36,1,69.07,434.36,1,2,Kasual (Low Spending)
Ann Holland,1211.5,2,279.62,605.75,1,3,Potensial (Average Spending)
Ann Mcintosh,1036.68,2,192.72,518.34,1,3,Potensial (Average Spending)
Ann Miller,291.61,1,91.17,291.61,1,2,Kasual (Low Spending)
Ann Mooney,113.65,1,27.24,113.65,1,2,Kasual (Low Spending)
Ann Parsons,746.56,2,138.59,373.28,1,3,Potensial (Average Spending)
Ann Sanchez,704.32,1,170.91,704.32,1,2,Kasual (Low Spending)
Ann Smith,817.5,2,101.33,408.75,1,3,Potensial (Average Spending)
Ann Terry,373.12,1,166.15,373.12,1,2,Kasual (Low Spending)
Ann Tucker,159.81,3,49.72,53.27,1,3,Potensial (Average Spending)
Ann Wiley,282.62,1,120.67,282.62,1,2,Kasual (Low Spending)
Ann Willis,267.89,1,45.31,267.89,1,2,Kasual (Low Spending)
Anna Brown,733.78,2,168.37,366.89,1,3,Potensial (Average Spending)
Anna Butler,3147.44,4,491.72,786.86,1,0,Premium (High Spending)
Anna Campbell,976.99,1,127.61,976.99,1,2,Kasual (Low Spending)
Anna Cooley,425.4,1,101.36,425.4,1,2,Kasual (Low Spending)
Anna Crawford,613.58,1,121.92,613.58,1,2,Kasual (Low Spending)
Anna Crosby,1396.06,2,192.81,698.03,1,3,Potensial (Average Spending)
Anna Cross,537.08,1,183.35,537.08,1,2,Kasual (Low Spending)
Anna Delacruz,235.82,1,80.94,235.82,1,2,Kasual (Low Spending)
Anna Garcia,475.05,1,159.26,475.05,1,2,Kasual (Low Spending)
Anna Gibson,287.09,1,42.63,287.09,1,2,Kasual (Low Spending)
Anna Giles,1064.9,2,319.87,532.45,1,3,Potensial (Average Spending)
Anna Harmon,306.2,2,38.77,153.1,1,3,Potensial (Average Spending)
Anna Hendricks,860.17,1,132.46,860.17,1,2,Kasual (Low Spending)
Anna Hester,253.74,1,57.21,253.74,1,2,Kasual (Low Spending)
Anna Jarvis,226.37,2,64.51,113.185,2,3,Potensial (Average Spending)
Anna Johnson,2086.44,3,304.22,695.48,1,0,Premium (High Spending)
Anna Kirby,174.07,1,14.98,174.07,1,2,Kasual (Low Spending)
Anna Mendez,920.46,1,134.51,920.46,1,2,Kasual (Low Spending)
Anna Richards,436.74,1,90.19,436.74,1,2,Kasual (Low Spending)
Anna Robbins,331.65,3,129.34,110.55,1,3,Potensial (Average Spending)
Anna Roberts,161.89,1,42.69,161.89,1,2,Kasual (Low Spending)
Anna Ruiz,652.78,1,191.96,652.78,1,2,Kasual (Low Spending)
Anna Simpson,51.83,1,20.68,51.83,1,2,Kasual (Low Spending)
Anna Turner,290.66,2,86.93,145.33,1,3,Potensial (Average Spending)
Anna Vazquez,56.46,1,11.87,56.46,1,2,Kasual (Low Spending)
Anna Wang,182.02,2,87.29,91.01,1,3,Potensial (Average Spending)
Anna Ward,411.22,2,164.04,205.61,1,3,Potensial (Average Spending)
Anna White,139.8,1,43.82,139.8,1,2,Kasual (Low Spending)
Anna Wright,476.77,1,69.51,476.77,1,2,Kasual (Low Spending)
Anna Yates,222.11,1,87.14,222.11,1,2,Kasual (Low Spending)
Anne Barnett,521.94,2,144.63,260.97,1,3,Potensial (Average Spending)
Anne Clark,118.38,1,42.65,118.38,1,2,Kasual (Low Spending)
Anne Coleman,164.0,2,73.38,82.0,1,3,Potensial (Average Spending)
Anne Cross,463.96,2,192.55,231.98,1,3,Potensial (Average Spending)
Anne Decker,334.52,2,81.28,167.26,1,3,Potensial (Average Spending)
Anne Henry,694.14,2,240.16,347.07,1,3,Potensial (Average Spending)
Anne Hernandez,421.14,1,61.92,421.14,1,2,Kasual (Low Spending)
Anne Jackson,180.8,1,18.84,180.8,1,2,Kasual (Low Spending)
Anne Logan,210.17,1,38.54,210.17,1,2,Kasual (Low Spending)
Anne Martin,215.98,2,35.56,107.99,1,3,Potensial (Average Spending)
Anne Martinez,311.6,4,154.48,77.9,1,3,Potensial (Average Spending)
Anne Pennington,975.85,1,189.37,975.85,1,2,Kasual (Low Spending)
Anne Perez,538.8,3,242.06,179.6,1,3,Potensial (Average Spending)
Anne Peterson,415.56,1,152.06,415.56,1,2,Kasual (Low Spending)
Anne Potts,522.26,2,114.68,261.13,1,3,Potensial (Average Spending)
Anne Ramos,1139.61,3,332.68,379.87,1,0,Premium (High Spending)
Anne Richardson,4850.64,4,1048.84,1212.66,1,1,VIP (Top Buyers & High Quantity)
Anne Shaw,234.5,1,26.6,234.5,1,2,Kasual (Low Spending)
Anne Smith,863.22,1,293.55,863.22,1,2,Kasual (Low Spending)
Annette Cochran,535.0,5,133.75,107.0,1,0,Premium (High Spending)
Annette Faulkner,279.62,2,118.69,139.81,1,3,Potensial (Average Spending)
Annette Harrison,381.57,3,101.0,127.19,1,3,Potensial (Average Spending)
Annette Hatfield,1447.68,3,169.5,482.56,1,3,Potensial (Average Spending)
Annette Johnson,177.15,1,47.31,177.15,1,2,Kasual (Low Spending)
Annette Jones,918.2,2,188.52,459.1,1,3,Potensial (Average Spending)
Annette Martin,49.8,1,15.72,49.8,1,2,Kasual (Low Spending)
Annette Nichols,201.14,1,90.68,201.14,1,2,Kasual (Low Spending)
Annette Robertson,502.8,6,216.77,83.8,1,0,Premium (High Spending)
Annette Ross,764.88,3,142.08,254.96,1,3,Potensial (Average Spending)
Annette Salazar,455.35,1,70.46,455.35,1,2,Kasual (Low Spending)
Annette Stark,92.23,1,36.58,92.23,1,2,Kasual (Low Spending)
Annette Stevenson,2519.23,7,309.51,359.89,1,1,VIP (Top Buyers & High Quantity)
Annette Whitehead,916.49,1,92.8,916.49,1,2,Kasual (Low Spending)
Anthony Aguilar,130.02,1,42.03,130.02,1,2,Kasual (Low Spending)
Anthony Alexander,1389.6,3,560.19,463.2,1,0,Premium (High Spending)
Anthony Alvarado,2301.86,4,310.86,413.25,2,0,Premium (High Spending)
Anthony Andrews,951.78,1,152.97,951.78,1,2,Kasual (Low Spending)
Anthony Blackburn,233.06,2,39.46,116.53,1,3,Potensial (Average Spending)
Anthony Brown,381.86,2,112.83,190.93,1,3,Potensial (Average Spending)
Anthony Bryant,703.68,2,157.34,351.84,1,3,Potensial (Average Spending)
Anthony Buckley,1418.28,3,247.85,472.76,1,0,Premium (High Spending)
Anthony Burton,283.52,2,103.88,141.76,1,3,Potensial (Average Spending)
Anthony Bush,1889.94,3,483.94,629.98,1,0,Premium (High Spending)
Anthony Carroll,1139.9,1,98.36,1139.9,1,2,Kasual (Low Spending)
Anthony Carroll Jr.,253.74,2,112.39,126.87,1,3,Potensial (Average Spending)
Anthony Cohen,250.6,1,74.27,250.6,1,2,Kasual (Low Spending)
Anthony Copeland,1396.42,2,245.62,698.21,1,3,Potensial (Average Spending)
Anthony Cortez,328.34,2,97.13,164.17,1,3,Potensial (Average Spending)
Anthony Crane,570.36,1,64.41,570.36,1,2,Kasual (Low Spending)
Anthony Daniels,861.21,3,204.81,287.07,1,3,Potensial (Average Spending)
Anthony Davies,60.38,1,23.35,60.38,1,2,Kasual (Low Spending)
Anthony Diaz,1371.7,5,384.16,274.34,1,0,Premium (High Spending)
Anthony English,89.0,2,34.38,44.5,1,3,Potensial (Average Spending)
Anthony Esparza,990.14,1,98.93,990.14,1,2,Kasual (Low Spending)
Anthony Fleming,880.25,1,167.82,880.25,1,2,Kasual (Low Spending)
Anthony Foley,399.78,1,115.83,399.78,1,2,Kasual (Low Spending)
Anthony Garcia,439.11,3,137.5,146.37,1,3,Potensial (Average Spending)
Anthony Gibbs,1204.17,3,216.02,401.39,1,3,Potensial (Average Spending)
Anthony Gill,112.17,2,46.550000000000004,56.085,2,3,Potensial (Average Spending)
Anthony Gonzalez,2328.55,5,435.0,465.71,1,0,Premium (High Spending)
Anthony Haney,176.22,3,62.04,58.74,1,3,Potensial (Average Spending)
Anthony Harris,2404.92,6,507.86,400.82,2,1,VIP (Top Buyers & High Quantity)
Anthony Henry,376.37,1,81.18,376.37,1,2,Kasual (Low Spending)
Anthony Herrera,140.63,1,63.42,140.63,1,2,Kasual (Low Spending)
Anthony Hess,174.45,1,62.85,174.45,1,2,Kasual (Low Spending)
Anthony Howell,260.12,1,124.5,260.12,1,2,Kasual (Low Spending)
Anthony Huffman,4790.1,5,449.51,958.02,1,1,VIP (Top Buyers & High Quantity)
Anthony Irwin,382.0,1,167.04,382.0,1,2,Kasual (Low Spending)
Anthony Jimenez,450.51,1,123.62,450.51,1,2,Kasual (Low Spending)
Anthony Kennedy,518.75,1,118.08,518.75,1,2,Kasual (Low Spending)
Anthony Lindsey,2863.95,3,377.72,954.65,1,0,Premium (High Spending)
Anthony Madden,298.8,4,95.81,74.7,1,3,Potensial (Average Spending)
Anthony Mahoney,204.92,1,72.86,204.92,1,2,Kasual (Low Spending)
Anthony Meadows,404.94,1,138.02,404.94,1,2,Kasual (Low Spending)
Anthony Melton,606.93,1,191.77,606.93,1,2,Kasual (Low Spending)
Anthony Mendez,717.62,1,123.77,717.62,1,2,Kasual (Low Spending)
Anthony Merritt,1534.22,2,444.25,767.11,1,0,Premium (High Spending)
Anthony Meyer,85.69,1,31.32,85.69,1,2,Kasual (Low Spending)
Anthony Miller Jr.,471.81,1,70.7,471.81,1,2,Kasual (Low Spending)
Anthony Montgomery,365.69,1,51.83,365.69,1,2,Kasual (Low Spending)
Anthony Moreno,1819.89,3,266.83,606.63,1,0,Premium (High Spending)
Anthony Morris,557.05,1,58.42,557.05,1,2,Kasual (Low Spending)
Anthony Nelson,540.79,1,53.36,540.79,1,2,Kasual (Low Spending)
Anthony Newman,394.47,1,36.42,394.47,1,2,Kasual (Low Spending)
Anthony Oconnor,1886.12,2,279.42,943.06,1,0,Premium (High Spending)
Anthony Page,69.97,1,27.14,69.97,1,2,Kasual (Low Spending)
Anthony Parker,659.14,2,193.65,329.57,1,3,Potensial (Average Spending)
Anthony Patterson,204.4,2,88.38,102.2,1,3,Potensial (Average Spending)
Anthony Payne,413.19,1,106.58,413.19,1,2,Kasual (Low Spending)
Anthony Perez DDS,1473.88,2,264.71,736.94,1,3,Potensial (Average Spending)
Anthony Powell,1067.48,2,102.07,533.74,1,3,Potensial (Average Spending)
Anthony Price,436.08,1,60.03,436.08,1,2,Kasual (Low Spending)
Anthony Roberts DVM,437.91,1,118.5,437.91,1,2,Kasual (Low Spending)
Anthony Robinson,897.06,1,177.68,897.06,1,2,Kasual (Low Spending)
Anthony Russell,408.24,2,107.86,204.12,1,3,Potensial (Average Spending)
Anthony Ryan,98.64,1,29.5,98.64,1,2,Kasual (Low Spending)
Anthony Santiago,178.78,1,59.4,178.78,1,2,Kasual (Low Spending)
Anthony Schmidt,1042.6399999999999,2,220.57999999999998,521.3199999999999,2,3,Potensial (Average Spending)
Anthony Schultz,2514.3,3,796.25,838.1,1,1,VIP (Top Buyers & High Quantity)
Anthony Sherman,413.64,3,97.02,137.88,1,3,Potensial (Average Spending)
Anthony Smith,2202.09,9,431.66,244.67666666666665,3,1,VIP (Top Buyers & High Quantity)
Anthony Steele,229.98,2,70.33,114.99,1,3,Potensial (Average Spending)
Anthony Stevenson,641.19,3,284.82,213.73,1,3,Potensial (Average Spending)
Anthony Thornton,259.03,1,105.9,259.03,1,2,Kasual (Low Spending)
Anthony Vance V,333.63,3,70.23,111.21,1,3,Potensial (Average Spending)
Anthony Wade,3995.6,5,1290.59,799.12,1,1,VIP (Top Buyers & High Quantity)
Anthony Weeks,2702.85,3,434.13,900.95,1,0,Premium (High Spending)
Antonio Berry,820.39,2,124.02,410.195,2,3,Potensial (Average Spending)
Antonio Bradshaw,644.22,2,202.69,322.11,1,3,Potensial (Average Spending)
Antonio Cantrell,1619.44,4,351.28,404.86,1,0,Premium (High Spending)
Antonio Dixon,830.94,2,121.4,415.47,1,3,Potensial (Average Spending)
Antonio Duncan,2466.54,3,452.22,822.18,1,0,Premium (High Spending)
Antonio Hopkins,235.5,2,64.45,117.75,1,3,Potensial (Average Spending)
Antonio Landry,2366.85,3,484.57,788.95,1,0,Premium (High Spending)
Antonio Lopez,343.38,3,170.21,114.46,1,3,Potensial (Average Spending)
Antonio Martin,412.16,2,146.41,206.08,1,3,Potensial (Average Spending)
Antonio Mcconnell,733.74,2,267.83,366.87,1,3,Potensial (Average Spending)
Antonio Noble,341.68,2,74.75,170.84,1,3,Potensial (Average Spending)
Antonio Patterson,497.74,1,116.97,497.74,1,2,Kasual (Low Spending)
Antonio Roberts,331.58,1,124.65,331.58,1,2,Kasual (Low Spending)
Antonio Robertson,580.95,1,115.92,580.95,1,2,Kasual (Low Spending)
Antonio Roman,1805.32,2,432.51,902.66,1,0,Premium (High Spending)
Antonio Smith,1334.49,3,249.04999999999998,381.86,2,0,Premium (High Spending)
Antonio Thomas,301.01,1,98.49,301.01,1,2,Kasual (Low Spending)
Antonio White,1752.84,2,143.53,876.42,1,3,Potensial (Average Spending)
April Arnold,70.27,1,16.25,70.27,1,2,Kasual (Low Spending)
April Baker,1627.1699999999998,2,192.87,813.5849999999999,2,3,Potensial (Average Spending)
April Cameron,990.48,3,365.68,330.16,1,0,Premium (High Spending)
April Chaney,1004.72,1,103.76,1004.72,1,2,Kasual (Low Spending)
April Curry,676.37,1,214.56,676.37,1,2,Kasual (Low Spending)
April Figueroa,494.84,1,144.71,494.84,1,2,Kasual (Low Spending)
April Foster,909.85,1,167.38,909.85,1,2,Kasual (Low Spending)
April Gardner,297.61,1,24.65,297.61,1,2,Kasual (Low Spending)
April Gates,905.42,2,234.28,452.71,1,3,Potensial (Average Spending)
April Gomez,454.79,1,117.06,454.79,1,2,Kasual (Low Spending)
April Greer,910.82,2,83.59,455.41,1,3,Potensial (Average Spending)
April Gross,546.6,3,176.46,182.2,1,3,Potensial (Average Spending)
April Haas,591.23,1,89.8,591.23,1,2,Kasual (Low Spending)
April Hawkins,662.79,1,125.44,662.79,1,2,Kasual (Low Spending)
April Higgins,1097.58,2,187.78,548.79,1,3,Potensial (Average Spending)
April James,1791.96,4,255.23,447.99,1,0,Premium (High Spending)
April Johnson,655.32,1,214.5,655.32,1,2,Kasual (Low Spending)
April Knapp,856.77,1,160.35,856.77,1,2,Kasual (Low Spending)
April Lee,1400.94,3,179.94,466.98,1,3,Potensial (Average Spending)
April Mcmahon,1007.02,1,191.44,1007.02,1,2,Kasual (Low Spending)
April Mitchell,262.1,2,37.27,131.05,1,3,Potensial (Average Spending)
April Morgan,366.15,5,92.14,73.23,1,3,Potensial (Average Spending)
April Morrison,101.08,1,22.01,101.08,1,2,Kasual (Low Spending)
April Nguyen,119.5,2,33.12,59.75,1,3,Potensial (Average Spending)
April Ortiz,162.84,2,50.84,81.42,1,3,Potensial (Average Spending)
April Perez,839.7,6,217.67,139.95,1,0,Premium (High Spending)
April Powell,175.96,1,18.58,175.96,1,2,Kasual (Low Spending)
April Raymond,288.12,2,65.35,144.06,1,3,Potensial (Average Spending)
April Rich,343.88,4,66.4,85.97,1,3,Potensial (Average Spending)
April Rivers,139.17,1,61.37,139.17,1,2,Kasual (Low Spending)
April Soto,275.24,2,62.41,137.62,1,3,Potensial (Average Spending)
April Taylor,535.16,4,111.53,133.79,1,3,Potensial (Average Spending)
April Todd,292.9,1,66.85,292.9,1,2,Kasual (Low Spending)
April Walker,2678.15,4,716.25,504.325,2,1,VIP (Top Buyers & High Quantity)
April Ware,223.22,1,76.19,223.22,1,2,Kasual (Low Spending)
April Wells,2583.27,3,498.94,861.09,1,0,Premium (High Spending)
April Whitaker,400.09,1,64.54,400.09,1,2,Kasual (Low Spending)
Ariana Avila,366.97,1,76.26,366.97,1,2,Kasual (Low Spending)
Ariana Benjamin,85.66,1,18.74,85.66,1,2,Kasual (Low Spending)
Ariana Johnson,793.0,2,121.06,396.5,1,3,Potensial (Average Spending)
Ariana Ponce,1618.32,2,313.25,809.16,1,0,Premium (High Spending)
Ariana Williams,636.24,4,225.74,159.06,1,0,Premium (High Spending)
Ariel Cooke,132.89,1,40.92,132.89,1,2,Kasual (Low Spending)
Ariel Dickerson,140.04,1,33.64,140.04,1,2,Kasual (Low Spending)
Ariel Owens,314.78,1,95.39,314.78,1,2,Kasual (Low Spending)
Ariel Reyes,3342.52,4,1052.21,835.63,1,1,VIP (Top Buyers & High Quantity)
Arthur Burton,525.81,1,72.85,525.81,1,2,Kasual (Low Spending)
Arthur Butler,507.48,3,123.82,169.16,1,3,Potensial (Average Spending)
Arthur Hall,37.34,1,16.14,37.34,1,2,Kasual (Low Spending)
Arthur Lowe,445.48,2,156.49,222.74,1,3,Potensial (Average Spending)
Arthur Villegas,217.09,1,53.65,217.09,1,2,Kasual (Low Spending)
Arthur White,593.7,1,124.28,593.7,1,2,Kasual (Low Spending)
Ashlee Munoz,1599.15,3,219.22,533.05,1,0,Premium (High Spending)
Ashlee Perez,463.24,2,81.44,231.62,1,3,Potensial (Average Spending)
Ashlee White,1770.56,4,607.37,442.64,1,0,Premium (High Spending)
Ashley Avery,303.14,2,63.69,151.57,1,3,Potensial (Average Spending)
Ashley Bailey,119.78,1,23.48,119.78,1,2,Kasual (Low Spending)
Ashley Barrett,166.96,2,45.89,83.48,1,3,Potensial (Average Spending)
Ashley Barry,248.78,2,95.65,124.39,1,3,Potensial (Average Spending)
Ashley Bender,263.86,2,66.26,131.93,1,3,Potensial (Average Spending)
Ashley Bennett,1090.8,2,168.53,545.4,1,3,Potensial (Average Spending)
Ashley Brown,287.54,1,110.18,287.54,1,2,Kasual (Low Spending)
Ashley Bush,314.46,2,96.58,157.23,1,3,Potensial (Average Spending)
Ashley Butler,537.8,2,99.56,268.9,1,3,Potensial (Average Spending)
Ashley Cochran,203.89,1,69.29,203.89,1,2,Kasual (Low Spending)
Ashley Cole,137.57,1,39.23,137.57,1,2,Kasual (Low Spending)
Ashley Collins,901.25,5,368.26,199.685,2,0,Premium (High Spending)
Ashley Costa,134.55,1,43.07,134.55,1,2,Kasual (Low Spending)
Ashley Crawford,608.3,1,98.64,608.3,1,2,Kasual (Low Spending)
Ashley Cummings,40.41,1,11.68,40.41,1,2,Kasual (Low Spending)
Ashley Daniels,657.35,1,184.88,657.35,1,2,Kasual (Low Spending)
Ashley Day,2281.5,3,353.24,760.5,1,0,Premium (High Spending)
Ashley Dennis,2215.28,4,243.59,553.82,1,0,Premium (High Spending)
Ashley Dickerson,1216.2,1,353.69,1216.2,1,2,Kasual (Low Spending)
Ashley Gallegos,2680.38,6,886.71,446.73,1,1,VIP (Top Buyers & High Quantity)
Ashley Garner,1702.7,7,764.82,300.35,2,1,VIP (Top Buyers & High Quantity)
Ashley Gonzalez,160.9,1,62.49,160.9,1,2,Kasual (Low Spending)
Ashley Gordon,845.74,2,218.55,422.87,1,3,Potensial (Average Spending)
Ashley Gray,756.76,2,173.58,378.38,1,3,Potensial (Average Spending)
Ashley Green,109.32,1,50.03,109.32,1,2,Kasual (Low Spending)
Ashley Greene,163.55,1,59.42,163.55,1,2,Kasual (Low Spending)
Ashley Gross,324.05,1,139.2,324.05,1,2,Kasual (Low Spending)
Ashley Gutierrez,160.61,1,57.33,160.61,1,2,Kasual (Low Spending)
Ashley Hall,213.44,2,90.63,106.72,1,3,Potensial (Average Spending)
Ashley Harper,818.16,1,265.78,818.16,1,2,Kasual (Low Spending)
Ashley Hernandez,1913.1,5,831.15,382.62,1,1,VIP (Top Buyers & High Quantity)
Ashley Hicks,1203.34,2,104.46,601.67,1,3,Potensial (Average Spending)
Ashley Jackson,1719.92,8,537.94,283.99,2,1,VIP (Top Buyers & High Quantity)
Ashley Jacobs,176.62,1,48.93,176.62,1,2,Kasual (Low Spending)
Ashley James,894.88,4,131.05,223.72,1,3,Potensial (Average Spending)
Ashley Johnson,1279.06,2,168.16,639.53,2,3,Potensial (Average Spending)
Ashley Kennedy,1684.62,3,316.3,561.54,1,0,Premium (High Spending)
Ashley King,1468.8,4,219.07,367.2,1,0,Premium (High Spending)
Ashley Kirby,1553.44,5,630.09,290.845,2,1,VIP (Top Buyers & High Quantity)
Ashley Kramer,363.93,3,86.41,121.31,1,3,Potensial (Average Spending)
Ashley Leblanc,182.1,1,63.46,182.1,1,2,Kasual (Low Spending)
Ashley Lewis,116.08,1,35.63,116.08,1,2,Kasual (Low Spending)
Ashley Mann,1873.08,4,348.0,468.27,1,0,Premium (High Spending)
Ashley Martinez,504.8,4,121.91,126.2,1,3,Potensial (Average Spending)
Ashley Maynard,44.76,1,15.16,44.76,1,2,Kasual (Low Spending)
Ashley Mccoy,349.75,1,51.72,349.75,1,2,Kasual (Low Spending)
Ashley Meyer,3413.35,5,1170.8,682.67,1,1,VIP (Top Buyers & High Quantity)
Ashley Miles,830.89,1,181.48,830.89,1,2,Kasual (Low Spending)
Ashley Miller,882.89,4,344.12,208.27666666666664,3,0,Premium (High Spending)
Ashley Moore,2164.65,5,657.55,432.93,1,1,VIP (Top Buyers & High Quantity)
Ashley Moreno,1646.18,2,531.47,823.09,1,0,Premium (High Spending)
Ashley Morgan,433.7,1,40.4,433.7,1,2,Kasual (Low Spending)
Ashley Nichols,239.81,1,51.64,239.81,1,2,Kasual (Low Spending)
Ashley Norman,369.72,3,123.15,123.24,1,3,Potensial (Average Spending)
Ashley Nunez,749.16,3,175.42,249.72,1,3,Potensial (Average Spending)
Ashley Pearson,337.38,2,109.5,168.69,1,3,Potensial (Average Spending)
Ashley Peters,686.53,2,210.22,343.265,2,3,Potensial (Average Spending)
Ashley Phillips,526.01,2,186.76,263.005,2,3,Potensial (Average Spending)
Ashley Rangel,227.67,1,60.62,227.67,1,2,Kasual (Low Spending)
Ashley Roberts,399.25,1,47.15,399.25,1,2,Kasual (Low Spending)
Ashley Rodriguez,84.6,1,35.82,84.6,1,2,Kasual (Low Spending)
Ashley Rogers,50.2,1,17.72,50.2,1,2,Kasual (Low Spending)
Ashley Ruiz,836.13,1,149.49,836.13,1,2,Kasual (Low Spending)
Ashley Russell,455.22,2,171.09,227.61,1,3,Potensial (Average Spending)
Ashley Salazar,391.42,1,111.83,391.42,1,2,Kasual (Low Spending)
Ashley Salinas,94.48,2,45.3,47.24,1,3,Potensial (Average Spending)
Ashley Sanchez,1831.12,7,614.47,271.52,2,1,VIP (Top Buyers & High Quantity)
Ashley Simpson,497.12,1,61.8,497.12,1,2,Kasual (Low Spending)
Ashley Smith,2418.88,8,383.23,431.58,4,1,VIP (Top Buyers & High Quantity)
Ashley Solomon,103.0,2,36.82,51.5,1,3,Potensial (Average Spending)
Ashley Thomas,264.08,4,117.26,66.02,1,3,Potensial (Average Spending)
Ashley Torres,2061.52,8,598.1800000000001,322.034,5,1,VIP (Top Buyers & High Quantity)
Ashley Townsend,628.0,2,186.26,314.0,1,3,Potensial (Average Spending)
Ashley Tran,373.84,2,77.75,186.92,1,3,Potensial (Average Spending)
Ashley Tucker,144.53,1,38.5,144.53,1,2,Kasual (Low Spending)
Ashley Turner,173.44,1,74.14,173.44,1,2,Kasual (Low Spending)
Ashley Wagner,765.18,3,299.05,255.06,1,0,Premium (High Spending)
Ashley Washington,287.24,2,83.04,143.62,1,3,Potensial (Average Spending)
Ashley White,324.78,1,111.48,324.78,1,2,Kasual (Low Spending)
Ashley Wilkinson,1789.22,2,293.53,894.61,1,0,Premium (High Spending)
Ashley Williams,8619.869999999999,13,1711.94,554.278,5,1,VIP (Top Buyers & High Quantity)
Ashley Wilson,654.92,1,124.94,654.92,1,2,Kasual (Low Spending)
Ashley Wright,779.7,3,163.54,259.9,1,3,Potensial (Average Spending)
Audrey Bennett,41.98,1,10.61,41.98,1,2,Kasual (Low Spending)
Audrey Burke,907.01,1,148.79,907.01,1,2,Kasual (Low Spending)
Audrey Carr,1699.56,2,379.2,849.78,1,0,Premium (High Spending)
Audrey Carter,2466.42,6,1102.88,411.07,1,1,VIP (Top Buyers & High Quantity)
Audrey Davis,2103.16,2,287.71,1051.58,1,0,Premium (High Spending)
Audrey Dixon,273.52,2,44.65,136.76,1,3,Potensial (Average Spending)
Audrey Dunn,1342.76,4,313.56,335.69,1,0,Premium (High Spending)
Audrey Kim,639.34,1,119.42,639.34,1,2,Kasual (Low Spending)
Audrey Moore,133.8,1,58.78,133.8,1,2,Kasual (Low Spending)
Austin Bailey,125.46,2,49.28,62.73,1,3,Potensial (Average Spending)
Austin Bender,1300.06,2,163.22,650.03,1,3,Potensial (Average Spending)
Austin Curry,196.66,2,56.15,98.33,1,3,Potensial (Average Spending)
Austin Edwards,184.35,1,61.27,184.35,1,2,Kasual (Low Spending)
Austin Fry,376.76,4,119.33,94.19,1,3,Potensial (Average Spending)
Austin Gallagher,255.7,2,68.37,127.85,1,3,Potensial (Average Spending)
Austin Hernandez,671.25,1,133.45,671.25,1,2,Kasual (Low Spending)
Austin Hicks,2944.65,3,254.67,981.55,1,0,Premium (High Spending)
Austin Huang,413.86,1,71.98,413.86,1,2,Kasual (Low Spending)
Austin Hubbard,196.28,1,54.85,196.28,1,2,Kasual (Low Spending)
Austin Massey,449.26,2,206.34,224.63,1,3,Potensial (Average Spending)
Austin Odom,1815.3,6,644.51,302.55,1,1,VIP (Top Buyers & High Quantity)
Austin Patton,77.73,3,22.74,25.91,1,3,Potensial (Average Spending)
Austin Ponce,25.21,1,6.6,25.21,1,2,Kasual (Low Spending)
Austin Richards,724.29,1,116.96,724.29,1,2,Kasual (Low Spending)
Austin Schultz,377.0,1,39.74,377.0,1,2,Kasual (Low Spending)
Austin Shaw,4096.5599999999995,6,630.37,682.76,2,1,VIP (Top Buyers & High Quantity)
Austin Sullivan,657.8499999999999,2,170.33,328.92499999999995,2,3,Potensial (Average Spending)
Austin Turner,575.8,1,113.23,575.8,1,2,Kasual (Low Spending)
Austin Vargas,336.39,1,112.69,336.39,1,2,Kasual (Low Spending)
Austin Walker,1499.2,4,370.42,374.8,1,0,Premium (High Spending)
Austin Williams,192.46,1,60.63,192.46,1,2,Kasual (Low Spending)
Autumn Bartlett,199.72,1,29.13,199.72,1,2,Kasual (Low Spending)
Autumn Flores,883.05,1,162.27,883.05,1,2,Kasual (Low Spending)
Autumn Hancock,400.6,2,167.33,200.3,1,3,Potensial (Average Spending)
Autumn Lin,1666.52,4,449.72,416.63,1,0,Premium (High Spending)
Autumn Russell MD,840.62,2,158.66,420.31,1,3,Potensial (Average Spending)
Bailey Burgess,3607.04,4,666.14,901.76,1,1,VIP (Top Buyers & High Quantity)
Bailey Horton,367.59,3,90.48,122.53,1,3,Potensial (Average Spending)
Bailey Johnson,65.84,1,20.25,65.84,1,2,Kasual (Low Spending)
Bailey Reed,1492.02,2,167.18,746.01,1,3,Potensial (Average Spending)
Barbara Adkins,663.72,1,135.12,663.72,1,2,Kasual (Low Spending)
Barbara Bennett,685.75,1,130.12,685.75,1,2,Kasual (Low Spending)
Barbara Charles,326.25,1,77.97,326.25,1,2,Kasual (Low Spending)
Barbara Chavez,113.64,2,23.05,56.82,1,3,Potensial (Average Spending)
Barbara Compton,1183.82,2,126.4,591.91,1,3,Potensial (Average Spending)
Barbara Davis,43.54,2,10.18,21.77,1,3,Potensial (Average Spending)
Barbara Fisher,756.1,1,242.66,756.1,1,2,Kasual (Low Spending)
Barbara Gonzalez,540.78,1,187.81,540.78,1,2,Kasual (Low Spending)
Barbara Green,659.7,2,264.72,329.85,1,3,Potensial (Average Spending)
Barbara Hughes,631.9,1,121.72,631.9,1,2,Kasual (Low Spending)
Barbara Hunt,892.34,1,149.83,892.34,1,2,Kasual (Low Spending)
Barbara Jones,633.71,1,124.32,633.71,1,2,Kasual (Low Spending)
Barbara Jordan,2000.32,2,187.92,1000.16,1,3,Potensial (Average Spending)
Barbara Kelley,670.88,2,114.18,335.44,1,3,Potensial (Average Spending)
Barbara King,487.4,2,237.06,243.7,1,3,Potensial (Average Spending)
Barbara Lamb,414.04,1,137.59,414.04,1,2,Kasual (Low Spending)
Barbara Leonard,975.28,1,131.32,975.28,1,2,Kasual (Low Spending)
Barbara Moore,481.2,2,127.47,240.6,1,3,Potensial (Average Spending)
Barbara Morris,956.08,4,308.5,239.02,1,0,Premium (High Spending)
Barbara Phillips,328.17,1,59.97,328.17,1,2,Kasual (Low Spending)
Barbara Reyes DDS,376.31,1,122.64,376.31,1,2,Kasual (Low Spending)
Barbara Robinson,97.8,2,40.33,48.9,1,3,Potensial (Average Spending)
Barbara Santos,908.04,1,150.46,908.04,1,2,Kasual (Low Spending)
Barbara Snyder,1007.18,2,327.46,503.59,1,3,Potensial (Average Spending)
Barbara Vargas,100.67,1,45.38,100.67,1,2,Kasual (Low Spending)
Barbara Vaughn,92.56,4,31.94,23.14,1,3,Potensial (Average Spending)
Barbara Wallace,32.5,1,9.37,32.5,1,2,Kasual (Low Spending)
Barbara Washington,74.7,1,22.3,74.7,1,2,Kasual (Low Spending)
Barbara Watkins,191.03,1,41.15,191.03,1,2,Kasual (Low Spending)
Barbara Williamson,328.54,1,93.53,328.54,1,2,Kasual (Low Spending)
Barbara Willis,796.2,2,305.66,398.1,1,3,Potensial (Average Spending)
Barry Boyd,322.74,2,59.35,161.37,1,3,Potensial (Average Spending)
Barry Christensen,233.82,2,31.77,116.91,1,3,Potensial (Average Spending)
Barry Coleman,158.55,1,58.07,158.55,1,2,Kasual (Low Spending)
Barry Ellis,125.59,1,40.32,125.59,1,2,Kasual (Low Spending)
Barry Foster,124.9,1,24.77,124.9,1,2,Kasual (Low Spending)
Barry Hensley,1082.2,4,465.26,270.55,1,0,Premium (High Spending)
Barry King,2228.19,3,284.52,742.73,1,0,Premium (High Spending)
Barry Matthews,175.02,1,62.15,175.02,1,2,Kasual (Low Spending)
Barry Phelps,225.83,1,39.79,225.83,1,2,Kasual (Low Spending)
Barry Russell,299.5,1,109.74,299.5,1,2,Kasual (Low Spending)
Barry Solis,676.94,1,106.8,676.94,1,2,Kasual (Low Spending)
Becky Foster,339.7,1,74.28,339.7,1,2,Kasual (Low Spending)
Becky Hamilton,770.75,1,243.09,770.75,1,2,Kasual (Low Spending)
Becky Howell,771.82,2,84.94,385.91,1,3,Potensial (Average Spending)
Becky Hughes,137.17,1,39.3,137.17,1,2,Kasual (Low Spending)
Becky Sherman,1103.34,3,181.34,367.78,1,3,Potensial (Average Spending)
Becky Simmons,104.18,2,45.6,52.09,1,3,Potensial (Average Spending)
Becky Snyder,273.65,1,87.79,273.65,1,2,Kasual (Low Spending)
Becky Spencer,232.25,1,64.09,232.25,1,2,Kasual (Low Spending)
Becky Warren,618.86,1,184.63,618.86,1,2,Kasual (Low Spending)
Benjamin Adkins,126.35,1,11.14,126.35,1,2,Kasual (Low Spending)
Benjamin Anderson,141.84,2,51.36,70.92,1,3,Potensial (Average Spending)
Benjamin Avila,213.06,1,77.68,213.06,1,2,Kasual (Low Spending)
Benjamin Best,459.26,1,141.22,459.26,1,2,Kasual (Low Spending)
Benjamin Booth,1150.47,1,212.8,1150.47,1,2,Kasual (Low Spending)
Benjamin Campbell,82.21,1,14.42,82.21,1,2,Kasual (Low Spending)
Benjamin Castro,129.56,2,51.66,64.78,1,3,Potensial (Average Spending)
Benjamin Cooper,182.68,2,69.23,91.34,1,3,Potensial (Average Spending)
Benjamin Cunningham,439.23,3,120.05,146.41,1,3,Potensial (Average Spending)
Benjamin Gibson,388.59000000000003,2,153.06,194.29500000000002,2,3,Potensial (Average Spending)
Benjamin Guzman,793.28,4,257.72,198.32,1,0,Premium (High Spending)
Benjamin Hall,389.4,2,133.8,194.7,1,3,Potensial (Average Spending)
Benjamin Holder,60.64,1,19.79,60.64,1,2,Kasual (Low Spending)
Benjamin Holmes,1032.76,4,93.55,258.19,1,3,Potensial (Average Spending)
Benjamin Huerta,319.33,1,107.55,319.33,1,2,Kasual (Low Spending)
Benjamin Johns,526.27,1,44.86,526.27,1,2,Kasual (Low Spending)
Benjamin Johnson,1203.15,3,146.75,549.37,2,3,Potensial (Average Spending)
Benjamin Kline,1485.32,2,219.01,742.66,1,3,Potensial (Average Spending)
Benjamin Lane,822.36,2,254.72,411.18,1,3,Potensial (Average Spending)
Benjamin Martin,603.16,2,209.75,301.58,1,3,Potensial (Average Spending)
Benjamin Mcconnell,228.14,2,70.22,114.07,1,3,Potensial (Average Spending)
Benjamin Moore,576.54,2,73.61,288.27,1,3,Potensial (Average Spending)
Benjamin Moses,675.06,2,122.34,337.53,1,3,Potensial (Average Spending)
Benjamin Murray,1127.92,4,169.69,281.98,1,0,Premium (High Spending)
Benjamin Olsen,800.86,2,169.09,400.43,1,3,Potensial (Average Spending)
Benjamin Patterson,1155.28,2,386.32,577.64,2,0,Premium (High Spending)
Benjamin Pitts,352.08,1,134.26,352.08,1,2,Kasual (Low Spending)
Benjamin Price,91.76,1,32.76,91.76,1,2,Kasual (Low Spending)
Benjamin Ramsey,164.54,1,21.6,164.54,1,2,Kasual (Low Spending)
Benjamin Reeves,3634.89,4,722.0799999999999,758.405,2,1,VIP (Top Buyers & High Quantity)
Benjamin Rhodes,116.35,1,26.86,116.35,1,2,Kasual (Low Spending)
Benjamin Richardson,127.2,1,26.26,127.2,1,2,Kasual (Low Spending)
Benjamin Russo,1796.94,2,322.37,898.47,1,0,Premium (High Spending)
Benjamin Simon,411.84,3,160.34,137.28,1,3,Potensial (Average Spending)
Benjamin Smith,730.24,2,220.43,365.12,1,3,Potensial (Average Spending)
Benjamin Stein,538.35,1,65.3,538.35,1,2,Kasual (Low Spending)
Benjamin Strickland,769.05,3,103.77,256.35,1,3,Potensial (Average Spending)
Benjamin Swanson,2342.1,3,248.51,780.7,1,0,Premium (High Spending)
Benjamin Turner,226.42,2,43.71,113.21,1,3,Potensial (Average Spending)
Benjamin Wong,618.68,1,102.57,618.68,1,2,Kasual (Low Spending)
Benjamin Wright,2507.97,3,235.95,835.99,1,0,Premium (High Spending)
Bernard Beltran,702.08,1,221.72,702.08,1,2,Kasual (Low Spending)
Beth Brown,142.58,1,62.53,142.58,1,2,Kasual (Low Spending)
Beth Foley,183.67,1,49.4,183.67,1,2,Kasual (Low Spending)
Beth Frazier,175.33,1,37.77,175.33,1,2,Kasual (Low Spending)
Beth Jenkins,1361.64,3,254.73,453.88,1,0,Premium (High Spending)
Beth Jones,419.28,1,84.78,419.28,1,2,Kasual (Low Spending)
Beth Larson MD,261.37,1,82.36,261.37,1,2,Kasual (Low Spending)
Beth Marshall,222.24,3,95.01,74.08,1,3,Potensial (Average Spending)
Beth Martinez,1150.57,1,123.01,1150.57,1,2,Kasual (Low Spending)
Beth Meyers,317.08,1,68.28,317.08,1,2,Kasual (Low Spending)
Beth Palmer,300.5,2,143.83,150.25,1,3,Potensial (Average Spending)
Beth Patel,307.11,1,120.21,307.11,1,2,Kasual (Low Spending)
Beth Patterson,1322.04,3,335.79,440.68,1,0,Premium (High Spending)
Beth Perez,1238.92,4,349.09,309.73,1,0,Premium (High Spending)
Beth Perry,272.19,1,69.22,272.19,1,2,Kasual (Low Spending)
Beth Robinson,276.3,1,36.53,276.3,1,2,Kasual (Low Spending)
Beth Washington,983.32,1,112.13,983.32,1,2,Kasual (Low Spending)
Beth Williams,1177.86,2,148.22,588.93,1,3,Potensial (Average Spending)
Bethany Anderson,95.15,1,34.21,95.15,1,2,Kasual (Low Spending)
Bethany Brown,2214.63,3,588.97,738.21,1,0,Premium (High Spending)
Bethany Cook,811.48,4,162.99,202.87,1,3,Potensial (Average Spending)
Bethany Fowler,139.26,3,28.96,46.42,1,3,Potensial (Average Spending)
Bethany Lynn,245.84,2,62.08,122.92,1,3,Potensial (Average Spending)
Bethany Roberts,857.32,2,130.72,428.66,1,3,Potensial (Average Spending)
Bethany Summers,610.4,1,75.09,610.4,1,2,Kasual (Low Spending)
Bethany Williams DVM,924.75,5,207.25,184.95,1,0,Premium (High Spending)
Betty Harper,223.66,2,59.48,111.83,1,3,Potensial (Average Spending)
Betty Mcdowell,581.25,3,256.03,193.75,1,3,Potensial (Average Spending)
Betty Nichols,828.04,1,135.04,828.04,1,2,Kasual (Low Spending)
Betty Powell,214.52,1,28.99,214.52,1,2,Kasual (Low Spending)
Betty Rivera,590.7,1,117.48,590.7,1,2,Kasual (Low Spending)
Beverly Chambers,737.75,1,112.46,737.75,1,2,Kasual (Low Spending)
Beverly Gibson,180.79,1,52.6,180.79,1,2,Kasual (Low Spending)
Beverly Good,344.88,2,119.1,172.44,1,3,Potensial (Average Spending)
Beverly Gray,438.4,2,54.53,219.2,1,3,Potensial (Average Spending)
Beverly Griffith,897.87,3,303.33,299.29,1,0,Premium (High Spending)
Beverly Harris,671.64,3,264.82,223.88,1,3,Potensial (Average Spending)
Beverly Wolf,932.68,2,256.02,466.34,1,3,Potensial (Average Spending)
Bianca Brown,603.03,3,221.49,201.01,1,3,Potensial (Average Spending)
Bianca Henderson,875.79,1,83.97,875.79,1,2,Kasual (Low Spending)
Bianca Mclaughlin,96.41,1,39.05,96.41,1,2,Kasual (Low Spending)
Bianca Rodriguez,1253.25,3,296.68,417.75,1,0,Premium (High Spending)
Bianca Smith,1601.46,2,304.02,800.73,1,0,Premium (High Spending)
Bianca Terry,296.47,1,123.73,296.47,1,2,Kasual (Low Spending)
Bill Barr,294.82,1,131.38,294.82,1,2,Kasual (Low Spending)
Bill Olson,110.63,1,34.97,110.63,1,2,Kasual (Low Spending)
Bill Tapia,68.12,1,13.29,68.12,1,2,Kasual (Low Spending)
Billy Beck,2002.7,2,353.04,1001.35,1,0,Premium (High Spending)
Billy Foster,235.43,1,81.76,235.43,1,2,Kasual (Low Spending)
Billy Garrison,1436.7,2,122.94,718.35,1,3,Potensial (Average Spending)
Billy Haynes,194.07,1,30.46,194.07,1,2,Kasual (Low Spending)
Billy Horne,2463.8,4,371.21,615.95,1,0,Premium (High Spending)
Billy Hull,773.97,3,147.1,257.99,1,3,Potensial (Average Spending)
Billy Jefferson,447.97,1,58.49,447.97,1,2,Kasual (Low Spending)
Billy Jimenez,446.64,2,149.18,223.32,1,3,Potensial (Average Spending)
Billy Johnson,3885.9,3,1023.65,1295.3,1,1,VIP (Top Buyers & High Quantity)
Billy Monroe,1304.58,3,218.77,434.86,1,0,Premium (High Spending)
Billy Rojas,78.89,1,24.53,78.89,1,2,Kasual (Low Spending)
Billy Roth,622.38,2,88.01,311.19,1,3,Potensial (Average Spending)
Billy Smith,218.37,3,82.96,72.79,1,3,Potensial (Average Spending)
Billy Walsh,250.53,1,31.42,250.53,1,2,Kasual (Low Spending)
Billy Weiss,891.81,3,288.07,297.27,1,0,Premium (High Spending)
Billy Wilkins,454.42,1,54.87,454.42,1,2,Kasual (Low Spending)
Billy Wilson,1128.38,2,334.63,564.19,1,3,Potensial (Average Spending)
Billy Wright,1671.85,5,565.98,334.37,1,0,Premium (High Spending)
Blake Gibson,1016.22,1,232.46,1016.22,1,2,Kasual (Low Spending)
Blake Mendez,910.13,1,130.35,910.13,1,2,Kasual (Low Spending)
Blake Miller,710.8,1,105.96,710.8,1,2,Kasual (Low Spending)
Blake Romero,397.78,1,50.78,397.78,1,2,Kasual (Low Spending)
Blake Rose,1306.78,2,199.65,653.39,1,3,Potensial (Average Spending)
Blake Taylor,134.56,2,35.48,67.28,1,3,Potensial (Average Spending)
Blake Warner,77.89,1,27.33,77.89,1,2,Kasual (Low Spending)
Bobby Anderson,151.86,1,34.31,151.86,1,2,Kasual (Low Spending)
Bobby Arnold,486.62,2,133.79,243.31,1,3,Potensial (Average Spending)
Bobby Carter,741.42,6,316.42,123.57,1,0,Premium (High Spending)
Bobby Chang,780.61,1,102.79,780.61,1,2,Kasual (Low Spending)
Bobby Johnson,755.09,1,127.69,755.09,1,2,Kasual (Low Spending)
Bobby Martin,210.48,1,62.6,210.48,1,2,Kasual (Low Spending)
Bobby Richardson,164.07,3,81.38,54.69,1,3,Potensial (Average Spending)
Bobby Walters,88.9,1,18.43,88.9,1,2,Kasual (Low Spending)
Bobby Williams,844.23,1,87.22,844.23,1,2,Kasual (Low Spending)
Bonnie Bates,524.16,3,133.36,174.72,1,3,Potensial (Average Spending)
Bonnie Bradley,177.96,2,40.14,88.98,1,3,Potensial (Average Spending)
Bonnie Gibbs,1191.3,5,195.24,238.26,1,0,Premium (High Spending)
Bonnie Hicks,330.18,1,142.59,330.18,1,2,Kasual (Low Spending)
Bonnie Khan,488.26,1,73.22,488.26,1,2,Kasual (Low Spending)
Bonnie Lopez,137.98,2,45.4,68.99,1,3,Potensial (Average Spending)
Bonnie Norton,538.48,2,161.92,269.24,1,3,Potensial (Average Spending)
Bonnie Watson,768.52,2,200.12,384.26,1,3,Potensial (Average Spending)
Brad Clark,309.12,2,57.01,154.56,1,3,Potensial (Average Spending)
Brad Guzman,2010.48,3,489.27,670.16,1,0,Premium (High Spending)
Brad Lang,165.22,1,53.42,165.22,1,2,Kasual (Low Spending)
Brad Marsh,580.5,1,112.75,580.5,1,2,Kasual (Low Spending)
Brad Owens,499.84,1,58.31,499.84,1,2,Kasual (Low Spending)
Brad Shea Jr.,1502.3,2,203.65,751.15,1,3,Potensial (Average Spending)
Brad Stout,90.26,1,41.5,90.26,1,2,Kasual (Low Spending)
Brad Wolf,534.05,5,108.58,106.81,1,3,Potensial (Average Spending)
Bradley Acosta,1114.62,3,330.54,371.54,1,0,Premium (High Spending)
Bradley Barnes,187.05,1,17.54,187.05,1,2,Kasual (Low Spending)
Bradley Bright,179.11,1,79.91,179.11,1,2,Kasual (Low Spending)
Bradley Bryant,223.44,1,102.61,223.44,1,2,Kasual (Low Spending)
Bradley Burke,158.77,1,69.98,158.77,1,2,Kasual (Low Spending)
Bradley Casey,244.12,2,28.23,122.06,1,3,Potensial (Average Spending)
Bradley Elliott,230.53,1,19.83,230.53,1,2,Kasual (Low Spending)
Bradley Frazier,3147.56,4,433.92,786.89,1,0,Premium (High Spending)
Bradley Freeman,782.86,2,183.33,391.43,1,3,Potensial (Average Spending)
Bradley Gallagher,775.36,2,232.98,387.68,1,3,Potensial (Average Spending)
Bradley Gilbert,903.75,3,269.08,301.25,1,3,Potensial (Average Spending)
Bradley Gonzalez,1081.04,2,204.44,540.52,1,3,Potensial (Average Spending)
Bradley Graham,231.55,1,89.55,231.55,1,2,Kasual (Low Spending)
Bradley Hall,3645.64,4,323.31,655.98,2,0,Premium (High Spending)
Bradley Horn,487.1,2,60.93,243.55,1,3,Potensial (Average Spending)
Bradley Johnson,1215.63,3,288.16,405.21,1,0,Premium (High Spending)
Bradley Medina,205.62,1,43.93,205.62,1,2,Kasual (Low Spending)
Bradley Oneill,109.92,1,34.37,109.92,1,2,Kasual (Low Spending)
Bradley Owens,2688.66,3,641.45,896.22,1,0,Premium (High Spending)
Bradley Parsons,2767.32,4,362.24,691.83,1,0,Premium (High Spending)
Bradley Peterson,730.94,1,118.84,730.94,1,2,Kasual (Low Spending)
Bradley Reynolds,71.38,1,26.6,71.38,1,2,Kasual (Low Spending)
Bradley Rogers,349.6,2,130.77,174.8,1,3,Potensial (Average Spending)
Bradley Soto,383.78,1,61.4,383.78,1,2,Kasual (Low Spending)
Bradley Sullivan,328.34,1,80.06,328.34,1,2,Kasual (Low Spending)
Bradley Wheeler,42.37,1,15.18,42.37,1,2,Kasual (Low Spending)
Bradley White,242.61,1,51.94,242.61,1,2,Kasual (Low Spending)
Bradley Willis,220.18,2,68.62,110.09,1,3,Potensial (Average Spending)
Bradley Wilson MD,418.37,1,34.85,418.37,1,2,Kasual (Low Spending)
Bradley Wyatt,452.63,1,70.06,452.63,1,2,Kasual (Low Spending)
Bradley Zimmerman,548.66,1,66.64,548.66,1,2,Kasual (Low Spending)
Brady Gibson,479.49,3,172.32,159.83,1,3,Potensial (Average Spending)
Brady Lee,2614.71,3,910.59,871.57,1,1,VIP (Top Buyers & High Quantity)
Brady Salazar,1931.16,3,325.49,643.72,1,0,Premium (High Spending)
Brandi Anderson,872.37,1,155.54,872.37,1,2,Kasual (Low Spending)
Brandi Coffey,119.16,1,40.53,119.16,1,2,Kasual (Low Spending)
Brandi Gibson,310.83,1,67.45,310.83,1,2,Kasual (Low Spending)
Brandi Jones,237.88,2,85.43,118.94,1,3,Potensial (Average Spending)
Brandi Marquez,944.71,1,142.24,944.71,1,2,Kasual (Low Spending)
Brandi Smith,1191.99,6,384.26,198.66500000000002,2,0,Premium (High Spending)
Brandi Stevenson,1725.64,2,148.92,862.82,1,3,Potensial (Average Spending)
Brandi Woods,175.72,2,87.02,87.86,1,3,Potensial (Average Spending)
Brandon Abbott,147.08,1,29.46,147.08,1,2,Kasual (Low Spending)
Brandon Adams,1619.85,3,440.58,539.95,1,0,Premium (High Spending)
Brandon Allen,103.7,1,27.88,103.7,1,2,Kasual (Low Spending)
Brandon Anderson,1061.6,4,423.83,265.4,1,0,Premium (High Spending)
Brandon Ashley,3407.79,3,469.77,1135.93,1,0,Premium (High Spending)
Brandon Bennett,178.7,5,50.22,35.74,1,3,Potensial (Average Spending)
Brandon Boyd,343.24,4,145.76,85.81,1,3,Potensial (Average Spending)
Brandon Briggs,860.19,1,186.51,860.19,1,2,Kasual (Low Spending)
Brandon Brown,1786.92,2,196.47,893.46,1,3,Potensial (Average Spending)
Brandon Bryan,293.36,2,117.66,146.68,1,3,Potensial (Average Spending)
Brandon Cabrera DDS,410.76,2,186.98,205.38,1,3,Potensial (Average Spending)
Brandon Campos,2292.64,4,578.03,573.16,2,0,Premium (High Spending)
Brandon Carpenter,607.5,1,76.9,607.5,1,2,Kasual (Low Spending)
Brandon Cervantes,455.84,1,133.15,455.84,1,2,Kasual (Low Spending)
Brandon Chen,428.1,2,141.17,214.05,1,3,Potensial (Average Spending)
Brandon Contreras,317.4,2,100.89,158.7,1,3,Potensial (Average Spending)
Brandon Davis,1084.9,2,228.21,542.45,2,3,Potensial (Average Spending)
Brandon Dean,815.43,3,162.48,271.81,1,3,Potensial (Average Spending)
Brandon Diaz,219.72,1,73.03,219.72,1,2,Kasual (Low Spending)
Brandon Evans,227.56,1,78.82,227.56,1,2,Kasual (Low Spending)
Brandon Farley,605.74,2,235.29,302.87,1,3,Potensial (Average Spending)
Brandon Foster,1100.72,2,174.57,550.36,1,3,Potensial (Average Spending)
Brandon Garcia,3466.2,5,910.92,693.24,1,1,VIP (Top Buyers & High Quantity)
Brandon Garner,2371.82,2,633.04,1185.91,1,0,Premium (High Spending)
Brandon Gordon,59.08,1,22.7,59.08,1,2,Kasual (Low Spending)
Brandon Guerra,1111.44,2,226.89,555.72,1,3,Potensial (Average Spending)
Brandon Harris,3777.06,3,559.92,1259.02,1,1,VIP (Top Buyers & High Quantity)
Brandon Howard,1262.49,3,245.51,420.83,1,0,Premium (High Spending)
Brandon Huff,623.97,1,106.37,623.97,1,2,Kasual (Low Spending)
Brandon Jackson,309.65,5,69.78,61.93,1,3,Potensial (Average Spending)
Brandon Johnson,409.07,1,119.26,409.07,1,2,Kasual (Low Spending)
Brandon King,1946.7,3,633.8,648.9,1,0,Premium (High Spending)
Brandon Kirk,112.72,1,39.1,112.72,1,2,Kasual (Low Spending)
Brandon Leonard,502.46,2,140.71,251.23,1,3,Potensial (Average Spending)
Brandon Lynch,1392.9,3,489.5,464.3,1,0,Premium (High Spending)
Brandon Madden,481.4,2,191.01,240.7,1,3,Potensial (Average Spending)
Brandon Mason,484.35,1,73.15,484.35,1,2,Kasual (Low Spending)
Brandon Mcdonald,356.9,2,62.03999999999999,178.45,2,3,Potensial (Average Spending)
Brandon Meyer,773.04,1,95.02,773.04,1,2,Kasual (Low Spending)
Brandon Miller,742.03,5,232.14,174.66500000000002,2,0,Premium (High Spending)
Brandon Montgomery,1979.72,4,358.16,494.93,1,0,Premium (High Spending)
Brandon Nguyen,656.46,1,224.81,656.46,1,2,Kasual (Low Spending)
Brandon Oneill,853.6,4,224.83,213.4,1,0,Premium (High Spending)
Brandon Owen,200.85,1,95.47,200.85,1,2,Kasual (Low Spending)
Brandon Palmer,616.18,2,135.61,308.09,1,3,Potensial (Average Spending)
Brandon Parker,223.32,2,99.42,111.66,1,3,Potensial (Average Spending)
Brandon Patton,374.01,3,122.84,124.67,1,3,Potensial (Average Spending)
Brandon Perkins,213.68,1,98.9,213.68,1,2,Kasual (Low Spending)
Brandon Potts,378.24,2,98.58,189.12,1,3,Potensial (Average Spending)
Brandon Reyes,826.9,1,80.21,826.9,1,2,Kasual (Low Spending)
Brandon Rivera,213.71,1,42.76,213.71,1,2,Kasual (Low Spending)
Brandon Ryan,533.72,3,170.75,185.23,2,3,Potensial (Average Spending)
Brandon Sanchez,98.79,3,43.44,32.93,1,3,Potensial (Average Spending)
Brandon Scott,216.15,1,73.07,216.15,1,2,Kasual (Low Spending)
Brandon Smith,340.3,1,137.65,340.3,1,2,Kasual (Low Spending)
Brandon Spence,665.8,1,171.01,665.8,1,2,Kasual (Low Spending)
Brandon Sullivan,522.76,2,111.62,261.38,1,3,Potensial (Average Spending)
Brandon Taylor,313.14,3,62.59,104.38,1,3,Potensial (Average Spending)
Brandon Ward,649.05,1,93.79,649.05,1,2,Kasual (Low Spending)
Brandon Watson,1118.71,1,145.93,1118.71,1,2,Kasual (Low Spending)
Brandon Werner,193.17,1,44.21,193.17,1,2,Kasual (Low Spending)
Brandon West,1230.56,2,257.32,615.28,1,3,Potensial (Average Spending)
Brandon Wilkinson,980.76,3,335.0,326.92,1,0,Premium (High Spending)
Brandon Williams,166.6,1,41.19,166.6,1,2,Kasual (Low Spending)
Brandon Wise,274.83,1,63.4,274.83,1,2,Kasual (Low Spending)
Brandy Anderson,840.0,4,354.74,210.0,1,0,Premium (High Spending)
Brandy Ball,472.5,2,163.22,236.25,1,3,Potensial (Average Spending)
Brandy Evans,875.5,2,288.63,437.75,1,3,Potensial (Average Spending)
Brandy Gay,1172.56,2,353.55,586.28,1,0,Premium (High Spending)
Brandy Gray,1208.62,2,217.46,604.31,1,3,Potensial (Average Spending)
Brandy Johnston,998.97,3,114.33,332.99,1,3,Potensial (Average Spending)
Brandy Larson,2090.61,3,673.52,696.87,1,0,Premium (High Spending)
Brandy Lopez,1685.92,4,328.79,421.48,1,0,Premium (High Spending)
Brandy Mitchell,224.6,1,81.89,224.6,1,2,Kasual (Low Spending)
Brandy Nixon,231.32,1,81.22,231.32,1,2,Kasual (Low Spending)
Brandy Sanders,817.09,1,102.16,817.09,1,2,Kasual (Low Spending)
Brandy Stewart,925.01,1,112.44,925.01,1,2,Kasual (Low Spending)
Brandy Taylor,933.35,1,322.09,933.35,1,2,Kasual (Low Spending)
Brandy Weaver,3180.08,4,266.67,795.02,1,0,Premium (High Spending)
Breanna Oneill,777.88,2,97.22,388.94,1,3,Potensial (Average Spending)
Breanna Price,949.92,1,132.97,949.92,1,2,Kasual (Low Spending)
Brenda Adkins,2438.13,3,462.72,812.71,1,0,Premium (High Spending)
Brenda Bauer,382.56,3,126.24,127.52,1,3,Potensial (Average Spending)
Brenda Bennett,2026.71,3,641.3,675.57,1,0,Premium (High Spending)
Brenda Clark,351.44000000000005,2,59.519999999999996,175.72000000000003,2,3,Potensial (Average Spending)
Brenda Fernandez,208.01,1,48.39,208.01,1,2,Kasual (Low Spending)
Brenda Frost MD,91.47,1,28.21,91.47,1,2,Kasual (Low Spending)
Brenda Garcia,399.96,4,150.12,99.99,1,3,Potensial (Average Spending)
Brenda Haas,829.17,1,244.42,829.17,1,2,Kasual (Low Spending)
Brenda Howard,467.01,1,43.22,467.01,1,2,Kasual (Low Spending)
Brenda Jenkins,778.94,1,69.76,778.94,1,2,Kasual (Low Spending)
Brenda Jones,227.6,1,86.89,227.6,1,2,Kasual (Low Spending)
Brenda Kaiser,402.96,4,127.93,100.74,1,3,Potensial (Average Spending)
Brenda Kline,482.71,1,179.04,482.71,1,2,Kasual (Low Spending)
Brenda Love,744.53,1,135.9,744.53,1,2,Kasual (Low Spending)
Brenda Lowe,134.14,1,53.09,134.14,1,2,Kasual (Low Spending)
Brenda Morton,1893.06,3,262.65,631.02,1,0,Premium (High Spending)
Brenda Myers,1443.3,2,277.7,721.65,1,3,Potensial (Average Spending)
Brenda Nelson,1628.65,3,378.24,480.65500000000003,2,0,Premium (High Spending)
Brenda Peterson,688.54,2,273.58,344.27,1,3,Potensial (Average Spending)
Brenda Porter,937.38,2,234.76,468.69,1,3,Potensial (Average Spending)
Brenda Roach DVM,62.02,1,26.38,62.02,1,2,Kasual (Low Spending)
Brenda Ruiz,767.37,3,125.45,255.79,1,3,Potensial (Average Spending)
Brenda Salinas,211.21,1,68.18,211.21,1,2,Kasual (Low Spending)
Brenda Silva,409.83,1,38.03,409.83,1,2,Kasual (Low Spending)
Brenda Smith,526.49,1,87.97,526.49,1,2,Kasual (Low Spending)
Brenda Stewart,316.6,2,82.79,158.3,1,3,Potensial (Average Spending)
Brenda Sullivan,2130.18,3,379.46,710.06,1,0,Premium (High Spending)
Brenda Taylor,561.44,2,105.83,280.72,1,3,Potensial (Average Spending)
Brenda Turner,1276.06,2,340.61,638.03,1,0,Premium (High Spending)
Brenda Walker,287.56,2,87.63,143.78,1,3,Potensial (Average Spending)
Brenda Warren,189.86,1,85.52,189.86,1,2,Kasual (Low Spending)
Brenda Williams,639.21,4,79.33,271.435,2,3,Potensial (Average Spending)
Brenda Young,706.18,1,62.51,706.18,1,2,Kasual (Low Spending)
Brendan Christian,2831.19,3,794.54,943.73,1,1,VIP (Top Buyers & High Quantity)
Brendan Donaldson,169.45,1,30.66,169.45,1,2,Kasual (Low Spending)
Brendan Fowler,746.57,1,73.38,746.57,1,2,Kasual (Low Spending)
Brendan Gilbert,127.54,1,51.88,127.54,1,2,Kasual (Low Spending)
Brendan Logan,304.31,1,41.17,304.31,1,2,Kasual (Low Spending)
Brendan Reyes,123.27,3,25.96,41.09,1,3,Potensial (Average Spending)
Brendan West,877.98,2,367.76,438.99,1,3,Potensial (Average Spending)
Brendan Wood,710.76,1,168.71,710.76,1,2,Kasual (Low Spending)
Brent Boyer,1847.0,4,256.07,461.75,1,0,Premium (High Spending)
Brent Caldwell,2359.68,3,423.7,786.56,1,0,Premium (High Spending)
Brent Fisher,781.46,1,251.59,781.46,1,2,Kasual (Low Spending)
Brent Garcia,1242.7,2,196.37,621.35,1,3,Potensial (Average Spending)
Brent Gibson,57.78,1,13.49,57.78,1,2,Kasual (Low Spending)
Brent Gomez,107.92,1,26.88,107.92,1,2,Kasual (Low Spending)
Brent Kirby,1434.12,2,246.97,717.06,1,3,Potensial (Average Spending)
Brent Roy,741.26,2,253.73,370.63,1,3,Potensial (Average Spending)
Brent Scott,122.58,1,15.18,122.58,1,2,Kasual (Low Spending)
Brett Blake,6064.68,6,524.06,1010.78,1,1,VIP (Top Buyers & High Quantity)
Brett Brown,1937.48,2,346.52,968.74,1,0,Premium (High Spending)
Brett Espinoza,106.74,1,22.04,106.74,1,2,Kasual (Low Spending)
Brett Higgins,772.16,4,167.1,193.04,1,3,Potensial (Average Spending)
Brett Johnson,525.12,1,66.53,525.12,1,2,Kasual (Low Spending)
Brett Mathis,140.51,1,21.94,140.51,1,2,Kasual (Low Spending)
Brett Schwartz,771.15,1,130.17,771.15,1,2,Kasual (Low Spending)
Brett Smith,85.79,1,31.66,85.79,1,2,Kasual (Low Spending)
Brett Vazquez,805.32,2,85.95,402.66,1,3,Potensial (Average Spending)
Brian Anderson,2036.88,2,226.53,1018.44,1,0,Premium (High Spending)
Brian Arias,527.81,1,124.26,527.81,1,2,Kasual (Low Spending)
Brian Baker,206.91,1,30.95,206.91,1,2,Kasual (Low Spending)
Brian Barber,103.45,1,22.82,103.45,1,2,Kasual (Low Spending)
Brian Beck,99.0,3,41.72,33.0,1,3,Potensial (Average Spending)
Brian Benitez,683.66,1,171.78,683.66,1,2,Kasual (Low Spending)
Brian Bennett,376.88,2,98.38,188.44,1,3,Potensial (Average Spending)
Brian Brown,1367.32,2,252.26,683.66,1,3,Potensial (Average Spending)
Brian Bryan,792.2099999999999,2,91.22999999999999,396.10499999999996,2,3,Potensial (Average Spending)
Brian Buckley,439.16,1,147.03,439.16,1,2,Kasual (Low Spending)
Brian Carter,119.6,1,38.28,119.6,1,2,Kasual (Low Spending)
Brian Chase,594.41,1,131.93,594.41,1,2,Kasual (Low Spending)
Brian Cole,636.1,3,201.89999999999998,245.775,2,3,Potensial (Average Spending)
Brian Conley,553.75,1,111.21,553.75,1,2,Kasual (Low Spending)
Brian Cortez,550.44,4,244.34,137.61,1,0,Premium (High Spending)
Brian Daniels,197.47,1,53.3,197.47,1,2,Kasual (Low Spending)
Brian Davis,463.82,1,85.4,463.82,1,2,Kasual (Low Spending)
Brian Dawson,548.4,3,172.7,182.8,1,3,Potensial (Average Spending)
Brian Dean,247.7,1,97.14,247.7,1,2,Kasual (Low Spending)
Brian Diaz,1821.0,4,611.6,455.25,1,0,Premium (High Spending)
Brian Dillon,303.5,2,56.35,151.75,1,3,Potensial (Average Spending)
Brian Ellis,1256.08,3,237.94,393.845,2,0,Premium (High Spending)
Brian Fischer,601.86,2,126.47,300.93,1,3,Potensial (Average Spending)
Brian Flynn,455.9,1,68.73,455.9,1,2,Kasual (Low Spending)
Brian Francis,1330.04,2,231.53,665.02,1,3,Potensial (Average Spending)
Brian Frost,1714.94,2,333.34,857.47,1,0,Premium (High Spending)
Brian Garcia,76.57,1,18.18,76.57,1,2,Kasual (Low Spending)
Brian Gilbert,183.59,1,18.94,183.59,1,2,Kasual (Low Spending)
Brian Glover,677.88,2,290.06,338.94,1,3,Potensial (Average Spending)
Brian Goodwin,1251.44,2,309.83,625.72,2,3,Potensial (Average Spending)
Brian Greer,954.38,2,399.72,477.19,1,0,Premium (High Spending)
Brian Gutierrez,1120.92,4,428.35,280.23,1,0,Premium (High Spending)
Brian Guzman,671.84,2,59.73,335.92,1,3,Potensial (Average Spending)
Brian Hale Jr.,543.8,2,174.16,271.9,1,3,Potensial (Average Spending)
Brian Hanson MD,1717.74,2,328.11,858.87,1,0,Premium (High Spending)
Brian Harris,220.17,3,52.1,73.39,1,3,Potensial (Average Spending)
Brian Hawkins,1127.19,1,235.14,1127.19,1,2,Kasual (Low Spending)
Brian Hernandez,1135.66,5,250.76,273.18,3,0,Premium (High Spending)
Brian Hill,2218.76,2,363.94,1109.38,1,0,Premium (High Spending)
Brian Holmes,95.95,1,20.89,95.95,1,2,Kasual (Low Spending)
Brian Holt,641.22,3,280.68,213.74,1,3,Potensial (Average Spending)
Brian Horn,84.33,1,35.08,84.33,1,2,Kasual (Low Spending)
Brian Houston,1549.18,2,510.53,774.59,1,0,Premium (High Spending)
Brian Hudson,829.84,2,238.68,414.92,1,3,Potensial (Average Spending)
Brian Hughes,137.24,1,54.01,137.24,1,2,Kasual (Low Spending)
Brian Hunt,273.8,1,39.99,273.8,1,2,Kasual (Low Spending)
Brian Hurley,491.6,1,160.47,491.6,1,2,Kasual (Low Spending)
Brian Hurst,4287.55,5,706.18,857.51,1,1,VIP (Top Buyers & High Quantity)
Brian Jackson,976.9399999999999,4,234.96,230.7833333333333,3,0,Premium (High Spending)
Brian Jefferson,1880.35,5,747.46,376.07,1,1,VIP (Top Buyers & High Quantity)
Brian Johnson,180.82,1,54.76,180.82,1,2,Kasual (Low Spending)
Brian Jones,349.13,1,125.18,349.13,1,2,Kasual (Low Spending)
Brian Joseph,515.01,3,109.52,171.67,1,3,Potensial (Average Spending)
Brian Keller,1215.78,3,371.42,405.26,1,0,Premium (High Spending)
Brian Kim,735.3,3,167.5,245.1,1,3,Potensial (Average Spending)
Brian Klein,470.29,1,105.85,470.29,1,2,Kasual (Low Spending)
Brian Lam,507.55,2,143.12,253.775,2,3,Potensial (Average Spending)
Brian Leblanc,507.1,2,66.12,253.55,1,3,Potensial (Average Spending)
Brian Long,2686.84,4,512.01,671.71,1,0,Premium (High Spending)
Brian Lucero,1890.87,3,197.03,630.29,1,0,Premium (High Spending)
Brian Lyons,199.64,1,46.5,199.64,1,2,Kasual (Low Spending)
Brian Manning,53.03,1,25.58,53.03,1,2,Kasual (Low Spending)
Brian Marks,198.39,1,62.83,198.39,1,2,Kasual (Low Spending)
Brian May,86.56,1,29.8,86.56,1,2,Kasual (Low Spending)
Brian Mccall,699.45,3,310.71,233.15,1,0,Premium (High Spending)
Brian Mcgee,584.1,1,70.75,584.1,1,2,Kasual (Low Spending)
Brian Miller,5046.06,8,917.26,570.6675,4,1,VIP (Top Buyers & High Quantity)
Brian Mills,421.08,2,57.02,210.54,1,3,Potensial (Average Spending)
Brian Munoz,239.7,2,99.5,119.85,1,3,Potensial (Average Spending)
Brian Nelson,444.0,2,198.15,222.0,1,3,Potensial (Average Spending)
Brian Newton,157.08,2,60.96,78.54,1,3,Potensial (Average Spending)
Brian Norman,579.46,2,112.75,289.73,1,3,Potensial (Average Spending)
Brian Norris,1081.8,3,252.05,360.6,1,0,Premium (High Spending)
Brian Ortega,170.16,1,63.37,170.16,1,2,Kasual (Low Spending)
Brian Ortiz,741.09,1,131.7,741.09,1,2,Kasual (Low Spending)
Brian Patrick,1068.64,2,334.95,534.32,1,3,Potensial (Average Spending)
Brian Perry,1138.86,3,387.38,379.62,1,0,Premium (High Spending)
Brian Peters,844.71,1,139.65,844.71,1,2,Kasual (Low Spending)
Brian Pruitt,326.36,2,72.94,163.18,1,3,Potensial (Average Spending)
Brian Reyes,4548.76,6,410.77,525.1800000000001,2,1,VIP (Top Buyers & High Quantity)
Brian Richardson,426.24,2,147.02,213.12,2,3,Potensial (Average Spending)
Brian Rios,170.77,1,83.76,170.77,1,2,Kasual (Low Spending)
Brian Rivera,225.92,1,78.36,225.92,1,2,Kasual (Low Spending)
Brian Roach,94.18,1,34.62,94.18,1,2,Kasual (Low Spending)
Brian Roberson,455.15,1,201.54,455.15,1,2,Kasual (Low Spending)
Brian Roberts,172.83,1,19.13,172.83,1,2,Kasual (Low Spending)
Brian Robinson,335.81,1,146.75,335.81,1,2,Kasual (Low Spending)
Brian Rodriguez,488.28,1,81.03,488.28,1,2,Kasual (Low Spending)
Brian Salazar,398.9,1,99.08,398.9,1,2,Kasual (Low Spending)
Brian Salinas,790.68,3,257.35,263.56,1,3,Potensial (Average Spending)
Brian Simpson,1285.78,2,339.21,642.89,1,0,Premium (High Spending)
Brian Smith,338.04,1,104.04,338.04,1,2,Kasual (Low Spending)
Brian Stark,796.97,1,117.62,796.97,1,2,Kasual (Low Spending)
Brian Stewart,988.88,1,148.59,988.88,1,2,Kasual (Low Spending)
Brian Taylor,629.97,3,166.25,207.855,2,3,Potensial (Average Spending)
Brian Thomas,347.83,4,61.989999999999995,91.41499999999999,2,3,Potensial (Average Spending)
Brian Thompson,385.72,1,76.58,385.72,1,2,Kasual (Low Spending)
Brian Turner,138.48,1,24.61,138.48,1,2,Kasual (Low Spending)
Brian Vaughn,63.39,1,21.55,63.39,1,2,Kasual (Low Spending)
Brian Wagner,927.69,3,226.89,309.23,1,3,Potensial (Average Spending)
Brian Walker,216.1,2,39.32,108.05,1,3,Potensial (Average Spending)
Brian Wallace,498.99,1,59.15,498.99,1,2,Kasual (Low Spending)
Brian Weber,33.07,1,8.09,33.07,1,2,Kasual (Low Spending)
Brian Wells,1560.86,2,166.99,780.43,1,3,Potensial (Average Spending)
Brian White,740.54,3,327.1,226.64,2,0,Premium (High Spending)
Brian Wiley,146.91,1,50.65,146.91,1,2,Kasual (Low Spending)
Brian Williams,842.5699999999999,4,241.66,211.445,2,0,Premium (High Spending)
Brian Williamson,2393.8,4,311.01,598.45,1,0,Premium (High Spending)
Brian Wong,133.4,2,35.03,66.7,1,3,Potensial (Average Spending)
Brian Woods,107.62,2,39.63,53.81,1,3,Potensial (Average Spending)
Briana Cole,168.67,1,65.96,168.67,1,2,Kasual (Low Spending)
Briana Davis,1732.66,2,399.06,866.33,1,0,Premium (High Spending)
Briana Fisher,63.06,1,24.3,63.06,1,2,Kasual (Low Spending)
Briana Medina,132.34,1,54.02,132.34,1,2,Kasual (Low Spending)
Briana Mendoza,2189.16,2,297.11,1094.58,1,0,Premium (High Spending)
Briana Miller,774.48,1,76.72,774.48,1,2,Kasual (Low Spending)
Briana Sexton,1752.5,2,511.87,876.25,1,0,Premium (High Spending)
Brianna Bailey,422.67,1,83.46,422.67,1,2,Kasual (Low Spending)
Brianna Evans MD,384.06,1,75.21,384.06,1,2,Kasual (Low Spending)
Brianna Ford,358.78,2,75.1,179.39,1,3,Potensial (Average Spending)
Brianna Gilmore,2057.04,6,442.73,342.84,1,1,VIP (Top Buyers & High Quantity)
Brianna Hamilton,242.98,2,65.79,121.49,1,3,Potensial (Average Spending)
Brianna Harvey,231.11,1,72.54,231.11,1,2,Kasual (Low Spending)
Brianna Hernandez,639.63,3,272.72,213.21,1,3,Potensial (Average Spending)
Brianna Holder,2480.61,3,442.39,826.87,1,0,Premium (High Spending)
Brianna Jones,263.76,2,47.59,131.88,2,3,Potensial (Average Spending)
Brianna Knight,287.9,2,62.09,143.95,1,3,Potensial (Average Spending)
Brianna Lee,2076.99,3,181.51,692.33,1,0,Premium (High Spending)
Brianna Martinez,3123.04,4,505.78,780.76,1,1,VIP (Top Buyers & High Quantity)
Brianna Medina,597.44,1,96.74,597.44,1,2,Kasual (Low Spending)
Brianna Melton,1641.99,3,234.32,547.33,1,0,Premium (High Spending)
Brianna Moon,600.88,1,78.34,600.88,1,2,Kasual (Low Spending)
Brianna Munoz,176.54,1,15.87,176.54,1,2,Kasual (Low Spending)
Brianna Phillips,3271.92,3,532.22,1090.64,1,0,Premium (High Spending)
Brianna Romero,62.32,1,29.64,62.32,1,2,Kasual (Low Spending)
Brianna Stevens,274.04,1,83.28,274.04,1,2,Kasual (Low Spending)
Brianna Vance,1623.82,2,138.2,811.91,1,3,Potensial (Average Spending)
Brianna Villanueva,972.98,1,194.23,972.98,1,2,Kasual (Low Spending)
Brianna Wagner,590.56,1,115.17,590.56,1,2,Kasual (Low Spending)
Brianna Watson,1335.34,2,193.19,667.67,1,3,Potensial (Average Spending)
Bridget Gray,219.12,3,84.62,73.04,1,3,Potensial (Average Spending)
Bridget Moore,644.09,1,111.66,644.09,1,2,Kasual (Low Spending)
Bridget Ritter,101.48,2,29.24,50.74,1,3,Potensial (Average Spending)
Bridget Wallace,139.2,2,47.33,69.6,1,3,Potensial (Average Spending)
Brittany Allen,224.1,1,95.89,224.1,1,2,Kasual (Low Spending)
Brittany Anderson,437.01,2,156.84,218.505,2,3,Potensial (Average Spending)
Brittany Barajas,50.66,1,18.41,50.66,1,2,Kasual (Low Spending)
Brittany Booker,851.68,1,139.44,851.68,1,2,Kasual (Low Spending)
Brittany Boone,265.76,4,60.6,66.44,1,3,Potensial (Average Spending)
Brittany Boyle,536.1,3,227.46,178.7,1,3,Potensial (Average Spending)
Brittany Brown,2891.67,4,394.66999999999996,616.905,2,0,Premium (High Spending)
Brittany Carter,627.19,4,152.31,132.35666666666665,3,3,Potensial (Average Spending)
Brittany Charles,67.28,1,29.38,67.28,1,2,Kasual (Low Spending)
Brittany Clark,180.42,2,66.25,90.21,1,3,Potensial (Average Spending)
Brittany Clay,223.01,1,92.47,223.01,1,2,Kasual (Low Spending)
Brittany Coleman,327.06,1,85.62,327.06,1,2,Kasual (Low Spending)
Brittany Colon,844.67,1,106.63,844.67,1,2,Kasual (Low Spending)
Brittany Cook,393.28,4,123.26,98.32,1,3,Potensial (Average Spending)
Brittany Cox,749.3,2,287.41,374.65,2,3,Potensial (Average Spending)
Brittany Cummings,113.17,1,27.34,113.17,1,2,Kasual (Low Spending)
Brittany Curtis,113.76,1,39.87,113.76,1,2,Kasual (Low Spending)
Brittany Figueroa,845.9,2,300.22,422.95,1,3,Potensial (Average Spending)
Brittany Garcia,567.34,2,141.44,283.67,1,3,Potensial (Average Spending)
Brittany Gomez,743.72,2,299.13,371.86,1,3,Potensial (Average Spending)
Brittany Gordon,433.62,2,106.93,216.81,1,3,Potensial (Average Spending)
Brittany Green,833.24,2,223.04,416.62,1,3,Potensial (Average Spending)
Brittany Hall,617.79,3,122.54,205.93,1,3,Potensial (Average Spending)
Brittany Jenkins,738.9,1,225.22,738.9,1,2,Kasual (Low Spending)
Brittany Jensen,617.99,1,52.47,617.99,1,2,Kasual (Low Spending)
Brittany Johnson,2402.73,7,414.76,470.0725,4,1,VIP (Top Buyers & High Quantity)
Brittany Kelly,313.11,1,75.05,313.11,1,2,Kasual (Low Spending)
Brittany King MD,1676.4,2,408.84,838.2,1,0,Premium (High Spending)
Brittany Lopez,449.86,2,141.6,224.93,1,3,Potensial (Average Spending)
Brittany Martin,1239.9,2,386.0,619.95,1,0,Premium (High Spending)
Brittany Mcdowell,853.18,1,122.64,853.18,1,2,Kasual (Low Spending)
Brittany Mendez,1950.64,2,301.7,975.32,1,0,Premium (High Spending)
Brittany Mills,201.25,1,85.85,201.25,1,2,Kasual (Low Spending)
Brittany Mitchell,309.86,1,101.79,309.86,1,2,Kasual (Low Spending)
Brittany Mooney,460.2,3,120.72,153.4,1,3,Potensial (Average Spending)
Brittany Murray,301.3,2,43.36,150.65,1,3,Potensial (Average Spending)
Brittany Myers,778.78,1,85.01,778.78,1,2,Kasual (Low Spending)
Brittany Nichols,2878.92,4,420.62,719.73,1,0,Premium (High Spending)
Brittany Olson,1780.68,4,297.34,445.17,1,0,Premium (High Spending)
Brittany Ortiz,2119.2,3,222.14,706.4,1,0,Premium (High Spending)
Brittany Park,230.29,1,21.02,230.29,1,2,Kasual (Low Spending)
Brittany Patel,1576.18,2,264.4,788.09,1,3,Potensial (Average Spending)
Brittany Patton,335.76,3,151.29,111.92,1,3,Potensial (Average Spending)
Brittany Reyes,952.84,4,221.94,238.21,1,0,Premium (High Spending)
Brittany Roach,150.38,1,37.61,150.38,1,2,Kasual (Low Spending)
Brittany Robinson,533.13,1,65.23,533.13,1,2,Kasual (Low Spending)
Brittany Smith,1648.2,4,636.63,412.05,1,0,Premium (High Spending)
Brittany Spencer,2872.26,3,458.86,957.42,1,0,Premium (High Spending)
Brittany Sweeney MD,814.28,1,247.07,814.28,1,2,Kasual (Low Spending)
Brittany Taylor,2297.4,3,445.28999999999996,623.94,2,0,Premium (High Spending)
Brittany Villa,687.95,1,88.2,687.95,1,2,Kasual (Low Spending)
Brittany Watkins,1381.96,2,309.9,690.98,1,0,Premium (High Spending)
Brittany Watts,963.54,3,291.27,321.18,1,0,Premium (High Spending)
Brittany Whitehead MD,536.66,2,136.17,268.33,1,3,Potensial (Average Spending)
Brittany Williams,3885.1099999999997,7,718.5600000000001,521.285,2,1,VIP (Top Buyers & High Quantity)
Brittany Wright,527.98,2,49.94,263.99,2,3,Potensial (Average Spending)
Brittany Young,155.09,1,16.42,155.09,1,2,Kasual (Low Spending)
Brittney Bishop,326.68,1,63.23,326.68,1,2,Kasual (Low Spending)
Brittney Burton,379.18,1,95.35,379.18,1,2,Kasual (Low Spending)
Brittney Casey,1334.76,3,390.33,444.92,1,0,Premium (High Spending)
Brittney Chapman,237.46,2,92.14,118.73,1,3,Potensial (Average Spending)
Brittney Deleon,79.03,1,16.88,79.03,1,2,Kasual (Low Spending)
Brittney Donovan,937.35,3,133.36,312.45,1,3,Potensial (Average Spending)
Brittney Dunlap,381.57,1,162.81,381.57,1,2,Kasual (Low Spending)
Brittney Grant,426.06,3,151.22,142.02,1,3,Potensial (Average Spending)
Brittney Gutierrez,205.06,1,84.59,205.06,1,2,Kasual (Low Spending)
Brittney Jones,1198.46,2,166.78,599.23,1,3,Potensial (Average Spending)
Brittney Lee,785.88,4,186.34,196.47,1,0,Premium (High Spending)
Brittney Munoz,67.56,2,25.24,33.78,1,3,Potensial (Average Spending)
Brittney Noble,1735.6,2,206.45,867.8,1,3,Potensial (Average Spending)
Brittney Ramirez,819.75,3,211.36,273.25,1,3,Potensial (Average Spending)
Brittney Richards,592.64,4,162.39,148.16,1,3,Potensial (Average Spending)
Brittney Smith,155.89,1,35.22,155.89,1,2,Kasual (Low Spending)
Brittney Snyder,839.06,1,143.73,839.06,1,2,Kasual (Low Spending)
Brittney Stephens,933.12,1,166.27,933.12,1,2,Kasual (Low Spending)
Brittney Zavala,166.62,3,49.69,55.54,1,3,Potensial (Average Spending)
Brooke Edwards,2116.82,6,686.26,310.46000000000004,2,1,VIP (Top Buyers & High Quantity)
Brooke Green,1898.64,4,603.05,474.66,1,0,Premium (High Spending)
Brooke Griffith,382.38,2,54.22,191.19,1,3,Potensial (Average Spending)
Brooke Knox,1511.36,4,137.1,377.84,1,0,Premium (High Spending)
Brooke Miller,1358.24,4,455.75,299.96999999999997,2,0,Premium (High Spending)
Brooke Moreno,291.63,1,108.86,291.63,1,2,Kasual (Low Spending)
Brooke Romero,1185.08,5,264.65,212.73499999999999,2,0,Premium (High Spending)
Brooke Smith,1336.12,2,168.79,668.06,1,3,Potensial (Average Spending)
Bruce Brewer,1670.02,2,564.04,835.01,1,0,Premium (High Spending)
Bruce Burke,240.85,1,59.22,240.85,1,2,Kasual (Low Spending)
Bruce Graham,308.2,2,70.97,154.1,1,3,Potensial (Average Spending)
Bruce Ortiz,296.48,4,77.94,74.12,1,3,Potensial (Average Spending)
Bruce Taylor,874.82,2,223.4,437.41,1,3,Potensial (Average Spending)
Bryan Booth,61.36,1,18.89,61.36,1,2,Kasual (Low Spending)
Bryan Campbell,624.12,4,256.33,156.03,1,0,Premium (High Spending)
Bryan Chase,1319.28,3,434.72,439.76,1,0,Premium (High Spending)
Bryan Cordova,164.76,1,71.18,164.76,1,2,Kasual (Low Spending)
Bryan Davenport,118.29,1,22.24,118.29,1,2,Kasual (Low Spending)
Bryan Ford,628.3,1,108.81,628.3,1,2,Kasual (Low Spending)
Bryan Harper,814.12,2,161.12,407.06,1,3,Potensial (Average Spending)
Bryan Hill,2435.88,4,600.17,608.97,1,0,Premium (High Spending)
Bryan Holmes,970.62,3,218.14,323.54,1,3,Potensial (Average Spending)
Bryan Jenkins,249.53,1,109.36,249.53,1,2,Kasual (Low Spending)
Bryan Johnson,423.79,1,121.78,423.79,1,2,Kasual (Low Spending)
Bryan Lam,495.22,2,170.2,247.61,1,3,Potensial (Average Spending)
Bryan Larson,358.75,1,30.71,358.75,1,2,Kasual (Low Spending)
Bryan Leach,480.38,1,70.43,480.38,1,2,Kasual (Low Spending)
Bryan Lee,260.9,2,72.92,130.45,1,3,Potensial (Average Spending)
Bryan Leon,196.71,1,36.09,196.71,1,2,Kasual (Low Spending)
Bryan Lewis,1431.02,2,272.11,715.51,1,3,Potensial (Average Spending)
Bryan Matthews,84.22,1,20.45,84.22,1,2,Kasual (Low Spending)
Bryan Moore,373.54,1,165.94,373.54,1,2,Kasual (Low Spending)
Bryan Phillips,1239.57,1,151.91,1239.57,1,2,Kasual (Low Spending)
Bryan Randall,853.71,1,165.89,853.71,1,2,Kasual (Low Spending)
Bryan Reed,189.11,1,42.21,189.11,1,2,Kasual (Low Spending)
Bryan Reyes,1456.59,3,216.48,485.53,1,0,Premium (High Spending)
Bryan Rogers,629.74,1,107.84,629.74,1,2,Kasual (Low Spending)
Bryan Sampson,975.38,2,98.36,487.69,1,3,Potensial (Average Spending)
Bryan Sellers,1369.12,4,363.99,342.28,1,0,Premium (High Spending)
Bryan Smith,123.47,1,53.76,123.47,1,2,Kasual (Low Spending)
Bryan Taylor,436.29,1,118.41,436.29,1,2,Kasual (Low Spending)
Bryan Townsend,70.53,1,17.35,70.53,1,2,Kasual (Low Spending)
Bryan Valdez,1203.21,3,432.75,401.07,1,0,Premium (High Spending)
Bryan Walsh,387.4,1,127.2,387.4,1,2,Kasual (Low Spending)
Bryan Ward,2205.32,4,649.22,551.33,1,1,VIP (Top Buyers & High Quantity)
Bryan White,103.3,1,24.32,103.3,1,2,Kasual (Low Spending)
Bryan Wright,325.34,2,111.46,162.67,1,3,Potensial (Average Spending)
Bryan Young,770.79,3,149.85,256.93,1,3,Potensial (Average Spending)
Bryan Zhang,54.37,1,23.57,54.37,1,2,Kasual (Low Spending)
Bryce Allen,217.76,1,60.85,217.76,1,2,Kasual (Low Spending)
Bryce Chambers,223.7,1,84.21,223.7,1,2,Kasual (Low Spending)
Caitlin Allen,1009.03,1,183.92,1009.03,1,2,Kasual (Low Spending)
Caitlin Calderon,73.79,1,16.22,73.79,1,2,Kasual (Low Spending)
Caitlin Davis,308.68,1,28.48,308.68,1,2,Kasual (Low Spending)
Caitlin Dean,342.36,3,62.86,114.12,1,3,Potensial (Average Spending)
Caitlin Edwards,1312.5,3,350.95,437.5,1,0,Premium (High Spending)
Caitlin Frederick,2794.72,4,437.84,698.68,1,0,Premium (High Spending)
Caitlin Glenn,142.92,1,42.33,142.92,1,2,Kasual (Low Spending)
Caitlin Guzman,1326.81,3,348.21,442.27,1,0,Premium (High Spending)
Caitlin Hatfield,167.21,1,51.05,167.21,1,2,Kasual (Low Spending)
Caitlin Hicks,619.16,2,265.46,309.58,1,3,Potensial (Average Spending)
Caitlin Lee,343.35,1,111.59,343.35,1,2,Kasual (Low Spending)
Caitlin Patterson,551.23,1,147.5,551.23,1,2,Kasual (Low Spending)
Caitlin Ray,1213.89,3,325.31,404.63,1,0,Premium (High Spending)
Caitlin Rhodes,1991.37,3,280.86,663.79,1,0,Premium (High Spending)
Caitlin Rush,326.29,1,137.45,326.29,1,2,Kasual (Low Spending)
Caitlin Simpson,69.43,1,16.4,69.43,1,2,Kasual (Low Spending)
Caitlin Thompson,272.6,2,80.21,136.3,1,3,Potensial (Average Spending)
Caitlin Torres,761.32,1,71.88,761.32,1,2,Kasual (Low Spending)
Caitlin Williams,353.5,1,137.39,353.5,1,2,Kasual (Low Spending)
Caleb Barrett,1585.96,2,257.1,792.98,1,3,Potensial (Average Spending)
Caleb Bennett,312.13,1,86.1,312.13,1,2,Kasual (Low Spending)
Caleb Davis,51.19,1,18.34,51.19,1,2,Kasual (Low Spending)
Caleb Edwards,330.07,1,133.85,330.07,1,2,Kasual (Low Spending)
Caleb James,1315.08,3,307.93,438.36,1,0,Premium (High Spending)
Caleb Lopez,476.28,3,214.02,158.76,1,3,Potensial (Average Spending)
Caleb Martin,36.64,1,11.37,36.64,1,2,Kasual (Low Spending)
Caleb Peterson,1013.67,3,264.03,337.89,1,0,Premium (High Spending)
Caleb Warner,645.4,4,204.69,161.35,1,3,Potensial (Average Spending)
Caleb Wyatt,278.01,3,117.15,92.67,1,3,Potensial (Average Spending)
Caleb Young,880.24,2,74.27,440.12,1,3,Potensial (Average Spending)
Calvin Acevedo,448.68,1,86.21,448.68,1,2,Kasual (Low Spending)
Calvin Andrews,708.09,1,79.28,708.09,1,2,Kasual (Low Spending)
Calvin Benson,1183.71,3,491.69,394.57,1,0,Premium (High Spending)
Calvin Clark,1760.73,3,328.45,586.91,1,0,Premium (High Spending)
Calvin Collier,270.17,1,117.8,270.17,1,2,Kasual (Low Spending)
Calvin Colon,4685.59,7,658.69,669.37,1,1,VIP (Top Buyers & High Quantity)
Calvin Crosby,380.6,2,111.53,190.3,1,3,Potensial (Average Spending)
Calvin Dennis,1918.14,2,187.49,959.07,1,3,Potensial (Average Spending)
Calvin Hernandez,716.42,1,104.08,716.42,1,2,Kasual (Low Spending)
Calvin Liu,97.06,1,21.4,97.06,1,2,Kasual (Low Spending)
Calvin Smith,91.24,1,39.99,91.24,1,2,Kasual (Low Spending)
Calvin Young,641.24,1,123.18,641.24,1,2,Kasual (Low Spending)
Cameron Bennett,393.06,2,175.42,196.53,1,3,Potensial (Average Spending)
Cameron Bryant,79.7,1,29.96,79.7,1,2,Kasual (Low Spending)
Cameron Cameron,1134.44,2,142.02,567.22,1,3,Potensial (Average Spending)
Cameron Davidson,1262.97,3,213.57,420.99,1,0,Premium (High Spending)
Cameron Espinoza,180.67,1,73.55,180.67,1,2,Kasual (Low Spending)
Cameron Grimes,663.63,3,137.93,221.21,1,3,Potensial (Average Spending)
Cameron Harris,357.46,2,149.15,178.73,1,3,Potensial (Average Spending)
Cameron Kelly,1144.06,2,207.3,572.03,1,3,Potensial (Average Spending)
Cameron Knight,31.41,1,9.49,31.41,1,2,Kasual (Low Spending)
Cameron Mora,151.78,2,43.63,75.89,1,3,Potensial (Average Spending)
Cameron Norton,328.1,2,132.93,164.05,1,3,Potensial (Average Spending)
Cameron Parker,297.66,1,109.4,297.66,1,2,Kasual (Low Spending)
Cameron Pope,1812.54,2,606.34,906.27,1,0,Premium (High Spending)
Cameron Porter,757.77,1,182.46,757.77,1,2,Kasual (Low Spending)
Cameron Ramirez,1441.38,2,261.67,720.69,1,3,Potensial (Average Spending)
Cameron Reeves,145.18,2,52.99,72.59,1,3,Potensial (Average Spending)
Cameron Rojas,138.62,1,31.32,138.62,1,2,Kasual (Low Spending)
Cameron Schwartz,1265.15,5,181.9,253.03,1,0,Premium (High Spending)
Cameron Smith,1402.58,6,372.28000000000003,233.76333333333332,3,0,Premium (High Spending)
Cameron Vargas,308.38,2,107.62,154.19,1,3,Potensial (Average Spending)
Cameron Williams,721.23,1,106.45,721.23,1,2,Kasual (Low Spending)
Candace Jordan,591.14,1,115.18,591.14,1,2,Kasual (Low Spending)
Candace Roman,514.04,2,133.58,257.02,1,3,Potensial (Average Spending)
Candice Adams,782.92,2,195.58,391.46,1,3,Potensial (Average Spending)
Candice Graham,746.54,1,179.92,746.54,1,2,Kasual (Low Spending)
Candice Matthews,47.43,1,16.63,47.43,1,2,Kasual (Low Spending)
Carl Cisneros,171.23,1,85.25,171.23,1,2,Kasual (Low Spending)
Carl Fernandez,434.06,2,64.48,217.03,1,3,Potensial (Average Spending)
Carl Gray,980.19,1,130.64,980.19,1,2,Kasual (Low Spending)
Carl Hensley,229.5,1,58.42,229.5,1,2,Kasual (Low Spending)
Carl Hernandez,56.78,1,20.76,56.78,1,2,Kasual (Low Spending)
Carl Hudson,159.74,2,52.96,79.87,1,3,Potensial (Average Spending)
Carl Martin,202.1,1,85.59,202.1,1,2,Kasual (Low Spending)
Carl Miller,1534.42,2,154.81,767.21,1,3,Potensial (Average Spending)
Carl Moore,282.34,2,45.47,141.17,1,3,Potensial (Average Spending)
Carl Morris,1964.3,5,369.79,392.86,1,0,Premium (High Spending)
Carl Richardson,989.31,3,101.77,329.77,1,3,Potensial (Average Spending)
Carl Roberts,50.14,1,16.68,50.14,1,2,Kasual (Low Spending)
Carl Robinson,486.61,2,197.01,243.305,2,3,Potensial (Average Spending)
Carl Young,674.42,2,213.69,337.21,1,3,Potensial (Average Spending)
Carla Brown,1168.88,2,132.27,584.44,1,3,Potensial (Average Spending)
Carla Hawkins,326.64,1,49.46,326.64,1,2,Kasual (Low Spending)
Carla Herring,1335.4,4,525.96,333.85,1,0,Premium (High Spending)
Carla Hopkins,157.26,2,60.07,78.63,1,3,Potensial (Average Spending)
Carla Jones,105.89,1,47.06,105.89,1,2,Kasual (Low Spending)
Carla Lynch,4751.64,4,775.51,1187.91,1,1,VIP (Top Buyers & High Quantity)
Carla Miles,94.8,2,21.76,47.4,1,3,Potensial (Average Spending)
Carla Patterson,120.91,1,28.93,120.91,1,2,Kasual (Low Spending)
Carla Rose,635.58,2,284.41,317.79,1,3,Potensial (Average Spending)
Carla Scott,212.38,2,63.71,106.19,1,3,Potensial (Average Spending)
Carla Shea,803.42,1,144.46,803.42,1,2,Kasual (Low Spending)
Carla Wilkins,248.64,1,38.36,248.64,1,2,Kasual (Low Spending)
Carla Yates,61.55,1,25.41,61.55,1,2,Kasual (Low Spending)
Carlos Beck,1866.54,3,257.08,622.18,1,0,Premium (High Spending)
Carlos Bowers,317.73,1,118.06,317.73,1,2,Kasual (Low Spending)
Carlos Brewer,683.08,4,273.35,170.77,1,0,Premium (High Spending)
Carlos Butler,712.35,1,121.07,712.35,1,2,Kasual (Low Spending)
Carlos Cervantes,1587.1,2,209.39,793.55,1,3,Potensial (Average Spending)
Carlos Christensen,1605.36,2,476.44,802.68,1,0,Premium (High Spending)
Carlos Gordon,256.36,1,47.3,256.36,1,2,Kasual (Low Spending)
Carlos Greer,1644.78,2,278.37,822.39,1,0,Premium (High Spending)
Carlos Haley,85.66,1,34.24,85.66,1,2,Kasual (Low Spending)
Carlos Huang,148.99,1,46.77,148.99,1,2,Kasual (Low Spending)
Carlos Lee,117.38,2,48.02,58.69,1,3,Potensial (Average Spending)
Carlos Murray,1119.08,2,118.37,559.54,1,3,Potensial (Average Spending)
Carlos Payne,794.88,2,175.18,397.44,1,3,Potensial (Average Spending)
Carlos Price,324.03,1,78.39,324.03,1,2,Kasual (Low Spending)
Carlos Reed,200.72,2,57.94,100.36,1,3,Potensial (Average Spending)
Carlos Richards,97.3,1,24.6,97.3,1,2,Kasual (Low Spending)
Carlos Riley,2678.76,4,673.95,669.69,1,1,VIP (Top Buyers & High Quantity)
Carlos Russell,315.48,2,49.0,157.74,1,3,Potensial (Average Spending)
Carlos Salas MD,96.61,1,43.89,96.61,1,2,Kasual (Low Spending)
Carlos Walters,461.84,2,172.01,230.92,1,3,Potensial (Average Spending)
Carly Lindsey,701.4,4,141.97,175.35,1,3,Potensial (Average Spending)
Carly Mathews,146.4,1,39.62,146.4,1,2,Kasual (Low Spending)
Carly Reynolds,85.34,1,25.51,85.34,1,2,Kasual (Low Spending)
Carly Woods,2598.48,3,822.97,866.16,1,1,VIP (Top Buyers & High Quantity)
Carmen Ashley,930.63,1,84.04,930.63,1,2,Kasual (Low Spending)
Carmen Castro,726.46,1,91.76,726.46,1,2,Kasual (Low Spending)
Carmen Gonzalez,1784.3,2,618.36,892.15,1,0,Premium (High Spending)
Carmen Irwin,552.81,3,191.58,184.27,1,3,Potensial (Average Spending)
Carol Alvarez,138.51,1,28.17,138.51,1,2,Kasual (Low Spending)
Carol Barber,627.4,2,129.21,313.7,1,3,Potensial (Average Spending)
Carol Bartlett,1343.44,2,256.42,671.72,1,3,Potensial (Average Spending)
Carol Blankenship,122.92,2,41.52,61.46,1,3,Potensial (Average Spending)
Carol Brooks,450.16,1,86.64,450.16,1,2,Kasual (Low Spending)
Carol Carter,413.11,1,85.13,413.11,1,2,Kasual (Low Spending)
Carol Gray,213.02,2,56.16,106.51,1,3,Potensial (Average Spending)
Carol Horton,211.8,1,27.33,211.8,1,2,Kasual (Low Spending)
Carol Johnson,791.3,5,282.08,158.26,1,0,Premium (High Spending)
Carol Larson,126.17,1,32.55,126.17,1,2,Kasual (Low Spending)
Carol Lopez,168.35,1,43.81,168.35,1,2,Kasual (Low Spending)
Carol Lowe,227.48,1,94.81,227.48,1,2,Kasual (Low Spending)
Carol Miller,227.98,2,85.48,113.99,1,3,Potensial (Average Spending)
Carol Ortiz,196.73,1,54.86,196.73,1,2,Kasual (Low Spending)
Carol Romero,98.65,1,30.87,98.65,1,2,Kasual (Low Spending)
Carol Rose,478.44,2,174.15,239.22,1,3,Potensial (Average Spending)
Carol Smith,1280.4,3,308.46,426.8,1,0,Premium (High Spending)
Carol Tapia,544.2,2,131.54,272.1,1,3,Potensial (Average Spending)
Carol Taylor,459.34,2,58.02,229.67,1,3,Potensial (Average Spending)
Carol Torres,284.13,1,71.15,284.13,1,2,Kasual (Low Spending)
Carol Vance,1351.6,4,305.86,337.9,1,0,Premium (High Spending)
Carol Villarreal,50.81,1,11.69,50.81,1,2,Kasual (Low Spending)
Carol Young,119.65,1,26.46,119.65,1,2,Kasual (Low Spending)
Caroline Anderson,244.62,1,44.95,244.62,1,2,Kasual (Low Spending)
Caroline Butler,431.45,1,59.25,431.45,1,2,Kasual (Low Spending)
Caroline Cannon,879.94,2,156.88,439.97,1,3,Potensial (Average Spending)
Caroline Carr,246.04,4,117.7,61.51,1,3,Potensial (Average Spending)
Caroline Jackson,102.69,1,45.07,102.69,1,2,Kasual (Low Spending)
Caroline Jennings,1069.02,3,332.24,356.34,1,0,Premium (High Spending)
Caroline Powell,473.38,2,185.72,236.69,1,3,Potensial (Average Spending)
Caroline Sandoval,2152.44,3,746.65,717.48,1,0,Premium (High Spending)
Caroline Santos,530.12,2,138.61,265.06,1,3,Potensial (Average Spending)
Carolyn Burnett,2112.39,3,191.26,704.13,1,0,Premium (High Spending)
Carolyn Clay,884.12,2,110.63,442.06,1,3,Potensial (Average Spending)
Carolyn Daniels,172.8,3,66.04,57.6,1,3,Potensial (Average Spending)
Carolyn Dickson,346.77,1,119.15,346.77,1,2,Kasual (Low Spending)
Carolyn Ellis,157.46,1,68.13,157.46,1,2,Kasual (Low Spending)
Carolyn English,285.0,5,61.08,57.0,1,3,Potensial (Average Spending)
Carolyn Fisher,493.21,1,83.17,493.21,1,2,Kasual (Low Spending)
Carolyn Griffin,1066.2,3,459.2,355.4,1,0,Premium (High Spending)
Carolyn Huerta,374.91,1,66.35,374.91,1,2,Kasual (Low Spending)
Carolyn Morales,852.44,2,161.87,426.22,2,3,Potensial (Average Spending)
Carolyn Morgan,3550.72,4,670.05,887.68,1,1,VIP (Top Buyers & High Quantity)
Carolyn Morris,83.81,1,39.56,83.81,1,2,Kasual (Low Spending)
Carolyn Murphy,341.86,2,164.58,170.93,1,3,Potensial (Average Spending)
Carolyn Olson,677.04,4,219.07,169.26,1,0,Premium (High Spending)
Carolyn Santiago,437.14,1,196.52,437.14,1,2,Kasual (Low Spending)
Carolyn Sherman,104.38,2,19.62,52.19,1,3,Potensial (Average Spending)
Carolyn Smith,306.18,2,124.25,153.09,1,3,Potensial (Average Spending)
Carolyn Tapia,65.45,1,26.25,65.45,1,2,Kasual (Low Spending)
Carolyn Tucker,213.45,1,85.58,213.45,1,2,Kasual (Low Spending)
Carolyn Welch,161.72,1,65.64,161.72,1,2,Kasual (Low Spending)
Carolyn White,1449.8600000000001,2,310.35,724.9300000000001,2,0,Premium (High Spending)
Carolyn Young,491.36,2,170.97,245.68,1,3,Potensial (Average Spending)
Carrie Cunningham,2547.55,5,472.9,509.51,1,1,VIP (Top Buyers & High Quantity)
Carrie Dougherty,308.76,2,134.02,154.38,1,3,Potensial (Average Spending)
Carrie Fletcher,465.62,1,38.02,465.62,1,2,Kasual (Low Spending)
Carrie Griffin,230.24,2,97.28,115.12,1,3,Potensial (Average Spending)
Carrie Hernandez,940.41,2,132.53,470.205,2,3,Potensial (Average Spending)
Carrie Hess,510.86,2,77.34,255.43,1,3,Potensial (Average Spending)
Carrie King,89.42,2,35.26,44.71,1,3,Potensial (Average Spending)
Carrie Matthews,685.14,1,216.46,685.14,1,2,Kasual (Low Spending)
Carrie Miller,595.82,1,122.11,595.82,1,2,Kasual (Low Spending)
Carrie Romero,22.04,1,9.89,22.04,1,2,Kasual (Low Spending)
Carrie Russell,398.05,1,110.29,398.05,1,2,Kasual (Low Spending)
Carrie Watts,271.36,2,104.57,135.68,1,3,Potensial (Average Spending)
Carrie Wilson,421.28,2,158.66,210.64,1,3,Potensial (Average Spending)
Carrie Wood,449.64,3,148.85,149.88,1,3,Potensial (Average Spending)
Casey Anderson,81.81,1,18.66,81.81,1,2,Kasual (Low Spending)
Casey Baldwin,644.04,4,120.73,161.01,1,3,Potensial (Average Spending)
Casey Beltran,142.2,1,39.07,142.2,1,2,Kasual (Low Spending)
Casey Butler,392.82,1,164.66,392.82,1,2,Kasual (Low Spending)
Casey Callahan,312.33,1,75.83,312.33,1,2,Kasual (Low Spending)
Casey Dillon,179.49,1,38.54,179.49,1,2,Kasual (Low Spending)
Casey Edwards,170.48,2,58.02,85.24,1,3,Potensial (Average Spending)
Casey Ellis,787.04,4,175.01,196.76,1,3,Potensial (Average Spending)
Casey Evans,1734.45,3,336.99,578.15,1,0,Premium (High Spending)
Casey Jones,730.69,1,93.5,730.69,1,2,Kasual (Low Spending)
Casey Klein,405.56,1,58.57,405.56,1,2,Kasual (Low Spending)
Casey Lowe,529.72,1,103.0,529.72,1,2,Kasual (Low Spending)
Casey Snyder,506.22,3,161.41,168.74,1,3,Potensial (Average Spending)
Casey Stanley,606.45,1,97.77,606.45,1,2,Kasual (Low Spending)
Casey Taylor,239.82,1,108.52,239.82,1,2,Kasual (Low Spending)
Casey Ware,97.36,1,12.98,97.36,1,2,Kasual (Low Spending)
Casey Williams,200.49,1,76.32,200.49,1,2,Kasual (Low Spending)
Cassandra Adams,137.12,1,48.35,137.12,1,2,Kasual (Low Spending)
Cassandra Aguilar,108.42,2,29.1,54.21,1,3,Potensial (Average Spending)
Cassandra Anderson,518.43,1,67.76,518.43,1,2,Kasual (Low Spending)
Cassandra Armstrong,312.88,1,66.68,312.88,1,2,Kasual (Low Spending)
Cassandra Baker,305.94,1,69.3,305.94,1,2,Kasual (Low Spending)
Cassandra Barnes,1191.62,2,233.44,595.81,1,3,Potensial (Average Spending)
Cassandra Bowen,731.07,3,257.49,243.69,1,3,Potensial (Average Spending)
Cassandra Ellis,196.1,1,38.85,196.1,1,2,Kasual (Low Spending)
Cassandra Hampton,161.16,3,52.32,53.72,1,3,Potensial (Average Spending)
Cassandra Hughes,708.06,2,306.91,354.03,1,3,Potensial (Average Spending)
Cassandra Jackson,747.06,2,167.67,373.53,1,3,Potensial (Average Spending)
Cassandra Klein,188.97,1,83.41,188.97,1,2,Kasual (Low Spending)
Cassandra Trujillo,551.45,5,175.07,110.29,1,0,Premium (High Spending)
Cassandra Wallace,261.26,2,52.17,130.63,1,3,Potensial (Average Spending)
Cassandra Willis,259.39,1,52.89,259.39,1,2,Kasual (Low Spending)
Cassandra Woods,127.01,1,35.84,127.01,1,2,Kasual (Low Spending)
Cassidy Castillo,894.99,3,74.6,298.33,1,3,Potensial (Average Spending)
Cassie Smith,1017.5,2,164.15,508.75,1,3,Potensial (Average Spending)
Catherine Acosta,315.23,1,34.46,315.23,1,2,Kasual (Low Spending)
Catherine Allen,117.1,2,36.66,58.55,1,3,Potensial (Average Spending)
Catherine Arnold,491.49,3,216.4,163.83,1,3,Potensial (Average Spending)
Catherine Bryant,1919.2,5,627.79,383.84,1,1,VIP (Top Buyers & High Quantity)
Catherine Clark,2459.55,3,370.57,819.85,1,0,Premium (High Spending)
Catherine Compton,652.24,4,207.03,163.06,1,0,Premium (High Spending)
Catherine Fritz,1075.53,3,292.51,358.51,1,0,Premium (High Spending)
Catherine Gordon,216.63,1,42.46,216.63,1,2,Kasual (Low Spending)
Catherine Hammond,159.86,2,47.76,79.93,1,3,Potensial (Average Spending)
Catherine Harris,541.4,2,52.01,270.7,1,3,Potensial (Average Spending)
Catherine Hill,223.63,1,37.49,223.63,1,2,Kasual (Low Spending)
Catherine Hopkins,51.57,1,13.48,51.57,1,2,Kasual (Low Spending)
Catherine Jimenez,395.01,3,140.34,131.67,1,3,Potensial (Average Spending)
Catherine Leon,1041.62,2,147.69,520.81,1,3,Potensial (Average Spending)
Catherine Lin,907.4,1,96.79,907.4,1,2,Kasual (Low Spending)
Catherine Lowe,207.16,1,59.46,207.16,1,2,Kasual (Low Spending)
Catherine Mayer,245.5,1,41.07,245.5,1,2,Kasual (Low Spending)
Catherine Mcdaniel,1267.5,2,371.82,633.75,1,0,Premium (High Spending)
Catherine Nelson,2146.95,3,722.3,715.65,1,0,Premium (High Spending)
Catherine Parrish,754.35,3,77.98,251.45,1,3,Potensial (Average Spending)
Catherine Pitts,1009.5,3,284.69,336.5,1,0,Premium (High Spending)
Catherine Price,875.42,1,171.07,875.42,1,2,Kasual (Low Spending)
Catherine Rasmussen,1390.86,2,373.59,695.43,1,0,Premium (High Spending)
Catherine Ray,206.85,3,59.66,68.95,1,3,Potensial (Average Spending)
Catherine Reynolds,1436.36,2,162.31,718.18,1,3,Potensial (Average Spending)
Catherine Rodriguez,176.15,1,63.63,176.15,1,2,Kasual (Low Spending)
Catherine White,154.99,1,36.53,154.99,1,2,Kasual (Low Spending)
Catherine Williams,642.4,2,116.57,321.2,1,3,Potensial (Average Spending)
Catherine Woods,831.06,1,247.48,831.06,1,2,Kasual (Low Spending)
Cathy Blankenship,1901.64,3,193.62,633.88,1,0,Premium (High Spending)
Cathy Brown,364.87,1,102.93,364.87,1,2,Kasual (Low Spending)
Cathy Glass,386.63,1,88.59,386.63,1,2,Kasual (Low Spending)
Cathy Gordon,1173.72,3,447.49,391.24,1,0,Premium (High Spending)
Cathy Hayes,1016.4,4,282.42,254.1,1,0,Premium (High Spending)
Cathy Higgins,730.28,2,234.54,365.14,1,3,Potensial (Average Spending)
Cathy Johnson,985.86,1,154.48,985.86,1,2,Kasual (Low Spending)
Cathy Lopez,228.64,1,67.64,228.64,1,2,Kasual (Low Spending)
Cathy Mcclain,23.66,1,4.97,23.66,1,2,Kasual (Low Spending)
Cathy Mills,165.25,1,50.86,165.25,1,2,Kasual (Low Spending)
Cathy Simmons,1368.24,2,116.8,684.12,1,3,Potensial (Average Spending)
Cathy Walker,220.72,2,70.78,110.36,1,3,Potensial (Average Spending)
Cesar Carpenter,239.35,1,92.76,239.35,1,2,Kasual (Low Spending)
Cesar Sanchez,197.6,2,70.0,98.8,1,3,Potensial (Average Spending)
Chad Allen,1176.08,2,154.16,588.04,1,3,Potensial (Average Spending)
Chad Brennan,841.61,1,284.91,841.61,1,2,Kasual (Low Spending)
Chad Carter,1629.52,2,323.25,814.76,1,0,Premium (High Spending)
Chad Cruz,172.9,2,50.75,86.45,1,3,Potensial (Average Spending)
Chad Harrell,350.62,1,99.31,350.62,1,2,Kasual (Low Spending)
Chad Harris,83.33,1,16.3,83.33,1,2,Kasual (Low Spending)
Chad Hudson,886.54,2,213.26,443.27,1,3,Potensial (Average Spending)
Chad Jackson,1243.35,3,211.65,414.45,1,3,Potensial (Average Spending)
Chad Jennings,234.19,1,53.43,234.19,1,2,Kasual (Low Spending)
Chad Love,2582.25,3,761.95,860.75,1,1,VIP (Top Buyers & High Quantity)
Chad Martinez,1001.33,1,168.59,1001.33,1,2,Kasual (Low Spending)
Chad Mathis,610.08,3,156.58,203.36,1,3,Potensial (Average Spending)
Chad Mckee,606.83,1,141.2,606.83,1,2,Kasual (Low Spending)
Chad Miller,306.35,1,94.86,306.35,1,2,Kasual (Low Spending)
Chad Miller II,82.88,2,36.58,41.44,1,3,Potensial (Average Spending)
Chad Palmer,212.32,2,39.29,106.16,1,3,Potensial (Average Spending)
Chad Park,576.99,1,66.33,576.99,1,2,Kasual (Low Spending)
Chad Patterson,374.98,2,136.57,187.49,1,3,Potensial (Average Spending)
Chad Powell,52.68,1,15.08,52.68,1,2,Kasual (Low Spending)
Chad Richards,297.35,1,93.26,297.35,1,2,Kasual (Low Spending)
Chad Robinson,820.46,1,79.96,820.46,1,2,Kasual (Low Spending)
Chad Roth,267.1,1,97.62,267.1,1,2,Kasual (Low Spending)
Chad Rowe,1251.1,2,112.51,625.55,1,3,Potensial (Average Spending)
Chad Shields,91.08,1,29.25,91.08,1,2,Kasual (Low Spending)
Chad Smith,707.8199999999999,2,94.31,353.90999999999997,2,3,Potensial (Average Spending)
Chad Stout,369.9,1,74.94,369.9,1,2,Kasual (Low Spending)
Chad Washington,1828.02,2,526.4,914.01,1,0,Premium (High Spending)
Chad Webb,381.68,2,128.2,190.84,1,3,Potensial (Average Spending)
Chad Wells,532.34,2,51.16,266.17,1,3,Potensial (Average Spending)
Chad White,180.19,1,62.33,180.19,1,2,Kasual (Low Spending)
Chad Wu,249.01,1,99.83,249.01,1,2,Kasual (Low Spending)
Charles Alexander,265.47,1,98.03,265.47,1,2,Kasual (Low Spending)
Charles Allen,105.38,1,37.81,105.38,1,2,Kasual (Low Spending)
Charles Andrews,3055.33,4,392.24,549.765,2,0,Premium (High Spending)
Charles Bailey,1169.56,1,243.35,1169.56,1,2,Kasual (Low Spending)
Charles Baker,333.27,3,72.12,111.09,1,3,Potensial (Average Spending)
Charles Barrera,213.97,1,69.3,213.97,1,2,Kasual (Low Spending)
Charles Black,772.68,3,97.75,257.56,1,3,Potensial (Average Spending)
Charles Blackburn,83.62,1,22.19,83.62,1,2,Kasual (Low Spending)
Charles Blankenship,762.58,1,91.58,762.58,1,2,Kasual (Low Spending)
Charles Brown,1207.07,2,116.46000000000001,603.535,2,3,Potensial (Average Spending)
Charles Brown DVM,1713.48,4,265.88,428.37,1,0,Premium (High Spending)
Charles Chambers,2267.55,3,446.98,755.85,1,0,Premium (High Spending)
Charles Clark,2131.09,3,697.3199999999999,619.835,2,0,Premium (High Spending)
Charles Clay,676.84,1,211.09,676.84,1,2,Kasual (Low Spending)
Charles Cooley,891.2,1,265.34,891.2,1,2,Kasual (Low Spending)
Charles Crawford,687.96,3,213.89,229.32,1,3,Potensial (Average Spending)
Charles Curtis,481.29,1,194.17,481.29,1,2,Kasual (Low Spending)
Charles Daniels,377.35,1,75.93,377.35,1,2,Kasual (Low Spending)
Charles Davis,113.97,1,52.06,113.97,1,2,Kasual (Low Spending)
Charles Drake,278.61,1,120.34,278.61,1,2,Kasual (Low Spending)
Charles Duncan,1532.6,2,230.51,766.3,1,3,Potensial (Average Spending)
Charles Edwards,193.72,1,65.83,193.72,1,2,Kasual (Low Spending)
Charles Evans,521.31,3,169.06,173.77,1,3,Potensial (Average Spending)
Charles Ewing,2667.18,3,259.87,889.06,1,0,Premium (High Spending)
Charles Ferguson,6783.5,10,933.46,678.35,2,1,VIP (Top Buyers & High Quantity)
Charles Franco,388.27,1,148.23,388.27,1,2,Kasual (Low Spending)
Charles Frye,826.29,1,262.85,826.29,1,2,Kasual (Low Spending)
Charles Gallegos,479.34,2,187.81,239.67,1,3,Potensial (Average Spending)
Charles Garcia,2353.5299999999997,8,399.8,250.29333333333332,3,1,VIP (Top Buyers & High Quantity)
Charles Garza,1334.92,2,452.68,667.46,1,0,Premium (High Spending)
Charles Glenn,112.88,2,50.8,56.44,1,3,Potensial (Average Spending)
Charles Gonzalez,834.34,1,68.73,834.34,1,2,Kasual (Low Spending)
Charles Harrison,959.3,2,250.87,479.65,1,3,Potensial (Average Spending)
Charles Hawkins,184.66,1,56.17,184.66,1,2,Kasual (Low Spending)
Charles Herman,537.84,2,189.33,268.92,1,3,Potensial (Average Spending)
Charles Jefferson,175.98,1,23.3,175.98,1,2,Kasual (Low Spending)
Charles Jenkins,755.06,2,138.04,377.53,1,3,Potensial (Average Spending)
Charles Jones,203.3,1,41.3,203.3,1,2,Kasual (Low Spending)
Charles Khan,962.94,2,238.93,481.47,1,3,Potensial (Average Spending)
Charles King,2568.24,3,382.33,856.08,1,0,Premium (High Spending)
Charles Leon,350.73,3,126.68,116.91,1,3,Potensial (Average Spending)
Charles Marks,755.12,4,371.49,188.78,1,0,Premium (High Spending)
Charles Marshall,603.75,1,74.05,603.75,1,2,Kasual (Low Spending)
Charles Martinez,2071.14,6,617.42,587.5699999999999,2,1,VIP (Top Buyers & High Quantity)
Charles May,228.6,3,76.62,76.2,1,3,Potensial (Average Spending)
Charles Mendez II,112.12,1,36.78,112.12,1,2,Kasual (Low Spending)
Charles Mendoza,1457.28,4,413.55,364.32,1,0,Premium (High Spending)
Charles Miller,1030.33,4,150.51000000000002,189.20499999999998,2,0,Premium (High Spending)
Charles Moore,852.88,2,193.81,426.44,1,3,Potensial (Average Spending)
Charles Morse,220.25,1,58.06,220.25,1,2,Kasual (Low Spending)
Charles Nichols,77.49,1,10.85,77.49,1,2,Kasual (Low Spending)
Charles Parker,954.26,1,187.28,954.26,1,2,Kasual (Low Spending)
Charles Perez,285.55,5,96.61,57.11,1,3,Potensial (Average Spending)
Charles Powell,1008.48,3,348.37,336.16,1,0,Premium (High Spending)
Charles Ramirez,346.68,2,124.15,173.34,1,3,Potensial (Average Spending)
Charles Reilly,224.21,1,64.18,224.21,1,2,Kasual (Low Spending)
Charles Reynolds,447.5,2,112.64,223.75,1,3,Potensial (Average Spending)
Charles Richardson,1189.82,2,336.56,594.91,1,0,Premium (High Spending)
Charles Ross,1140.26,1,105.28,1140.26,1,2,Kasual (Low Spending)
Charles Rowland,3159.04,4,679.13,789.76,2,1,VIP (Top Buyers & High Quantity)
Charles Singh,565.34,1,90.85,565.34,1,2,Kasual (Low Spending)
Charles Singleton,421.25,1,123.09,421.25,1,2,Kasual (Low Spending)
Charles Smith,356.12,1,91.03,356.12,1,2,Kasual (Low Spending)
Charles Snyder,209.36,2,79.84,104.68,1,3,Potensial (Average Spending)
Charles Soto,169.32,2,63.21,84.66,1,3,Potensial (Average Spending)
Charles Stein,772.58,2,276.11,386.29,1,3,Potensial (Average Spending)
Charles Stokes,2653.08,3,226.87,884.36,1,0,Premium (High Spending)
Charles Tate,259.84,1,92.23,259.84,1,2,Kasual (Low Spending)
Charles Taylor,1035.56,2,310.78,517.78,2,3,Potensial (Average Spending)
Charles Terrell,454.58,1,57.79,454.58,1,2,Kasual (Low Spending)
Charles Thompson,149.48,1,29.07,149.48,1,2,Kasual (Low Spending)
Charles Walsh,291.38,1,86.99,291.38,1,2,Kasual (Low Spending)
Charles Ward,1085.5,2,263.95,542.75,1,3,Potensial (Average Spending)
Charles White,2647.57,5,435.4,588.98,2,0,Premium (High Spending)
Charles Williams Jr.,199.42,1,51.26,199.42,1,2,Kasual (Low Spending)
Charles Williamson,448.68,3,101.62,149.56,1,3,Potensial (Average Spending)
Charles Wilson,1811.81,6,440.2,404.525,2,1,VIP (Top Buyers & High Quantity)
Charles Wilson MD,976.48,1,173.92,976.48,1,2,Kasual (Low Spending)
Charlotte Costa,1199.22,3,427.54,399.74,1,0,Premium (High Spending)
Charlotte Meyers,117.87,1,31.71,117.87,1,2,Kasual (Low Spending)
Charlotte Smith,1035.68,2,345.53,517.84,1,3,Potensial (Average Spending)
Charlotte Zimmerman,1703.8,2,306.07,851.9,1,0,Premium (High Spending)
Chase Bates,2742.75,3,784.39,914.25,1,1,VIP (Top Buyers & High Quantity)
Chase Davidson,696.35,5,212.18,139.27,1,0,Premium (High Spending)
Chase Garrison,32.42,1,9.94,32.42,1,2,Kasual (Low Spending)
Chase Haas,140.24,2,25.3,70.12,1,3,Potensial (Average Spending)
Chase Lopez,91.59,1,44.9,91.59,1,2,Kasual (Low Spending)
Chase Powell,95.91,1,19.36,95.91,1,2,Kasual (Low Spending)
Chase Smith,430.9,2,121.31,215.45,1,3,Potensial (Average Spending)
Chelsea Bennett,747.56,1,102.65,747.56,1,2,Kasual (Low Spending)
Chelsea Cunningham,313.14,1,116.71,313.14,1,2,Kasual (Low Spending)
Chelsea Davis,687.33,1,223.11,687.33,1,2,Kasual (Low Spending)
Chelsea Day,176.92,1,78.08,176.92,1,2,Kasual (Low Spending)
Chelsea Ford,1149.24,3,343.84,383.08,1,0,Premium (High Spending)
Chelsea French,1217.96,2,224.38,608.98,1,3,Potensial (Average Spending)
Chelsea Golden,943.11,4,256.21999999999997,250.185,2,0,Premium (High Spending)
Chelsea Harris,1758.48,3,189.17,586.16,1,0,Premium (High Spending)
Chelsea Henry,83.46,1,30.87,83.46,1,2,Kasual (Low Spending)
Chelsea Kramer,425.9,2,200.1,212.95,1,3,Potensial (Average Spending)
Chelsea Miles,838.46,1,104.39,838.46,1,2,Kasual (Low Spending)
Chelsea Morales,1709.12,2,169.11,854.56,1,3,Potensial (Average Spending)
Chelsea Reyes,239.41,1,64.54,239.41,1,2,Kasual (Low Spending)
Chelsea Rose,550.36,4,66.2,137.59,1,3,Potensial (Average Spending)
Chelsea Williams,231.64,4,63.54,57.91,1,3,Potensial (Average Spending)
Chelsey Lewis,448.71,1,116.77,448.71,1,2,Kasual (Low Spending)
Chelsey Russell,958.16,4,363.64,239.54,1,0,Premium (High Spending)
Chelsey Shaffer,1001.25,3,348.71,333.75,1,0,Premium (High Spending)
Chelsey Turner,364.08,3,148.15,121.36,1,3,Potensial (Average Spending)
Cheryl Bailey,107.06,1,26.06,107.06,1,2,Kasual (Low Spending)
Cheryl Blackburn,322.02,2,109.93,161.01,1,3,Potensial (Average Spending)
Cheryl Cardenas,648.06,3,153.49,216.02,1,3,Potensial (Average Spending)
Cheryl Dillon,425.66,1,145.1,425.66,1,2,Kasual (Low Spending)
Cheryl Gardner,994.24,1,88.44,994.24,1,2,Kasual (Low Spending)
Cheryl Gentry DDS,1312.12,4,226.13,328.03,1,0,Premium (High Spending)
Cheryl Gomez,975.27,3,213.85,325.09,1,3,Potensial (Average Spending)
Cheryl Graham,134.82,1,32.82,134.82,1,2,Kasual (Low Spending)
Cheryl Johnson,499.74,1,51.38,499.74,1,2,Kasual (Low Spending)
Cheryl Jones,2961.99,3,336.92,987.33,1,0,Premium (High Spending)
Cheryl Kim,972.46,2,165.91,486.23,1,3,Potensial (Average Spending)
Cheryl Macdonald,1540.77,3,381.47,513.59,1,0,Premium (High Spending)
Cheryl Mcclure,203.0,1,21.19,203.0,1,2,Kasual (Low Spending)
Cheryl Medina,1017.16,2,175.72,508.58,1,3,Potensial (Average Spending)
Cheryl Morrison,1199.19,3,287.94,399.73,1,0,Premium (High Spending)
Cheryl Myers,265.06,1,53.0,265.06,1,2,Kasual (Low Spending)
Cheryl Peterson,450.86,1,124.15,450.86,1,2,Kasual (Low Spending)
Cheryl Powell,709.83,3,229.63,236.61,1,3,Potensial (Average Spending)
Cheryl Preston,982.78,1,159.42,982.78,1,2,Kasual (Low Spending)
Cheryl Ramirez,487.04,2,138.49,243.52,1,3,Potensial (Average Spending)
Cheryl Reed,571.14,3,137.37,190.38,1,3,Potensial (Average Spending)
Cheryl Richardson,210.14,2,89.35,105.07,1,3,Potensial (Average Spending)
Cheryl Rivas,741.56,1,118.33,741.56,1,2,Kasual (Low Spending)
Cheryl Smith,36.28,1,10.31,36.28,1,2,Kasual (Low Spending)
Cheryl Stewart,913.25,1,112.7,913.25,1,2,Kasual (Low Spending)
Cheryl Thompson,278.6,2,120.09,139.3,1,3,Potensial (Average Spending)
Cheryl Vaughn,496.25,1,61.67,496.25,1,2,Kasual (Low Spending)
Cheryl Vega,814.25,1,70.41,814.25,1,2,Kasual (Low Spending)
Cheryl Walton,155.4,1,45.63,155.4,1,2,Kasual (Low Spending)
Cheryl Watson,396.39,1,163.01,396.39,1,2,Kasual (Low Spending)
Cheryl Young,1152.5,2,242.21,576.25,1,3,Potensial (Average Spending)
Cheyenne Berry,648.79,1,131.33,648.79,1,2,Kasual (Low Spending)
Cheyenne Parks,630.77,1,75.29,630.77,1,2,Kasual (Low Spending)
Cheyenne Singh,575.75,1,64.72,575.75,1,2,Kasual (Low Spending)
Cheyenne Smith,928.26,3,362.45,309.42,1,0,Premium (High Spending)
Cheyenne Tate,180.14,1,80.69,180.14,1,2,Kasual (Low Spending)
Cheyenne Williams,105.15,1,36.31,105.15,1,2,Kasual (Low Spending)
Chloe Clark,331.92,1,65.86,331.92,1,2,Kasual (Low Spending)
Chloe Davis,120.13,1,47.76,120.13,1,2,Kasual (Low Spending)
Chloe Hunt,288.28,1,46.33,288.28,1,2,Kasual (Low Spending)
Chloe Kim,96.64,1,21.42,96.64,1,2,Kasual (Low Spending)
Chloe Ortiz,63.88,2,13.89,31.94,1,3,Potensial (Average Spending)
Chloe Robinson,152.54,1,56.99,152.54,1,2,Kasual (Low Spending)
Chloe Vega,1072.66,2,174.9,536.33,1,3,Potensial (Average Spending)
Chloe Watkins,474.36,2,164.76,237.18,1,3,Potensial (Average Spending)
Chris Bryant,449.52,1,55.55,449.52,1,2,Kasual (Low Spending)
Chris Campbell,2077.53,3,364.21,692.51,1,0,Premium (High Spending)
Chris David,356.74,2,131.04,178.37,1,3,Potensial (Average Spending)
Chris George,496.71,1,127.01,496.71,1,2,Kasual (Low Spending)
Chris Green,3046.44,3,602.62,1015.48,1,0,Premium (High Spending)
Chris Kelley,58.52,1,22.34,58.52,1,2,Kasual (Low Spending)
Chris Kim,636.53,1,140.5,636.53,1,2,Kasual (Low Spending)
Chris Martin,958.79,1,151.5,958.79,1,2,Kasual (Low Spending)
Chris Rodriguez,494.93,1,74.62,494.93,1,2,Kasual (Low Spending)
Chris Torres,515.68,4,117.2,128.92,1,3,Potensial (Average Spending)
Chris Wilkinson,1693.22,2,235.46,846.61,1,3,Potensial (Average Spending)
Christian Butler,628.75,1,112.37,628.75,1,2,Kasual (Low Spending)
Christian Davila,86.79,1,16.92,86.79,1,2,Kasual (Low Spending)
Christian Delgado,727.25,5,323.04,145.45,1,0,Premium (High Spending)
Christian Jenkins,313.11,1,80.12,313.11,1,2,Kasual (Low Spending)
Christian Johnson,331.68,2,113.25,165.84,1,3,Potensial (Average Spending)
Christian Lawrence,331.33,1,115.56,331.33,1,2,Kasual (Low Spending)
Christian Morales,1682.12,2,300.87,841.06,1,0,Premium (High Spending)
Christian Nichols,426.32,2,69.0,213.16,1,3,Potensial (Average Spending)
Christian Powers,541.75,1,156.67,541.75,1,2,Kasual (Low Spending)
Christian Robbins,1109.52,3,230.38,369.84,1,3,Potensial (Average Spending)
Christian Smith,1886.4,2,161.22,943.2,1,3,Potensial (Average Spending)
Christian Sosa,1009.89,3,129.3,336.63,1,3,Potensial (Average Spending)
Christian Warren,143.19,1,22.54,143.19,1,2,Kasual (Low Spending)
Christian Watson,123.3,1,48.9,123.3,1,2,Kasual (Low Spending)
Christian Williams,130.13,1,52.1,130.13,1,2,Kasual (Low Spending)
Christie Davis,820.28,1,84.41,820.28,1,2,Kasual (Low Spending)
Christie Jones,114.44,2,47.73,57.22,1,3,Potensial (Average Spending)
Christina Beck,502.84,1,73.9,502.84,1,2,Kasual (Low Spending)
Christina Brock,135.59,1,34.25,135.59,1,2,Kasual (Low Spending)
Christina Brown,236.76,2,72.52,118.38,1,3,Potensial (Average Spending)
Christina Buchanan,297.92,2,95.74,148.96,1,3,Potensial (Average Spending)
Christina Caldwell,384.77,1,98.6,384.77,1,2,Kasual (Low Spending)
Christina Campos,454.32,2,223.51,227.16,1,3,Potensial (Average Spending)
Christina Chapman,395.5,2,64.8,197.75,1,3,Potensial (Average Spending)
Christina Chung,491.45,1,67.34,491.45,1,2,Kasual (Low Spending)
Christina Clark,2335.94,7,634.87,363.02,2,1,VIP (Top Buyers & High Quantity)
Christina Collins,1337.85,3,229.84,445.95,1,0,Premium (High Spending)
Christina Cooper,190.75,1,61.73,190.75,1,2,Kasual (Low Spending)
Christina Davis,807.87,1,86.45,807.87,1,2,Kasual (Low Spending)
Christina Dennis,464.89,1,113.11,464.89,1,2,Kasual (Low Spending)
Christina Ford,944.84,4,229.29,236.21,1,0,Premium (High Spending)
Christina Fuller,891.18,2,175.06,445.59,1,3,Potensial (Average Spending)
Christina Grant,143.5,1,57.39,143.5,1,2,Kasual (Low Spending)
Christina Hamilton,169.04,1,49.75,169.04,1,2,Kasual (Low Spending)
Christina Hardin,632.9,1,154.09,632.9,1,2,Kasual (Low Spending)
Christina Hart,302.82,1,100.41,302.82,1,2,Kasual (Low Spending)
Christina Hayes,665.49,3,222.9,221.83,1,3,Potensial (Average Spending)
Christina Hood,1364.55,3,432.31,454.85,1,0,Premium (High Spending)
Christina Hunter,220.06,1,67.54,220.06,1,2,Kasual (Low Spending)
Christina Jackson,1375.44,2,271.08,687.72,1,3,Potensial (Average Spending)
Christina Johnson,1240.09,5,323.96000000000004,257.3566666666666,3,0,Premium (High Spending)
Christina Jones,263.94,3,57.41,87.98,1,3,Potensial (Average Spending)
Christina Kelly,428.04,4,185.82,107.01,1,3,Potensial (Average Spending)
Christina King,2406.18,3,339.96,802.06,1,0,Premium (High Spending)
Christina Le,154.71,1,42.8,154.71,1,2,Kasual (Low Spending)
Christina Lee,5295.2,5,901.72,1059.04,1,1,VIP (Top Buyers & High Quantity)
Christina Lewis,1669.76,2,282.06,834.88,1,0,Premium (High Spending)
Christina Long,949.35,5,285.95,189.87,1,0,Premium (High Spending)
Christina Lowe,145.14,1,32.28,145.14,1,2,Kasual (Low Spending)
Christina Mata,3254.3,5,495.2,650.86,1,1,VIP (Top Buyers & High Quantity)
Christina Mckinney,57.14,1,17.22,57.14,1,2,Kasual (Low Spending)
Christina Moore,69.77,1,28.5,69.77,1,2,Kasual (Low Spending)
Christina Moreno,632.62,1,86.57,632.62,1,2,Kasual (Low Spending)
Christina Morgan,2432.76,4,361.0,608.19,1,0,Premium (High Spending)
Christina Morrison,3568.89,3,522.98,1189.63,1,0,Premium (High Spending)
Christina Murray,327.84,2,61.98,163.92,1,3,Potensial (Average Spending)
Christina Olson,42.14,1,17.72,42.14,1,2,Kasual (Low Spending)
Christina Perkins,870.22,1,172.47,870.22,1,2,Kasual (Low Spending)
Christina Phelps,688.69,1,121.15,688.69,1,2,Kasual (Low Spending)
Christina Pope,1190.2,2,258.48,595.1,1,3,Potensial (Average Spending)
Christina Potts,618.12,3,146.67,206.04,1,3,Potensial (Average Spending)
Christina Quinn,504.96,2,171.3,252.48,1,3,Potensial (Average Spending)
Christina Ramsey,52.18,1,22.43,52.18,1,2,Kasual (Low Spending)
Christina Ritter,753.54,3,326.45,251.18,1,0,Premium (High Spending)
Christina Rivera,216.87,3,66.85,72.29,1,3,Potensial (Average Spending)
Christina Robles,913.83,1,89.89,913.83,1,2,Kasual (Low Spending)
Christina Rojas,2291.79,3,333.14,763.93,1,0,Premium (High Spending)
Christina Rosario,471.31,1,100.98,471.31,1,2,Kasual (Low Spending)
Christina Sanchez,1463.43,6,331.14,204.315,2,0,Premium (High Spending)
Christina Scott,64.01,1,30.42,64.01,1,2,Kasual (Low Spending)
Christina Sharp,1089.12,2,106.93,544.56,1,3,Potensial (Average Spending)
Christina Sherman,841.7,1,241.46,841.7,1,2,Kasual (Low Spending)
Christina Simmons PhD,1845.8,2,167.76,922.9,1,3,Potensial (Average Spending)
Christina Smith,3723.83,6,625.22,551.3533333333334,3,1,VIP (Top Buyers & High Quantity)
Christina Stephens,1112.04,4,229.53,278.01,1,0,Premium (High Spending)
Christina Stone,1146.45,3,416.79,382.15,1,0,Premium (High Spending)
Christina Tate,310.1,2,122.16,155.05,1,3,Potensial (Average Spending)
Christina Tucker,501.62,1,130.0,501.62,1,2,Kasual (Low Spending)
Christina Walker,522.71,1,71.73,522.71,1,2,Kasual (Low Spending)
Christina Wallace,392.81,1,137.56,392.81,1,2,Kasual (Low Spending)
Christina Warren,172.02,2,35.4,86.01,1,3,Potensial (Average Spending)
Christina Williams,1562.55,5,311.08,275.035,2,0,Premium (High Spending)
Christina Winters,441.4,1,49.13,441.4,1,2,Kasual (Low Spending)
Christina Young,528.43,1,137.29,528.43,1,2,Kasual (Low Spending)
Christine Arnold,645.8,5,216.5,129.16,1,0,Premium (High Spending)
Christine Baker,1160.46,2,93.89,580.23,1,3,Potensial (Average Spending)
Christine Bennett,264.36,1,39.17,264.36,1,2,Kasual (Low Spending)
Christine Brown,781.92,1,148.32,781.92,1,2,Kasual (Low Spending)
Christine Church,2742.72,3,555.03,914.24,1,0,Premium (High Spending)
Christine Collier,361.4,1,53.45,361.4,1,2,Kasual (Low Spending)
Christine Collins,325.8,1,40.81,325.8,1,2,Kasual (Low Spending)
Christine Conway,3628.16,6,933.0,538.44,2,1,VIP (Top Buyers & High Quantity)
Christine Cooper,998.95,1,316.43,998.95,1,2,Kasual (Low Spending)
Christine Cordova,501.54,2,126.29,250.77,1,3,Potensial (Average Spending)
Christine Flores,1938.63,3,183.71,646.21,1,0,Premium (High Spending)
Christine Fowler,255.37,1,97.79,255.37,1,2,Kasual (Low Spending)
Christine Gibson,77.1,1,25.64,77.1,1,2,Kasual (Low Spending)
Christine Gonzalez,227.04,1,87.25,227.04,1,2,Kasual (Low Spending)
Christine Harrington,241.06,1,58.99,241.06,1,2,Kasual (Low Spending)
Christine Hogan,623.3,2,189.31,311.65,1,3,Potensial (Average Spending)
Christine Howell MD,1458.84,2,124.67,729.42,1,3,Potensial (Average Spending)
Christine Jenkins,877.74,2,128.32999999999998,438.87,2,3,Potensial (Average Spending)
Christine Jenkins DDS,359.22,2,105.24,179.61,1,3,Potensial (Average Spending)
Christine Johnson,844.69,4,309.38,219.67666666666665,3,0,Premium (High Spending)
Christine Jones,3009.3,7,424.24,429.9,1,1,VIP (Top Buyers & High Quantity)
Christine Jordan,194.43,1,49.86,194.43,1,2,Kasual (Low Spending)
Christine Lutz,494.68,2,143.53,247.34,1,3,Potensial (Average Spending)
Christine Mcbride,1081.76,4,199.93,270.44,1,0,Premium (High Spending)
Christine Mcintyre,159.08,1,35.45,159.08,1,2,Kasual (Low Spending)
Christine Mitchell,830.82,3,136.02,276.94,1,3,Potensial (Average Spending)
Christine Moore,1663.76,2,253.42,831.88,2,3,Potensial (Average Spending)
Christine Morales,675.28,1,152.77,675.28,1,2,Kasual (Low Spending)
Christine Morrison,336.94,2,93.03,168.47,1,3,Potensial (Average Spending)
Christine Nicholson,336.18,2,90.3,168.09,1,3,Potensial (Average Spending)
Christine Oconnell,1506.96,2,136.44,753.48,1,3,Potensial (Average Spending)
Christine Potter,189.72,3,53.3,63.24,1,3,Potensial (Average Spending)
Christine Rhodes,470.28,2,86.67,235.14,1,3,Potensial (Average Spending)
Christine Rodriguez,123.03,1,20.38,123.03,1,2,Kasual (Low Spending)
Christine Rosario,530.84,1,173.2,530.84,1,2,Kasual (Low Spending)
Christine Sanchez,221.34,2,65.91,110.67,1,3,Potensial (Average Spending)
Christine Schaefer,837.73,1,77.76,837.73,1,2,Kasual (Low Spending)
Christine Shelton,225.66,1,112.4,225.66,1,2,Kasual (Low Spending)
Christine Smith,1172.7,3,327.59,390.9,1,0,Premium (High Spending)
Christine Stephens,863.6,2,176.97,431.8,1,3,Potensial (Average Spending)
Christine Thomas,140.0,1,26.66,140.0,1,2,Kasual (Low Spending)
Christine Torres,2860.01,4,483.28000000000003,511.335,2,0,Premium (High Spending)
Christine Tran,3276.3,6,364.29,546.05,1,1,VIP (Top Buyers & High Quantity)
Christine Tucker,371.13,3,37.72,123.71,1,3,Potensial (Average Spending)
Christine Vasquez,356.28,2,122.49,178.14,1,3,Potensial (Average Spending)
Christine Vaughn,846.48,2,108.74,423.24,1,3,Potensial (Average Spending)
Christine Williams,148.64,1,42.52,148.64,1,2,Kasual (Low Spending)
Christine Young,3875.49,3,981.1,1291.83,1,1,VIP (Top Buyers & High Quantity)
Christopher Adams,458.28,1,60.92,458.28,1,2,Kasual (Low Spending)
Christopher Arnold,924.12,6,302.86,154.02,2,0,Premium (High Spending)
Christopher Baker,788.97,3,193.54,262.99,1,3,Potensial (Average Spending)
Christopher Banks,282.25,1,92.59,282.25,1,2,Kasual (Low Spending)
Christopher Bass,2121.6,3,220.51,707.2,1,0,Premium (High Spending)
Christopher Bell,2702.97,3,471.67,900.99,1,0,Premium (High Spending)
Christopher Bishop,562.63,1,105.86,562.63,1,2,Kasual (Low Spending)
Christopher Boone,1767.18,2,448.65,883.59,1,0,Premium (High Spending)
Christopher Bowen,793.04,1,100.01,793.04,1,2,Kasual (Low Spending)
Christopher Boyd,127.88,1,50.38,127.88,1,2,Kasual (Low Spending)
Christopher Bradley,366.52,2,72.57,183.26,1,3,Potensial (Average Spending)
Christopher Brandt,535.04,1,90.98,535.04,1,2,Kasual (Low Spending)
Christopher Brooks,835.5,3,229.32,278.5,1,3,Potensial (Average Spending)
Christopher Brown,1767.35,7,475.08000000000004,243.13399999999996,5,1,VIP (Top Buyers & High Quantity)
Christopher Bryan,156.59,1,46.99,156.59,1,2,Kasual (Low Spending)
Christopher Butler,1107.73,3,202.78,369.24333333333334,3,3,Potensial (Average Spending)
Christopher Byrd,111.8,4,39.02,27.95,1,3,Potensial (Average Spending)
Christopher Carlson,1512.42,3,336.90999999999997,584.045,2,0,Premium (High Spending)
Christopher Case,1747.28,2,348.38,873.64,1,0,Premium (High Spending)
Christopher Castro,899.98,2,261.82,449.99,2,3,Potensial (Average Spending)
Christopher Chen,896.73,1,178.5,896.73,1,2,Kasual (Low Spending)
Christopher Clark,1772.56,3,422.76,542.0799999999999,2,0,Premium (High Spending)
Christopher Collier,660.43,1,170.21,660.43,1,2,Kasual (Low Spending)
Christopher Cook,278.26,1,58.69,278.26,1,2,Kasual (Low Spending)
Christopher Cox,1560.86,2,341.81,780.43,1,0,Premium (High Spending)
Christopher Craig,318.1,1,141.85,318.1,1,2,Kasual (Low Spending)
Christopher Crawford,678.28,4,208.93,169.57,2,0,Premium (High Spending)
Christopher Cross,822.56,4,182.68,205.64,1,0,Premium (High Spending)
Christopher Cunningham,1351.38,3,242.29,450.46,1,0,Premium (High Spending)
Christopher Curry,568.54,2,79.07,284.27,1,3,Potensial (Average Spending)
Christopher Davis,442.53,3,163.6,147.51,1,3,Potensial (Average Spending)
Christopher Dennis,547.73,1,49.25,547.73,1,2,Kasual (Low Spending)
Christopher Diaz,3634.56,4,864.13,908.64,1,1,VIP (Top Buyers & High Quantity)
Christopher Dominguez,705.2,2,289.27,352.6,1,3,Potensial (Average Spending)
Christopher Donaldson,845.56,4,346.89,211.39,1,0,Premium (High Spending)
Christopher Doyle,231.94,1,66.11,231.94,1,2,Kasual (Low Spending)
Christopher Dunn,205.16,1,48.8,205.16,1,2,Kasual (Low Spending)
Christopher Ewing,213.78,3,73.88,71.26,1,3,Potensial (Average Spending)
Christopher Fernandez,1974.81,3,191.61,658.27,1,0,Premium (High Spending)
Christopher Fisher,547.72,2,147.91,273.86,1,3,Potensial (Average Spending)
Christopher Fletcher,1730.04,2,539.33,865.02,1,0,Premium (High Spending)
Christopher Flores,188.9,1,62.07,188.9,1,2,Kasual (Low Spending)
Christopher Fowler,405.42,2,119.43,202.71,1,3,Potensial (Average Spending)
Christopher Frazier,176.22,1,31.72,176.22,1,2,Kasual (Low Spending)
Christopher Garcia,973.03,3,233.20999999999998,429.075,2,3,Potensial (Average Spending)
Christopher Garrett,504.54,2,107.06,252.27,1,3,Potensial (Average Spending)
Christopher Giles,1172.9,2,282.96999999999997,586.45,2,3,Potensial (Average Spending)
Christopher Gonzalez,1491.96,2,359.31,745.98,1,0,Premium (High Spending)
Christopher Gonzalez DVM,718.08,3,329.15,239.36,1,0,Premium (High Spending)
Christopher Graham,2008.64,2,351.56,1004.32,1,0,Premium (High Spending)
Christopher Greer,339.35,1,67.18,339.35,1,2,Kasual (Low Spending)
Christopher Griffin,266.63,1,48.39,266.63,1,2,Kasual (Low Spending)
Christopher Guerrero,42.18,2,9.29,21.09,1,3,Potensial (Average Spending)
Christopher Haley,171.54,1,41.15,171.54,1,2,Kasual (Low Spending)
Christopher Hammond,638.06,2,196.7,319.03,1,3,Potensial (Average Spending)
Christopher Harrison,243.92000000000002,2,58.730000000000004,121.96000000000001,2,3,Potensial (Average Spending)
Christopher Harvey,362.23,1,140.83,362.23,1,2,Kasual (Low Spending)
Christopher Hicks,286.06,1,74.73,286.06,1,2,Kasual (Low Spending)
Christopher Hobbs,180.86,2,79.27,90.43,1,3,Potensial (Average Spending)
Christopher Holland,726.2,2,173.18,363.1,1,3,Potensial (Average Spending)
Christopher Hood,252.5,1,36.57,252.5,1,2,Kasual (Low Spending)
Christopher Horton,267.72,2,98.78,133.86,1,3,Potensial (Average Spending)
Christopher Howell,319.6,1,135.08,319.6,1,2,Kasual (Low Spending)
Christopher Huff,2522.49,3,206.07,840.83,1,0,Premium (High Spending)
Christopher Hunt,762.06,2,102.5,381.03,1,3,Potensial (Average Spending)
Christopher Jackson,3092.84,4,984.3900000000001,567.58,2,1,VIP (Top Buyers & High Quantity)
Christopher James,448.89,1,169.28,448.89,1,2,Kasual (Low Spending)
Christopher Johnson,949.5799999999999,6,276.3,175.88,4,0,Premium (High Spending)
Christopher Jones,10062.89,14,1903.42,610.52,5,1,VIP (Top Buyers & High Quantity)
Christopher Juarez,460.4,2,171.27,230.2,1,3,Potensial (Average Spending)
Christopher Kent,2080.95,3,357.7,693.65,1,0,Premium (High Spending)
Christopher King,697.13,2,160.09,348.565,2,3,Potensial (Average Spending)
Christopher Kirby,52.78,1,22.77,52.78,1,2,Kasual (Low Spending)
Christopher Lang,1839.88,2,179.03,919.94,1,3,Potensial (Average Spending)
Christopher Levine,120.16,2,51.73,60.08,1,3,Potensial (Average Spending)
Christopher Little,271.04,2,76.2,135.52,1,3,Potensial (Average Spending)
Christopher Lopez,118.25,1,33.02,118.25,1,2,Kasual (Low Spending)
Christopher Love,619.52,4,156.38,154.88,1,3,Potensial (Average Spending)
Christopher Macdonald,822.11,1,113.1,822.11,1,2,Kasual (Low Spending)
Christopher Madden,502.54,2,148.0,251.27,1,3,Potensial (Average Spending)
Christopher Maldonado,1046.31,6,188.54000000000002,174.385,2,0,Premium (High Spending)
Christopher Marshall,398.81,1,121.88,398.81,1,2,Kasual (Low Spending)
Christopher Martin,2586.04,7,662.9399999999999,470.4333333333334,3,1,VIP (Top Buyers & High Quantity)
Christopher Martinez,1370.14,5,318.17,216.60666666666668,3,0,Premium (High Spending)
Christopher Mata,104.38,1,38.1,104.38,1,2,Kasual (Low Spending)
Christopher Mcdonald,415.79,1,174.87,415.79,1,2,Kasual (Low Spending)
Christopher Mcgee,781.84,1,97.27,781.84,1,2,Kasual (Low Spending)
Christopher Mckenzie,540.9,1,147.46,540.9,1,2,Kasual (Low Spending)
Christopher Mcmahon,1334.19,3,140.71,444.73,1,3,Potensial (Average Spending)
Christopher Medina,657.96,2,295.07,328.98,1,3,Potensial (Average Spending)
Christopher Miller,473.52,2,138.86,236.76,1,3,Potensial (Average Spending)
Christopher Montgomery,1563.56,2,196.28,781.78,1,3,Potensial (Average Spending)
Christopher Mora,1948.8,4,347.7,487.2,1,0,Premium (High Spending)
Christopher Morris,982.18,2,160.02,491.09,1,3,Potensial (Average Spending)
Christopher Morrison,154.24,2,57.11,77.12,1,3,Potensial (Average Spending)
Christopher Morse,217.4,1,70.63,217.4,1,2,Kasual (Low Spending)
Christopher Moss,1533.8,4,654.47,383.45,1,0,Premium (High Spending)
Christopher Murphy,851.85,3,288.83,283.95,1,0,Premium (High Spending)
Christopher Murray,246.19,2,76.98,123.095,2,3,Potensial (Average Spending)
Christopher Navarro,749.24,4,354.38,187.31,1,0,Premium (High Spending)
Christopher Nguyen,749.18,1,103.84,749.18,1,2,Kasual (Low Spending)
Christopher Olson,286.5,1,64.28,286.5,1,2,Kasual (Low Spending)
Christopher Oneill,424.49,1,129.79,424.49,1,2,Kasual (Low Spending)
Christopher Owens,447.78,2,100.45,223.89,1,3,Potensial (Average Spending)
Christopher Page,452.71,1,47.88,452.71,1,2,Kasual (Low Spending)
Christopher Palmer,278.3,2,116.95,139.15,1,3,Potensial (Average Spending)
Christopher Parker,260.4,2,65.35,130.2,2,3,Potensial (Average Spending)
Christopher Peterson,739.58,2,62.23,369.79,1,3,Potensial (Average Spending)
Christopher Quinn,280.46,2,83.44,140.23,1,3,Potensial (Average Spending)
Christopher Ramirez,515.76,3,129.01,171.92,1,3,Potensial (Average Spending)
Christopher Ramos,84.63,1,15.92,84.63,1,2,Kasual (Low Spending)
Christopher Rice,465.32,2,194.39,232.66,1,3,Potensial (Average Spending)
Christopher Richards,867.93,1,199.88,867.93,1,2,Kasual (Low Spending)
Christopher Richardson,615.21,1,118.92,615.21,1,2,Kasual (Low Spending)
Christopher Riley,226.0,2,104.21,113.0,1,3,Potensial (Average Spending)
Christopher Robinson,536.86,1,83.98,536.86,1,2,Kasual (Low Spending)
Christopher Rodriguez,900.66,1,172.09,900.66,1,2,Kasual (Low Spending)
Christopher Rogers,274.32,3,72.79,91.44,1,3,Potensial (Average Spending)
Christopher Rosales,891.09,1,119.08,891.09,1,2,Kasual (Low Spending)
Christopher Rose Jr.,1292.13,3,386.68,430.71,1,0,Premium (High Spending)
Christopher Roth,188.11,1,26.97,188.11,1,2,Kasual (Low Spending)
Christopher Ruiz,351.7,1,104.25,351.7,1,2,Kasual (Low Spending)
Christopher Sanchez,1342.93,4,201.76000000000002,249.385,2,0,Premium (High Spending)
Christopher Sanders,1655.5,5,523.48,331.1,1,0,Premium (High Spending)
Christopher Sandoval,247.03,1,51.21,247.03,1,2,Kasual (Low Spending)
Christopher Scott,1668.6,2,325.85,834.3,1,0,Premium (High Spending)
Christopher Shepherd,1150.88,8,254.63,143.86,1,0,Premium (High Spending)
Christopher Simmons,585.66,2,191.35,292.83,1,3,Potensial (Average Spending)
Christopher Simon,512.1600000000001,2,88.71000000000001,256.08000000000004,2,3,Potensial (Average Spending)
Christopher Smith,2030.5,6,561.9699999999999,336.13800000000003,5,1,VIP (Top Buyers & High Quantity)
Christopher Stevens,437.54,1,102.52,437.54,1,2,Kasual (Low Spending)
Christopher Stewart,404.12,2,85.03,202.06,1,3,Potensial (Average Spending)
Christopher Strickland,658.44,2,263.74,329.22,1,3,Potensial (Average Spending)
Christopher Sullivan,906.78,1,266.99,906.78,1,2,Kasual (Low Spending)
Christopher Tanner,693.46,2,193.81,346.73,1,3,Potensial (Average Spending)
Christopher Tapia,2487.76,4,346.29,593.25,2,0,Premium (High Spending)
Christopher Taylor,579.76,1,73.19,579.76,1,2,Kasual (Low Spending)
Christopher Thomas,1482.1,4,369.5,370.525,2,0,Premium (High Spending)
Christopher Thomas DDS,369.33,1,164.83,369.33,1,2,Kasual (Low Spending)
Christopher Thompson,2854.01,4,538.78,642.0766666666667,3,0,Premium (High Spending)
Christopher Torres Jr.,693.41,1,87.96,693.41,1,2,Kasual (Low Spending)
Christopher Tran,79.82,1,31.57,79.82,1,2,Kasual (Low Spending)
Christopher Villa,879.56,1,84.4,879.56,1,2,Kasual (Low Spending)
Christopher Wagner,749.72,2,201.39,374.86,1,3,Potensial (Average Spending)
Christopher Walker,3494.2300000000005,5,542.96,608.63,3,1,VIP (Top Buyers & High Quantity)
Christopher Walters,850.03,3,217.01,302.035,2,3,Potensial (Average Spending)
Christopher Washington,771.08,2,280.63,385.54,1,3,Potensial (Average Spending)
Christopher Watkins,735.86,1,77.93,735.86,1,2,Kasual (Low Spending)
Christopher Wells,901.38,1,155.19,901.38,1,2,Kasual (Low Spending)
Christopher White,103.91,1,27.13,103.91,1,2,Kasual (Low Spending)
Christopher Wiley,2874.69,3,341.96,958.23,1,0,Premium (High Spending)
Christopher Wilkins,398.62,2,84.66,199.31,1,3,Potensial (Average Spending)
Christopher Williams,3150.4300000000003,4,818.29,746.2433333333333,3,1,VIP (Top Buyers & High Quantity)
Christopher Wilson,260.02,2,81.21,130.01,1,3,Potensial (Average Spending)
Christopher Wright,1114.65,2,195.74,557.325,2,3,Potensial (Average Spending)
Christy Chang,3287.6,5,440.43,657.52,1,1,VIP (Top Buyers & High Quantity)
Christy Crane,2557.8,5,502.8,511.56,1,1,VIP (Top Buyers & High Quantity)
Christy Edwards,1028.4,4,502.09,257.1,1,0,Premium (High Spending)
Christy Guerra,182.06,1,74.93,182.06,1,2,Kasual (Low Spending)
Christy Hill,1043.4,1,134.26,1043.4,1,2,Kasual (Low Spending)
Christy Miles,977.58,1,100.26,977.58,1,2,Kasual (Low Spending)
Christy Miller,1314.36,3,154.92,438.12,1,3,Potensial (Average Spending)
Christy Smith,430.18,2,188.76,215.09,1,3,Potensial (Average Spending)
Christy Ward,846.39,1,138.25,846.39,1,2,Kasual (Low Spending)
Christy Wilson,861.23,1,147.58,861.23,1,2,Kasual (Low Spending)
Cindy Bailey,691.95,3,217.32,230.65,1,3,Potensial (Average Spending)
Cindy Benjamin,385.53,3,148.87,128.51,1,3,Potensial (Average Spending)
Cindy Boyd,70.37,1,28.7,70.37,1,2,Kasual (Low Spending)
Cindy Cherry,633.14,1,74.41,633.14,1,2,Kasual (Low Spending)
Cindy Cummings,217.53,1,26.19,217.53,1,2,Kasual (Low Spending)
Cindy Fisher,637.5,3,111.88,212.5,1,3,Potensial (Average Spending)
Cindy Garrison,431.38,1,179.88,431.38,1,2,Kasual (Low Spending)
Cindy Hamilton,633.52,2,277.02,316.76,1,3,Potensial (Average Spending)
Cindy Hawkins,479.24,2,112.51,239.62,1,3,Potensial (Average Spending)
Cindy Hill,1090.41,3,445.73,363.47,1,0,Premium (High Spending)
Cindy Howe,338.14,1,119.42,338.14,1,2,Kasual (Low Spending)
Cindy Lawrence,74.36,2,32.35,37.18,1,3,Potensial (Average Spending)
Cindy Lee,174.22,1,47.42,174.22,1,2,Kasual (Low Spending)
Cindy Lewis,1679.3,5,497.01,335.86,1,0,Premium (High Spending)
Cindy Lynch,896.16,2,342.96,448.08,1,3,Potensial (Average Spending)
Cindy Morse,1217.82,3,491.15,405.94,1,0,Premium (High Spending)
Cindy Phelps,427.23,1,119.66,427.23,1,2,Kasual (Low Spending)
Cindy Ray,246.56,2,117.21,123.28,1,3,Potensial (Average Spending)
Cindy Rowe,1763.56,2,257.81,881.78,1,0,Premium (High Spending)
Cindy Snyder,2719.24,4,559.71,679.81,1,0,Premium (High Spending)
Cindy Wagner,396.0,5,100.9,79.2,1,3,Potensial (Average Spending)
Claire Kennedy,1636.9,2,225.82,818.45,1,3,Potensial (Average Spending)
Claire Lewis,610.72,2,207.19,305.36,1,3,Potensial (Average Spending)
Clarence Jackson,491.32,2,103.07,245.66,1,3,Potensial (Average Spending)
Clarence King,40.86,1,15.45,40.86,1,2,Kasual (Low Spending)
Claudia Carter,337.7,5,109.2,67.54,1,3,Potensial (Average Spending)
Claudia Johnson,313.86,2,100.0,156.93,1,3,Potensial (Average Spending)
Claudia Shepherd,182.13,1,26.14,182.13,1,2,Kasual (Low Spending)
Claudia Williams,811.04,1,152.99,811.04,1,2,Kasual (Low Spending)
Clayton Harris,231.66,1,54.33,231.66,1,2,Kasual (Low Spending)
Clayton Houston,881.06,2,293.66,440.53,1,3,Potensial (Average Spending)
Clayton Jackson,353.1,1,94.82,353.1,1,2,Kasual (Low Spending)
Clayton Jones,238.77,1,97.18,238.77,1,2,Kasual (Low Spending)
Clayton Lynch,646.38,3,234.56,215.46,1,3,Potensial (Average Spending)
Clifford Hopkins,1797.12,4,207.79,449.28,1,0,Premium (High Spending)
Clifford Hunter,239.74,1,106.21,239.74,1,2,Kasual (Low Spending)
Clifford Pierce,1562.04,2,196.31,781.02,1,3,Potensial (Average Spending)
Clifford Ramos,752.84,2,335.1,376.42,1,3,Potensial (Average Spending)
Clinton Garrett,378.69,1,167.77,378.69,1,2,Kasual (Low Spending)
Clinton Merritt,318.26,2,53.41,159.13,1,3,Potensial (Average Spending)
Clinton Smith,352.36,1,84.13,352.36,1,2,Kasual (Low Spending)
Cody Berry,2869.6,5,966.23,573.92,1,1,VIP (Top Buyers & High Quantity)
Cody Brady,101.73,1,26.58,101.73,1,2,Kasual (Low Spending)
Cody Brock,779.9,1,72.31,779.9,1,2,Kasual (Low Spending)
Cody Brown,150.74,1,39.04,150.74,1,2,Kasual (Low Spending)
Cody Caldwell,591.66,1,113.68,591.66,1,2,Kasual (Low Spending)
Cody Chang,786.32,2,236.36,393.16,1,3,Potensial (Average Spending)
Cody Donaldson,749.79,3,222.05,249.93,1,3,Potensial (Average Spending)
Cody Gomez,891.24,1,124.74,891.24,1,2,Kasual (Low Spending)
Cody Jones,639.33,1,65.18,639.33,1,2,Kasual (Low Spending)
Cody Joseph,111.44,1,36.72,111.44,1,2,Kasual (Low Spending)
Cody Lewis,1027.47,3,226.31,342.49,1,3,Potensial (Average Spending)
Cody Medina,44.88,1,16.92,44.88,1,2,Kasual (Low Spending)
Cody Morgan,1827.51,3,249.43,609.17,1,0,Premium (High Spending)
Cody Moyer,345.28,1,115.54,345.28,1,2,Kasual (Low Spending)
Cody Parker,337.7,2,114.86,168.85,1,3,Potensial (Average Spending)
Cody Peters,1037.6,1,195.79,1037.6,1,2,Kasual (Low Spending)
Cody Proctor,1277.76,2,148.18,638.88,1,3,Potensial (Average Spending)
Cody Reyes,398.16,4,99.11,99.54,1,3,Potensial (Average Spending)
Cody Salinas,1891.66,2,383.93,945.83,1,0,Premium (High Spending)
Cody Sanders,808.21,1,154.56,808.21,1,2,Kasual (Low Spending)
Cody Schwartz,135.11,1,38.32,135.11,1,2,Kasual (Low Spending)
Cody Terry,391.13,1,91.53,391.13,1,2,Kasual (Low Spending)
Cody Tyler,145.99,1,47.28,145.99,1,2,Kasual (Low Spending)
Cody Williams,1560.84,4,363.94,390.21,1,0,Premium (High Spending)
Cole Green,617.02,1,82.63,617.02,1,2,Kasual (Low Spending)
Cole Ryan,621.74,2,150.14,310.87,1,3,Potensial (Average Spending)
Cole Shaw,227.4,1,107.25,227.4,1,2,Kasual (Low Spending)
Cole Smith,609.56,1,58.19,609.56,1,2,Kasual (Low Spending)
Colin Adams,1155.69,3,283.66,385.23,1,0,Premium (High Spending)
Colin Atkinson,100.12,1,29.31,100.12,1,2,Kasual (Low Spending)
Colin Byrd,124.82,1,22.66,124.82,1,2,Kasual (Low Spending)
Colin Cohen,101.78,2,31.26,50.89,1,3,Potensial (Average Spending)
Colin Diaz,218.09,1,91.99,218.09,1,2,Kasual (Low Spending)
Colin Goodwin,2262.68,2,672.41,1131.34,1,0,Premium (High Spending)
Colin Grimes,266.08,2,53.39,133.04,1,3,Potensial (Average Spending)
Colin Johnson,972.97,1,108.28,972.97,1,2,Kasual (Low Spending)
Colin Lopez,523.8,2,76.81,261.9,1,3,Potensial (Average Spending)
Colin Sanchez,296.25,1,39.75,296.25,1,2,Kasual (Low Spending)
Colin Schroeder,102.45,1,29.32,102.45,1,2,Kasual (Low Spending)
Colin Thompson,134.0,1,52.77,134.0,1,2,Kasual (Low Spending)
Colleen Bennett,562.68,1,47.39,562.68,1,2,Kasual (Low Spending)
Colleen Collins,1450.84,2,242.23,725.42,1,3,Potensial (Average Spending)
Colleen Dixon,186.92,2,77.03,93.46,1,3,Potensial (Average Spending)
Colleen Gilbert,174.31,1,78.37,174.31,1,2,Kasual (Low Spending)
Colleen Guerrero,327.58,1,120.0,327.58,1,2,Kasual (Low Spending)
Colleen Hamilton,281.9,2,81.31,140.95,1,3,Potensial (Average Spending)
Colleen Maldonado,337.18,2,155.58,168.59,1,3,Potensial (Average Spending)
Colleen Sampson,58.27,1,23.87,58.27,1,2,Kasual (Low Spending)
Colleen Soto,116.33,1,38.55,116.33,1,2,Kasual (Low Spending)
Collin Lyons,4938.24,4,621.91,1234.56,1,1,VIP (Top Buyers & High Quantity)
Collin Weber,125.33,1,16.74,125.33,1,2,Kasual (Low Spending)
Colton Gonzalez,183.32,2,81.49,91.66,1,3,Potensial (Average Spending)
Colton Hernandez,137.68,2,17.11,68.84,1,3,Potensial (Average Spending)
Colton Long,1047.96,4,261.19,261.99,1,0,Premium (High Spending)
Colton Santos,333.88,4,153.39,83.47,1,3,Potensial (Average Spending)
Connie Burton,1279.68,3,220.07,350.645,2,0,Premium (High Spending)
Connie Copeland,280.41,1,91.67,280.41,1,2,Kasual (Low Spending)
Connie Ellis,352.3,2,103.46,176.15,1,3,Potensial (Average Spending)
Connie Gonzales,1733.68,4,682.2,433.42,1,0,Premium (High Spending)
Connie Hernandez,211.93,1,46.61,211.93,1,2,Kasual (Low Spending)
Connie King,386.04,2,168.7,193.02,1,3,Potensial (Average Spending)
Connie Lam,988.23,3,127.68,329.41,1,3,Potensial (Average Spending)
Connie Mosley,221.7,3,71.9,73.9,1,3,Potensial (Average Spending)
Connie Sanders,184.15,1,63.07,184.15,1,2,Kasual (Low Spending)
Connie White,67.24,1,25.32,67.24,1,2,Kasual (Low Spending)
Connor Crawford,105.9,1,13.98,105.9,1,2,Kasual (Low Spending)
Connor Mccall,569.33,1,89.81,569.33,1,2,Kasual (Low Spending)
Connor Pierce,115.7,1,38.05,115.7,1,2,Kasual (Low Spending)
Connor Wright,1812.8,2,200.45,906.4,1,3,Potensial (Average Spending)
Corey Baker,517.02,1,53.22,517.02,1,2,Kasual (Low Spending)
Corey Bennett,720.39,1,158.55,720.39,1,2,Kasual (Low Spending)
Corey Booth,897.23,1,308.5,897.23,1,2,Kasual (Low Spending)
Corey Davis,277.14,1,61.9,277.14,1,2,Kasual (Low Spending)
Corey Evans,180.94,2,38.91,90.47,1,3,Potensial (Average Spending)
Corey Garcia,30.17,1,10.57,30.17,1,2,Kasual (Low Spending)
Corey Gutierrez,710.31,1,190.18,710.31,1,2,Kasual (Low Spending)
Corey Harris,1201.68,2,207.76,600.84,1,3,Potensial (Average Spending)
Corey Jones,1178.4,2,150.67,589.2,1,3,Potensial (Average Spending)
Corey King,66.77,1,18.83,66.77,1,2,Kasual (Low Spending)
Corey Meyers,506.37,1,106.35,506.37,1,2,Kasual (Low Spending)
Corey Powers,1369.1,2,209.06,684.55,1,3,Potensial (Average Spending)
Corey Santos,342.8,1,75.83,342.8,1,2,Kasual (Low Spending)
Cory Abbott,469.06,2,152.95,234.53,1,3,Potensial (Average Spending)
Cory Bennett,123.06,1,27.29,123.06,1,2,Kasual (Low Spending)
Cory Carroll,692.84,2,222.98,346.42,1,3,Potensial (Average Spending)
Cory Castillo,1059.75,3,385.35,353.25,1,0,Premium (High Spending)
Cory Fischer,3935.2,4,519.88,983.8,1,1,VIP (Top Buyers & High Quantity)
Cory Flores,1091.72,1,100.48,1091.72,1,2,Kasual (Low Spending)
Cory Gordon,2620.56,4,510.36,655.14,1,0,Premium (High Spending)
Cory Hall,368.59,1,75.91,368.59,1,2,Kasual (Low Spending)
Cory Hernandez,561.16,2,83.96,280.58,1,3,Potensial (Average Spending)
Cory Lucas,975.08,4,211.48,243.77,1,0,Premium (High Spending)
Cory Reyes,1279.02,5,320.65999999999997,259.445,2,0,Premium (High Spending)
Cory Rowe,329.76,1,98.29,329.76,1,2,Kasual (Low Spending)
Cory Sampson,287.83,1,45.75,287.83,1,2,Kasual (Low Spending)
Cory Taylor,440.58,2,146.79,220.29,1,3,Potensial (Average Spending)
Cory Thomas,365.72,2,132.18,182.86,1,3,Potensial (Average Spending)
Cory Whitaker,946.08,1,78.83,946.08,1,2,Kasual (Low Spending)
Courtney Adams,685.59,1,130.97,685.59,1,2,Kasual (Low Spending)
Courtney Anderson,519.06,1,84.2,519.06,1,2,Kasual (Low Spending)
Courtney Baker,313.37,1,34.58,313.37,1,2,Kasual (Low Spending)
Courtney Barker,689.46,2,60.73,344.73,1,3,Potensial (Average Spending)
Courtney Beck,660.94,2,83.78,330.47,1,3,Potensial (Average Spending)
Courtney Brady,657.72,2,179.26,328.86,1,3,Potensial (Average Spending)
Courtney Brown,613.15,1,112.7,613.15,1,2,Kasual (Low Spending)
Courtney Carpenter,225.83,1,70.38,225.83,1,2,Kasual (Low Spending)
Courtney Cervantes,566.84,2,107.79,283.42,1,3,Potensial (Average Spending)
Courtney Chambers,82.42,1,27.98,82.42,1,2,Kasual (Low Spending)
Courtney Clark,2205.96,2,297.23,1102.98,1,0,Premium (High Spending)
Courtney Cook,4296.4,5,364.82,859.28,1,1,VIP (Top Buyers & High Quantity)
Courtney Delacruz,805.08,2,219.99,402.54,1,3,Potensial (Average Spending)
Courtney Doyle,1710.7,2,469.83,855.35,1,0,Premium (High Spending)
Courtney Duncan,60.8,2,14.35,30.4,1,3,Potensial (Average Spending)
Courtney Fisher,601.16,1,53.73,601.16,1,2,Kasual (Low Spending)
Courtney Gutierrez,88.85,1,36.21,88.85,1,2,Kasual (Low Spending)
Courtney Guzman,167.59,1,41.35,167.59,1,2,Kasual (Low Spending)
Courtney Harmon,519.06,2,99.64,259.53,1,3,Potensial (Average Spending)
Courtney Harris,367.54,2,140.44,183.77,1,3,Potensial (Average Spending)
Courtney Hill,743.56,3,108.99,272.915,2,3,Potensial (Average Spending)
Courtney Johnson,287.12,1,75.46,287.12,1,2,Kasual (Low Spending)
Courtney Jordan,665.16,2,203.43,332.58,1,3,Potensial (Average Spending)
Courtney Keith,565.76,2,158.69,282.88,1,3,Potensial (Average Spending)
Courtney Lee,491.78,2,50.22,245.89,1,3,Potensial (Average Spending)
Courtney Marks,564.78,3,134.07,188.26,1,3,Potensial (Average Spending)
Courtney Mathews,943.48,2,88.78,471.74,1,3,Potensial (Average Spending)
Courtney Morales,337.09,1,84.97,337.09,1,2,Kasual (Low Spending)
Courtney Nelson,699.48,1,171.05,699.48,1,2,Kasual (Low Spending)
Courtney Oconnor,1947.15,3,273.23,649.05,1,0,Premium (High Spending)
Courtney Oliver,783.36,1,241.8,783.36,1,2,Kasual (Low Spending)
Courtney Olson,675.3,2,273.32,337.65,1,3,Potensial (Average Spending)
Courtney Ortiz,226.42,1,47.94,226.42,1,2,Kasual (Low Spending)
Courtney Pena,616.2,4,258.14,154.05,1,0,Premium (High Spending)
Courtney Santiago,424.48,1,158.68,424.48,1,2,Kasual (Low Spending)
Courtney Sharp,532.11,1,174.05,532.11,1,2,Kasual (Low Spending)
Courtney Smith,1091.92,2,145.0,545.96,1,3,Potensial (Average Spending)
Courtney Thompson,1369.92,2,269.55,684.96,1,3,Potensial (Average Spending)
Courtney Vargas,620.28,2,158.8,310.14,1,3,Potensial (Average Spending)
Courtney Wilson,1279.54,2,250.39,639.77,1,3,Potensial (Average Spending)
Craig Adams,685.59,3,214.77,228.53,1,3,Potensial (Average Spending)
Craig Alvarado,737.58,3,141.12,245.86,1,3,Potensial (Average Spending)
Craig Anderson,860.22,1,185.88,860.22,1,2,Kasual (Low Spending)
Craig Brooks,223.68,2,64.24,111.84,1,3,Potensial (Average Spending)
Craig Camacho,704.61,3,282.96,234.87,1,3,Potensial (Average Spending)
Craig Clayton,537.27,3,233.56,179.09,1,3,Potensial (Average Spending)
Craig Contreras,889.5,2,129.82,444.75,1,3,Potensial (Average Spending)
Craig Davis,689.28,2,221.89,344.64,1,3,Potensial (Average Spending)
Craig Garcia,1029.63,3,135.71,343.21,1,3,Potensial (Average Spending)
Craig Harding,166.9,1,49.73,166.9,1,2,Kasual (Low Spending)
Craig Hawkins,230.91,1,96.29,230.91,1,2,Kasual (Low Spending)
Craig Jones,760.6,2,172.23,380.3,1,3,Potensial (Average Spending)
Craig Lowery,790.53,1,274.48,790.53,1,2,Kasual (Low Spending)
Craig Miller,1206.45,3,413.8,402.15,1,0,Premium (High Spending)
Craig Miranda,556.17,3,127.08,185.39,1,3,Potensial (Average Spending)
Craig Morris,729.3,2,100.13,364.65,1,3,Potensial (Average Spending)
Craig Newton,910.32,4,271.57,227.58,1,0,Premium (High Spending)
Craig Phillips,239.77,1,41.28,239.77,1,2,Kasual (Low Spending)
Craig Rhodes,77.15,1,14.6,77.15,1,2,Kasual (Low Spending)
Craig Steele,700.62,3,311.44,233.54,1,0,Premium (High Spending)
Craig Taylor,170.26999999999998,4,54.099999999999994,52.235,2,3,Potensial (Average Spending)
Craig Wagner,77.81,1,21.35,77.81,1,2,Kasual (Low Spending)
Craig West,610.1,5,283.74,122.02,1,0,Premium (High Spending)
Cristian Allen,493.89,3,146.88,164.63,1,3,Potensial (Average Spending)
Cristian Charles,334.91,1,86.14,334.91,1,2,Kasual (Low Spending)
Cristian Jenkins,652.59,3,103.41,217.53,1,3,Potensial (Average Spending)
Cristian Moses,229.56,1,99.07,229.56,1,2,Kasual (Low Spending)
Cristian Romero,2175.08,2,294.11,1087.54,1,0,Premium (High Spending)
Cristian Wallace,320.1,2,65.5,160.05,1,3,Potensial (Average Spending)
Cristina Costa,2747.44,4,467.88,686.86,1,0,Premium (High Spending)
Cristina Hodge,1293.87,3,166.83,431.29,1,3,Potensial (Average Spending)
Cristina Johnson,2594.2,5,423.9,518.84,1,0,Premium (High Spending)
Cristina Mccarthy,149.38,1,55.3,149.38,1,2,Kasual (Low Spending)
Cristina Yang,476.18,2,146.73,238.09,1,3,Potensial (Average Spending)
Crystal Alexander,439.87,1,134.93,439.87,1,2,Kasual (Low Spending)
Crystal Alvarado,1491.48,3,139.76,497.16,1,3,Potensial (Average Spending)
Crystal Andersen,100.75,1,23.58,100.75,1,2,Kasual (Low Spending)
Crystal Bell,1148.02,2,299.89,574.01,1,3,Potensial (Average Spending)
Crystal Berry,1026.84,2,181.22,513.42,1,3,Potensial (Average Spending)
Crystal Black,178.39,1,38.32,178.39,1,2,Kasual (Low Spending)
Crystal Brown,253.08,2,32.66,126.54,1,3,Potensial (Average Spending)
Crystal Contreras,142.44,1,58.96,142.44,1,2,Kasual (Low Spending)
Crystal Cook MD,1230.09,3,488.5,410.03,1,0,Premium (High Spending)
Crystal Cox,879.78,1,107.84,879.78,1,2,Kasual (Low Spending)
Crystal Douglas,197.12,2,87.43,98.56,1,3,Potensial (Average Spending)
Crystal Dunn,557.05,1,54.25,557.05,1,2,Kasual (Low Spending)
Crystal Garcia MD,916.84,2,262.73,458.42,1,3,Potensial (Average Spending)
Crystal Gregory,4514.91,6,660.93,468.435,2,1,VIP (Top Buyers & High Quantity)
Crystal Henderson,413.9,1,126.4,413.9,1,2,Kasual (Low Spending)
Crystal Hudson,173.97,3,69.16,57.99,1,3,Potensial (Average Spending)
Crystal Hughes,358.46,1,148.86,358.46,1,2,Kasual (Low Spending)
Crystal Jackson,3227.9,5,1029.74,645.58,1,1,VIP (Top Buyers & High Quantity)
Crystal Jimenez,1134.72,1,208.71,1134.72,1,2,Kasual (Low Spending)
Crystal Johnson,699.39,1,84.24,699.39,1,2,Kasual (Low Spending)
Crystal Jordan,2146.41,3,288.01,715.47,1,0,Premium (High Spending)
Crystal Larson,647.78,2,179.93,323.89,1,3,Potensial (Average Spending)
Crystal Little,1593.34,2,297.0,796.67,1,0,Premium (High Spending)
Crystal Lynn,1643.1,5,427.1,328.62,1,0,Premium (High Spending)
Crystal Macias,56.3,1,14.91,56.3,1,2,Kasual (Low Spending)
Crystal Merritt,918.69,3,132.52,306.23,1,3,Potensial (Average Spending)
Crystal Meyers,1304.64,2,110.4,652.32,1,3,Potensial (Average Spending)
Crystal Mills,364.33,1,132.45,364.33,1,2,Kasual (Low Spending)
Crystal Morales,1085.36,2,183.03,542.68,1,3,Potensial (Average Spending)
Crystal Perez,463.18,8,198.87,66.33,2,0,Premium (High Spending)
Crystal Porter,156.72,2,55.14,78.36,1,3,Potensial (Average Spending)
Crystal Reynolds,1089.34,2,160.67,544.67,1,3,Potensial (Average Spending)
Crystal Rivera,623.26,2,164.95,311.63,1,3,Potensial (Average Spending)
Crystal Robinson,333.9,2,129.51,166.95,1,3,Potensial (Average Spending)
Crystal Rodgers,1452.84,2,416.21,726.42,1,0,Premium (High Spending)
Crystal Sandoval,223.14,2,53.54,111.57,1,3,Potensial (Average Spending)
Crystal Sims,823.3,1,160.68,823.3,1,2,Kasual (Low Spending)
Crystal Snyder,115.62,2,21.05,57.81,1,3,Potensial (Average Spending)
Crystal Suarez,291.0,1,81.23,291.0,1,2,Kasual (Low Spending)
Crystal Sullivan,160.17,1,61.06,160.17,1,2,Kasual (Low Spending)
Crystal Thompson,234.72,1,113.97,234.72,1,2,Kasual (Low Spending)
Crystal Webster,26.3,1,6.8,26.3,1,2,Kasual (Low Spending)
Crystal Wiggins,242.99,1,25.78,242.99,1,2,Kasual (Low Spending)
Crystal Williams,152.7,1,66.44,152.7,1,2,Kasual (Low Spending)
Crystal Wright,1647.28,4,511.31,411.82,1,0,Premium (High Spending)
Crystal Yu,320.16,1,113.51,320.16,1,2,Kasual (Low Spending)
Curtis Allen,260.8,1,52.47,260.8,1,2,Kasual (Low Spending)
Curtis Blackwell,29.15,1,11.62,29.15,1,2,Kasual (Low Spending)
Curtis Erickson,2038.71,3,226.81,679.57,1,0,Premium (High Spending)
Curtis Estrada,1026.5,2,232.25,513.25,1,3,Potensial (Average Spending)
Curtis Hammond,389.15,1,129.65,389.15,1,2,Kasual (Low Spending)
Curtis Jimenez,526.02,1,171.01,526.02,1,2,Kasual (Low Spending)
Curtis Martin,174.76,1,49.85,174.76,1,2,Kasual (Low Spending)
Curtis Mitchell,274.0,2,61.81,137.0,1,3,Potensial (Average Spending)
Curtis Morgan,835.6,2,202.52,417.8,1,3,Potensial (Average Spending)
Curtis Nelson,543.18,3,151.46,181.06,1,3,Potensial (Average Spending)
Curtis Nielsen,849.11,1,108.18,849.11,1,2,Kasual (Low Spending)
Curtis Quinn,219.34,1,41.59,219.34,1,2,Kasual (Low Spending)
Curtis Stone,2565.45,3,446.97,855.15,1,0,Premium (High Spending)
Curtis Vasquez,2169.66,3,343.02,723.22,1,0,Premium (High Spending)
Curtis White,311.64,2,153.3,155.82,1,3,Potensial (Average Spending)
Curtis Wiley,140.31,1,49.26,140.31,1,2,Kasual (Low Spending)
Curtis Williams,204.82,1,45.4,204.82,1,2,Kasual (Low Spending)
Curtis Wood,1339.2,2,227.65,669.6,1,3,Potensial (Average Spending)
Curtis Wright,568.07,1,80.84,568.07,1,2,Kasual (Low Spending)
Cynthia Anderson,72.11,1,33.39,72.11,1,2,Kasual (Low Spending)
Cynthia Arnold,1850.32,4,258.44,462.58,1,0,Premium (High Spending)
Cynthia Atkinson,3778.36,4,893.55,944.59,1,1,VIP (Top Buyers & High Quantity)
Cynthia Avery,329.37,1,46.53,329.37,1,2,Kasual (Low Spending)
Cynthia Ball,857.4,3,134.24,285.8,1,3,Potensial (Average Spending)
Cynthia Barker,162.33,1,33.28,162.33,1,2,Kasual (Low Spending)
Cynthia Barnes MD,82.87,1,22.45,82.87,1,2,Kasual (Low Spending)
Cynthia Bishop,196.08,1,32.71,196.08,1,2,Kasual (Low Spending)
Cynthia Brooks,1529.1,2,242.79,764.55,1,3,Potensial (Average Spending)
Cynthia Brown,1112.64,3,437.4,370.88,1,0,Premium (High Spending)
Cynthia Burnett,3847.86,3,480.13,1282.62,1,0,Premium (High Spending)
Cynthia Carter,1385.84,2,409.38,692.92,1,0,Premium (High Spending)
Cynthia Case,931.55,1,110.02,931.55,1,2,Kasual (Low Spending)
Cynthia Cooper,519.83,1,125.88,519.83,1,2,Kasual (Low Spending)
Cynthia Doyle,974.22,1,171.03,974.22,1,2,Kasual (Low Spending)
Cynthia Farmer,106.12,2,37.38,53.06,1,3,Potensial (Average Spending)
Cynthia Fields,929.22,3,404.57,309.74,1,0,Premium (High Spending)
Cynthia Garcia,407.87,1,83.3,407.87,1,2,Kasual (Low Spending)
Cynthia Gates,423.33,1,56.36,423.33,1,2,Kasual (Low Spending)
Cynthia Gray,720.86,1,95.32,720.86,1,2,Kasual (Low Spending)
Cynthia Green DVM,239.03,1,91.32,239.03,1,2,Kasual (Low Spending)
Cynthia Hill,1010.07,3,120.39,336.69,1,3,Potensial (Average Spending)
Cynthia Hines,136.92,2,43.25,68.46,1,3,Potensial (Average Spending)
Cynthia Holt,1657.84,4,545.61,414.46,1,0,Premium (High Spending)
Cynthia Howard,111.72,1,52.75,111.72,1,2,Kasual (Low Spending)
Cynthia Jenkins,1759.74,2,310.25,879.87,1,0,Premium (High Spending)
Cynthia Larson,25.9,1,9.5,25.9,1,2,Kasual (Low Spending)
Cynthia Lucas,1044.32,4,96.84,261.08,1,3,Potensial (Average Spending)
Cynthia Mendoza,1022.16,2,185.77,511.08,1,3,Potensial (Average Spending)
Cynthia Miller,585.04,1,159.39,585.04,1,2,Kasual (Low Spending)
Cynthia Moore,246.9,1,105.8,246.9,1,2,Kasual (Low Spending)
Cynthia Myers PhD,803.19,3,199.47,267.73,1,3,Potensial (Average Spending)
Cynthia Olson,189.94,2,38.37,94.97,1,3,Potensial (Average Spending)
Cynthia Peterson,216.93,1,92.01,216.93,1,2,Kasual (Low Spending)
Cynthia Potter,884.02,1,293.57,884.02,1,2,Kasual (Low Spending)
Cynthia Reynolds,2554.48,4,263.45,638.62,1,0,Premium (High Spending)
Cynthia Rocha,788.7,3,331.46,262.9,1,0,Premium (High Spending)
Cynthia Rogers,889.35,1,289.33,889.35,1,2,Kasual (Low Spending)
Cynthia Rush,320.29,1,86.73,320.29,1,2,Kasual (Low Spending)
Cynthia Sanders,1225.92,2,373.06,612.96,1,0,Premium (High Spending)
Cynthia Santiago,446.48,4,178.16,111.62,1,3,Potensial (Average Spending)
Cynthia Shaffer,405.65,1,105.61,405.65,1,2,Kasual (Low Spending)
Cynthia Shepard,224.12,2,61.13,112.06,1,3,Potensial (Average Spending)
Cynthia Smith,870.44,4,168.95999999999998,217.61,2,0,Premium (High Spending)
Cynthia Strong,844.95,1,147.85,844.95,1,2,Kasual (Low Spending)
Cynthia Walker,1039.14,1,185.04,1039.14,1,2,Kasual (Low Spending)
Daisy Carr,827.71,1,224.12,827.71,1,2,Kasual (Low Spending)
Daisy Scott,2873.31,3,438.34,957.77,1,0,Premium (High Spending)
Daisy Sweeney,663.39,1,58.92,663.39,1,2,Kasual (Low Spending)
Dakota Cruz,821.22,3,267.34,273.74,1,3,Potensial (Average Spending)
Dakota Gomez,167.37,3,40.57,55.79,1,3,Potensial (Average Spending)
Dakota Parker,282.78,1,97.12,282.78,1,2,Kasual (Low Spending)
Dale Crane,550.3,1,96.08,550.3,1,2,Kasual (Low Spending)
Dale Delgado,293.48,2,59.67,146.74,1,3,Potensial (Average Spending)
Dale Hernandez,493.59,1,94.49,493.59,1,2,Kasual (Low Spending)
Dale Johnson,150.61,1,51.88,150.61,1,2,Kasual (Low Spending)
Dale Nelson,690.6,1,231.42,690.6,1,2,Kasual (Low Spending)
Dale Olson,1522.2,3,149.6,507.4,1,3,Potensial (Average Spending)
Dale Reyes,2754.6,3,378.05,918.2,1,0,Premium (High Spending)
Dale Smith,461.88,2,117.48,230.94,1,3,Potensial (Average Spending)
Dale Woods,893.09,1,89.23,893.09,1,2,Kasual (Low Spending)
Dalton Jackson,181.75,1,78.01,181.75,1,2,Kasual (Low Spending)
Dalton Mcpherson,342.81,1,51.89,342.81,1,2,Kasual (Low Spending)
Dalton Ortiz,87.27,1,25.54,87.27,1,2,Kasual (Low Spending)
Dalton Taylor,166.89,1,44.23,166.89,1,2,Kasual (Low Spending)
Dalton Thomas Jr.,756.59,1,64.95,756.59,1,2,Kasual (Low Spending)
Dalton Wolf,199.3,1,50.56,199.3,1,2,Kasual (Low Spending)
Damon Edwards,58.51,1,15.18,58.51,1,2,Kasual (Low Spending)
Damon Mitchell,814.42,1,185.13,814.42,1,2,Kasual (Low Spending)
Dan Alvarez,517.94,1,73.86,517.94,1,2,Kasual (Low Spending)
Dan Glover,792.04,2,133.71,396.02,1,3,Potensial (Average Spending)
Dana Arellano DDS,97.83,1,31.86,97.83,1,2,Kasual (Low Spending)
Dana Boyd,248.74,1,30.11,248.74,1,2,Kasual (Low Spending)
Dana Bradford,198.29,1,39.91,198.29,1,2,Kasual (Low Spending)
Dana Caldwell,296.87,1,125.16,296.87,1,2,Kasual (Low Spending)
Dana Crawford,255.28,4,64.56,63.82,1,3,Potensial (Average Spending)
Dana Delgado MD,417.74,2,152.83,208.87,1,3,Potensial (Average Spending)
Dana Elliott,278.84,2,113.64,139.42,1,3,Potensial (Average Spending)
Dana Fleming,391.12,2,101.88,195.56,1,3,Potensial (Average Spending)
Dana Gonzales,468.38,1,146.85,468.38,1,2,Kasual (Low Spending)
Dana Gonzalez,183.13,1,43.78,183.13,1,2,Kasual (Low Spending)
Dana Hall,251.44,2,69.47,125.72,1,3,Potensial (Average Spending)
Dana Hansen,2296.35,3,435.31,765.45,1,0,Premium (High Spending)
Dana Johnson,93.94,1,23.25,93.94,1,2,Kasual (Low Spending)
Dana Jones,245.08,1,75.73,245.08,1,2,Kasual (Low Spending)
Dana Kaufman,533.26,2,92.73,266.63,1,3,Potensial (Average Spending)
Dana Moore,753.89,1,177.22,753.89,1,2,Kasual (Low Spending)
Dana Parker,402.2,2,124.33,201.1,1,3,Potensial (Average Spending)
Dana Patton,718.83,3,331.33,239.61,1,0,Premium (High Spending)
Dana Ramsey,322.07,1,79.0,322.07,1,2,Kasual (Low Spending)
Dana Rojas,71.95,1,28.39,71.95,1,2,Kasual (Low Spending)
Dana Taylor,181.92,1,50.0,181.92,1,2,Kasual (Low Spending)
Dana Young,77.91,1,15.07,77.91,1,2,Kasual (Low Spending)
Dana Zavala,4023.33,3,337.13,1341.11,1,0,Premium (High Spending)
Daniel Abbott,363.62,1,50.15,363.62,1,2,Kasual (Low Spending)
Daniel Acosta,157.94,1,55.01,157.94,1,2,Kasual (Low Spending)
Daniel Adams,1832.73,3,319.56,610.91,1,0,Premium (High Spending)
Daniel Anderson,1988.55,3,295.9,662.85,1,0,Premium (High Spending)
Daniel Armstrong,860.32,2,125.32,430.16,1,3,Potensial (Average Spending)
Daniel Bailey,105.07,1,16.66,105.07,1,2,Kasual (Low Spending)
Daniel Baker,210.91,1,74.88,210.91,1,2,Kasual (Low Spending)
Daniel Bell,1364.41,1,280.67,1364.41,1,2,Kasual (Low Spending)
Daniel Bennett,3088.4,4,337.0,772.1,1,0,Premium (High Spending)
Daniel Benson,3358.96,4,583.64,839.74,1,1,VIP (Top Buyers & High Quantity)
Daniel Bishop,643.42,1,100.93,643.42,1,2,Kasual (Low Spending)
Daniel Bowen,136.84,1,53.33,136.84,1,2,Kasual (Low Spending)
Daniel Bowers,882.94,2,243.36,441.47,2,3,Potensial (Average Spending)
Daniel Brown,1414.36,2,281.83,707.18,1,3,Potensial (Average Spending)
Daniel Burnett,116.92,1,34.72,116.92,1,2,Kasual (Low Spending)
Daniel Butler,3317.68,8,408.21,414.71,1,1,VIP (Top Buyers & High Quantity)
Daniel Caldwell,347.9,1,96.09,347.9,1,2,Kasual (Low Spending)
Daniel Cannon,182.28,2,45.89,91.14,1,3,Potensial (Average Spending)
Daniel Chapman,1730.22,6,199.39,288.37,1,0,Premium (High Spending)
Daniel Charles,507.7,2,118.71,253.85,1,3,Potensial (Average Spending)
Daniel Chavez,1392.18,2,175.9,696.09,1,3,Potensial (Average Spending)
Daniel Christian,834.44,1,278.82,834.44,1,2,Kasual (Low Spending)
Daniel Cisneros,533.65,1,57.84,533.65,1,2,Kasual (Low Spending)
Daniel Cooper,156.44,1,49.94,156.44,1,2,Kasual (Low Spending)
Daniel Crawford,534.48,4,233.87,133.62,1,0,Premium (High Spending)
Daniel Davis,631.3000000000001,3,200.04000000000002,284.21000000000004,2,3,Potensial (Average Spending)
Daniel Decker,826.46,1,162.5,826.46,1,2,Kasual (Low Spending)
Daniel Delgado,357.51,3,101.92,119.17,1,3,Potensial (Average Spending)
Daniel Dominguez,265.83,3,77.6,88.61,1,3,Potensial (Average Spending)
Daniel Evans,360.8,1,97.77,360.8,1,2,Kasual (Low Spending)
Daniel Fisher,96.36,2,41.4,48.18,1,3,Potensial (Average Spending)
Daniel Flores,416.67,3,164.14,138.89,1,3,Potensial (Average Spending)
Daniel Fuller,519.21,1,150.94,519.21,1,2,Kasual (Low Spending)
Daniel Garcia,434.71,2,138.39,217.355,2,3,Potensial (Average Spending)
Daniel Garrett,441.54,1,157.87,441.54,1,2,Kasual (Low Spending)
Daniel Gonzalez,1025.99,3,139.51999999999998,444.72999999999996,2,3,Potensial (Average Spending)
Daniel Guerrero,620.34,1,158.67,620.34,1,2,Kasual (Low Spending)
Daniel Gutierrez,913.09,1,127.73,913.09,1,2,Kasual (Low Spending)
Daniel Hall,488.88,3,47.12,162.96,1,3,Potensial (Average Spending)
Daniel Harrison,297.42,1,85.56,297.42,1,2,Kasual (Low Spending)
Daniel Henderson,952.49,1,92.5,952.49,1,2,Kasual (Low Spending)
Daniel Henry,427.26,1,84.9,427.26,1,2,Kasual (Low Spending)
Daniel Hernandez,5333.16,6,1045.51,928.2049999999999,2,1,VIP (Top Buyers & High Quantity)
Daniel Hoffman,269.72,1,23.55,269.72,1,2,Kasual (Low Spending)
Daniel Houston,855.64,1,152.77,855.64,1,2,Kasual (Low Spending)
Daniel Howard MD,647.0,1,159.12,647.0,1,2,Kasual (Low Spending)
Daniel Hudson,444.45,1,81.32,444.45,1,2,Kasual (Low Spending)
Daniel Hunt,462.68,1,68.46,462.68,1,2,Kasual (Low Spending)
Daniel James,665.25,1,90.26,665.25,1,2,Kasual (Low Spending)
Daniel Jenkins,1325.96,2,428.2,662.98,1,0,Premium (High Spending)
Daniel Johnson,386.26,3,89.89,140.48,2,3,Potensial (Average Spending)
Daniel Jones,1037.77,5,287.78,233.62333333333333,3,0,Premium (High Spending)
Daniel Juarez,719.78,2,90.72,359.89,1,3,Potensial (Average Spending)
Daniel Kane,1124.89,1,195.22,1124.89,1,2,Kasual (Low Spending)
Daniel Kelley,242.29,1,76.43,242.29,1,2,Kasual (Low Spending)
Daniel King,510.58,2,85.42,255.29,2,3,Potensial (Average Spending)
Daniel Larsen,292.17,1,111.33,292.17,1,2,Kasual (Low Spending)
Daniel Larson,948.6700000000001,5,206.18,274.18333333333334,3,0,Premium (High Spending)
Daniel Lee,328.16,2,140.72,164.08,1,3,Potensial (Average Spending)
Daniel Lin,351.78,3,34.05,117.26,1,3,Potensial (Average Spending)
Daniel Logan,751.02,1,149.72,751.02,1,2,Kasual (Low Spending)
Daniel Lowe,202.17,1,84.89,202.17,1,2,Kasual (Low Spending)
Daniel Mack,925.45,1,118.13,925.45,1,2,Kasual (Low Spending)
Daniel Marshall,2669.27,7,679.52,433.505,2,1,VIP (Top Buyers & High Quantity)
Daniel Martin,3183.58,7,464.8,421.57,3,1,VIP (Top Buyers & High Quantity)
Daniel Martinez,2528.0299999999997,5,740.66,462.625,2,1,VIP (Top Buyers & High Quantity)
Daniel Mcguire,284.12,2,66.34,142.06,1,3,Potensial (Average Spending)
Daniel Mclean,218.66,1,50.09,218.66,1,2,Kasual (Low Spending)
Daniel Mcneil,210.41,1,80.13,210.41,1,2,Kasual (Low Spending)
Daniel Mcpherson,957.14,2,117.36,478.57,1,3,Potensial (Average Spending)
Daniel Michael,328.55,1,116.37,328.55,1,2,Kasual (Low Spending)
Daniel Miller,1257.32,5,410.61,345.58,2,0,Premium (High Spending)
Daniel Montes,400.45,1,61.11,400.45,1,2,Kasual (Low Spending)
Daniel Moore,23.34,1,6.62,23.34,1,2,Kasual (Low Spending)
Daniel Morgan,968.22,4,354.31,287.47,2,0,Premium (High Spending)
Daniel Murphy,413.54,2,100.28,206.77,1,3,Potensial (Average Spending)
Daniel Nelson,1912.26,3,344.9,637.42,1,0,Premium (High Spending)
Daniel Nichols,930.7,2,274.53,465.35,1,3,Potensial (Average Spending)
Daniel Nixon,77.65,1,18.21,77.65,1,2,Kasual (Low Spending)
Daniel Odonnell,99.52,2,32.7,49.76,1,3,Potensial (Average Spending)
Daniel Owens,1299.64,2,376.76,649.82,1,0,Premium (High Spending)
Daniel Page,1289.31,3,344.46,429.77,1,0,Premium (High Spending)
Daniel Parker,2852.13,3,480.44,950.71,1,0,Premium (High Spending)
Daniel Patel,181.28,1,47.16,181.28,1,2,Kasual (Low Spending)
Daniel Pearson,586.62,3,140.6,195.54,1,3,Potensial (Average Spending)
Daniel Pennington,427.82,2,117.1,213.91,1,3,Potensial (Average Spending)
Daniel Pierce,243.69,3,75.53,81.23,1,3,Potensial (Average Spending)
Daniel Pollard,1469.24,2,208.1,734.62,1,3,Potensial (Average Spending)
Daniel Porter,1155.39,2,245.37,577.695,2,3,Potensial (Average Spending)
Daniel Powell,426.98,1,121.36,426.98,1,2,Kasual (Low Spending)
Daniel Rangel,443.26,2,156.03,221.63,1,3,Potensial (Average Spending)
Daniel Richardson,101.07,1,29.2,101.07,1,2,Kasual (Low Spending)
Daniel Rivera,152.89,1,31.11,152.89,1,2,Kasual (Low Spending)
Daniel Roberts,108.15,1,36.27,108.15,1,2,Kasual (Low Spending)
Daniel Robertson,110.75,1,16.13,110.75,1,2,Kasual (Low Spending)
Daniel Robinson,775.01,1,149.19,775.01,1,2,Kasual (Low Spending)
Daniel Rosales,108.36,2,38.73,54.18,1,3,Potensial (Average Spending)
Daniel Ross,1153.02,2,155.33,576.51,1,3,Potensial (Average Spending)
Daniel Roth,415.59,1,75.48,415.59,1,2,Kasual (Low Spending)
Daniel Russell,680.45,1,63.86,680.45,1,2,Kasual (Low Spending)
Daniel Ryan,367.67,1,72.78,367.67,1,2,Kasual (Low Spending)
Daniel Sanford,399.1,2,136.23,199.55,1,3,Potensial (Average Spending)
Daniel Savage,188.78,1,69.1,188.78,1,2,Kasual (Low Spending)
Daniel Schneider,221.34,3,34.11,73.78,1,3,Potensial (Average Spending)
Daniel Schroeder,455.6,1,144.39,455.6,1,2,Kasual (Low Spending)
Daniel Scott,3287.3599999999997,5,759.52,637.7850000000001,2,1,VIP (Top Buyers & High Quantity)
Daniel Shaw,588.38,1,180.26,588.38,1,2,Kasual (Low Spending)
Daniel Silva,1691.04,3,363.76,563.68,1,0,Premium (High Spending)
Daniel Simpson,1558.8100000000002,6,438.7,302.645,2,0,Premium (High Spending)
Daniel Singh,226.14,1,71.15,226.14,1,2,Kasual (Low Spending)
Daniel Smith,2563.5,10,818.8,251.98333333333335,6,1,VIP (Top Buyers & High Quantity)
Daniel Snow,1800.16,4,371.13,450.04,1,0,Premium (High Spending)
Daniel Spears,754.6,5,73.32,150.92,1,3,Potensial (Average Spending)
Daniel Stewart,734.42,2,226.6,367.21,1,3,Potensial (Average Spending)
Daniel Strickland,1312.0,4,115.56,328.0,1,0,Premium (High Spending)
Daniel Sutton,644.01,1,172.89,644.01,1,2,Kasual (Low Spending)
Daniel Taylor,654.96,2,94.61,327.48,1,3,Potensial (Average Spending)
Daniel Terry,845.46,2,281.42,422.73,1,3,Potensial (Average Spending)
Daniel Thomas,2345.96,4,360.78999999999996,586.49,2,0,Premium (High Spending)
Daniel Torres,853.17,1,96.11,853.17,1,2,Kasual (Low Spending)
Daniel Valentine,664.18,1,89.11,664.18,1,2,Kasual (Low Spending)
Daniel Vang,413.99,1,139.1,413.99,1,2,Kasual (Low Spending)
Daniel Wagner,487.5,1,149.1,487.5,1,2,Kasual (Low Spending)
Daniel Wallace,731.74,5,147.79,331.48999999999995,2,0,Premium (High Spending)
Daniel Washington,322.91,1,95.3,322.91,1,2,Kasual (Low Spending)
Daniel Wells,604.78,2,257.21,302.39,2,3,Potensial (Average Spending)
Daniel White,1074.02,3,196.92,293.005,2,3,Potensial (Average Spending)
Daniel Williams,638.85,5,260.34,157.53666666666666,3,0,Premium (High Spending)
Daniel Wilson,3351.06,6,577.32,484.52333333333337,3,1,VIP (Top Buyers & High Quantity)
Daniel Zuniga,1432.56,2,270.09,716.28,1,3,Potensial (Average Spending)
Danielle Anderson,239.25,1,61.69,239.25,1,2,Kasual (Low Spending)
Danielle Barrett,429.83,1,151.61,429.83,1,2,Kasual (Low Spending)
Danielle Burns,696.86,1,120.99,696.86,1,2,Kasual (Low Spending)
Danielle Bush,1017.48,2,284.27,508.74,1,3,Potensial (Average Spending)
Danielle Campbell,79.18,2,25.03,39.59,1,3,Potensial (Average Spending)
Danielle Carr,612.23,1,69.47,612.23,1,2,Kasual (Low Spending)
Danielle Cooper,848.4,5,308.24,166.535,2,0,Premium (High Spending)
Danielle Delgado,222.44,1,69.24,222.44,1,2,Kasual (Low Spending)
Danielle Dixon,485.2,2,122.03,242.6,1,3,Potensial (Average Spending)
Danielle Dougherty,186.21,1,52.04,186.21,1,2,Kasual (Low Spending)
Danielle Dunn,728.08,1,125.57,728.08,1,2,Kasual (Low Spending)
Danielle Fleming,1071.22,2,218.95,535.61,1,3,Potensial (Average Spending)
Danielle Frederick,176.48,2,47.81,88.24,1,3,Potensial (Average Spending)
Danielle Gomez,331.52,2,142.05,165.76,1,3,Potensial (Average Spending)
Danielle Gordon,609.66,3,103.59,265.975,2,3,Potensial (Average Spending)
Danielle Guzman,610.95,1,115.14,610.95,1,2,Kasual (Low Spending)
Danielle Herman,2317.23,3,462.83,772.41,1,0,Premium (High Spending)
Danielle Hill,973.29,3,128.68,324.43,1,3,Potensial (Average Spending)
Danielle Hull,241.03,1,73.44,241.03,1,2,Kasual (Low Spending)
Danielle Lewis,66.44,1,19.26,66.44,1,2,Kasual (Low Spending)
Danielle Malone,246.07,1,108.97,246.07,1,2,Kasual (Low Spending)
Danielle Martin,1266.36,4,159.94,316.59,1,0,Premium (High Spending)
Danielle Mccarty,466.56,3,146.57,155.52,1,3,Potensial (Average Spending)
Danielle Mitchell,106.91,1,21.95,106.91,1,2,Kasual (Low Spending)
Danielle Molina,3385.48,4,450.75,846.37,1,0,Premium (High Spending)
Danielle Morse,769.64,2,109.34,384.82,1,3,Potensial (Average Spending)
Danielle Neal,908.8800000000001,4,185.79,272.5,2,0,Premium (High Spending)
Danielle Ortiz,459.92,2,76.5,229.96,1,3,Potensial (Average Spending)
Danielle Petersen,1013.98,2,314.02,506.99,1,3,Potensial (Average Spending)
Danielle Potter,654.54,1,53.81,654.54,1,2,Kasual (Low Spending)
Danielle Randolph,209.56,1,92.15,209.56,1,2,Kasual (Low Spending)
Danielle Robertson,225.08,2,50.77,112.54,1,3,Potensial (Average Spending)
Danielle Salazar,496.96,2,39.89,248.48,1,3,Potensial (Average Spending)
Danielle Sanchez,2560.38,3,749.59,853.46,1,1,VIP (Top Buyers & High Quantity)
Danielle Shaw,950.1,2,171.9,475.05,1,3,Potensial (Average Spending)
Danielle Spears,393.49,1,36.29,393.49,1,2,Kasual (Low Spending)
Danielle Stewart,49.97,1,21.83,49.97,1,2,Kasual (Low Spending)
Danielle Sutton,199.87,1,29.85,199.87,1,2,Kasual (Low Spending)
Danielle Taylor,1355.2,5,172.07,271.04,1,0,Premium (High Spending)
Danielle Tran,172.87,1,30.87,172.87,1,2,Kasual (Low Spending)
Danielle Valdez,474.2,2,99.78,237.1,1,3,Potensial (Average Spending)
Danielle Waters,490.08,2,186.53,245.04,1,3,Potensial (Average Spending)
Danielle Weber,84.46,1,17.69,84.46,1,2,Kasual (Low Spending)
Danielle West,991.62,3,136.44,330.54,1,3,Potensial (Average Spending)
Danielle Wilkins,327.49,1,126.09,327.49,1,2,Kasual (Low Spending)
Danielle Woods,797.62,1,106.08,797.62,1,2,Kasual (Low Spending)
Danny Baldwin,867.84,2,382.41,433.92,1,3,Potensial (Average Spending)
Danny Camacho,152.9,1,49.69,152.9,1,2,Kasual (Low Spending)
Danny Charles,273.72,2,116.0,136.86,1,3,Potensial (Average Spending)
Danny Davis,361.56,2,65.75,180.78,1,3,Potensial (Average Spending)
Danny Dudley,365.98,2,166.17,182.99,1,3,Potensial (Average Spending)
Danny Gomez,804.32,2,156.37,402.16,1,3,Potensial (Average Spending)
Danny Gonzales DDS,252.63,1,89.27,252.63,1,2,Kasual (Low Spending)
Danny Johnson,285.38,2,125.15,142.69,1,3,Potensial (Average Spending)
Danny Landry,283.24,2,112.76,141.62,1,3,Potensial (Average Spending)
Danny Luna,208.68,1,84.62,208.68,1,2,Kasual (Low Spending)
Danny Martinez,218.5,1,47.6,218.5,1,2,Kasual (Low Spending)
Danny Pacheco,57.53,1,15.35,57.53,1,2,Kasual (Low Spending)
Danny Porter,397.97,1,81.34,397.97,1,2,Kasual (Low Spending)
Danny Reid,364.87,1,103.73,364.87,1,2,Kasual (Low Spending)
Danny Roach,1878.58,2,556.32,939.29,1,0,Premium (High Spending)
Danny Schmidt,365.32,1,63.97,365.32,1,2,Kasual (Low Spending)
Darin Jensen,386.32,1,74.94,386.32,1,2,Kasual (Low Spending)
Darius Hall,302.42,1,87.08,302.42,1,2,Kasual (Low Spending)
Darius Newman,264.48,2,83.96,132.24,1,3,Potensial (Average Spending)
Darlene Hernandez,382.02,2,141.44,191.01,1,3,Potensial (Average Spending)
Darlene Morris,288.09,3,99.75,96.03,1,3,Potensial (Average Spending)
Darlene Myers,92.04,1,31.68,92.04,1,2,Kasual (Low Spending)
Darlene Sampson,887.54,1,102.45,887.54,1,2,Kasual (Low Spending)
Darlene Taylor,3020.04,3,380.72,1006.68,1,0,Premium (High Spending)
Darlene Thompson,208.84,1,57.28,208.84,1,2,Kasual (Low Spending)
Darlene Watkins,597.9,2,236.32,298.95,1,3,Potensial (Average Spending)
Darrell Flores,1817.62,4,269.25,555.7,2,0,Premium (High Spending)
Darrell Harper,378.49,1,105.99,378.49,1,2,Kasual (Low Spending)
Darrell Kelley,1746.7,2,294.67,873.35,1,0,Premium (High Spending)
Darrell Martinez,833.34,1,73.53,833.34,1,2,Kasual (Low Spending)
Darrell Sanchez,53.04,1,14.45,53.04,1,2,Kasual (Low Spending)
Darren Burke,578.67,3,143.51,192.89,1,3,Potensial (Average Spending)
Darren Grant,221.88,1,36.04,221.88,1,2,Kasual (Low Spending)
Darren Hill,1744.22,2,438.5,872.11,1,0,Premium (High Spending)
Darren Kelly,331.35,3,108.54,110.45,1,3,Potensial (Average Spending)
Darren Mcbride,287.37,1,128.02,287.37,1,2,Kasual (Low Spending)
Darren Miller,237.14,2,78.56,118.57,1,3,Potensial (Average Spending)
Darren Rivera,1740.66,2,154.42,870.33,1,3,Potensial (Average Spending)
Darren Walters,242.39,1,69.78,242.39,1,2,Kasual (Low Spending)
Darren Young,358.27,1,89.31,358.27,1,2,Kasual (Low Spending)
Darryl Church,268.84,1,116.89,268.84,1,2,Kasual (Low Spending)
Darryl Jackson,534.88,2,202.08,267.44,1,3,Potensial (Average Spending)
Darryl Perez,1961.12,4,326.58,490.28,1,0,Premium (High Spending)
Darryl Williams,956.87,1,186.75,956.87,1,2,Kasual (Low Spending)
Daryl Turner,676.48,4,204.99,169.12,1,0,Premium (High Spending)
Daryl Wallace,220.02,2,45.11,110.01,1,3,Potensial (Average Spending)
Dave Castillo,299.99,1,86.72,299.99,1,2,Kasual (Low Spending)
Dave Tucker,372.3,2,129.06,186.15,1,3,Potensial (Average Spending)
David Adams,261.35,1,45.83,261.35,1,2,Kasual (Low Spending)
David Andrade,744.94,2,263.1,372.47,1,3,Potensial (Average Spending)
David Andrews,218.42,1,94.82,218.42,1,2,Kasual (Low Spending)
David Arnold,1290.21,3,300.58,430.07,1,0,Premium (High Spending)
David Baker,354.9,1,129.16,354.9,1,2,Kasual (Low Spending)
David Banks,573.03,1,48.69,573.03,1,2,Kasual (Low Spending)
David Barker,868.86,2,325.35,434.43,1,3,Potensial (Average Spending)
David Bates,264.42,3,104.35,88.14,1,3,Potensial (Average Spending)
David Bell,227.34,1,108.59,227.34,1,2,Kasual (Low Spending)
David Bennett,120.84,2,28.9,60.42,1,3,Potensial (Average Spending)
David Bishop,1135.16,1,169.78,1135.16,1,2,Kasual (Low Spending)
David Bray MD,108.79,1,32.71,108.79,1,2,Kasual (Low Spending)
David Brooks,884.52,1,128.9,884.52,1,2,Kasual (Low Spending)
David Brown,155.29,1,41.28,155.29,1,2,Kasual (Low Spending)
David Browning,284.45,1,103.07,284.45,1,2,Kasual (Low Spending)
David Bryant,2259.15,5,660.33,451.83,1,1,VIP (Top Buyers & High Quantity)
David Burch,891.85,1,156.51,891.85,1,2,Kasual (Low Spending)
David Caldwell,705.9,1,132.86,705.9,1,2,Kasual (Low Spending)
David Cannon,106.28,1,20.58,106.28,1,2,Kasual (Low Spending)
David Cardenas,390.26,1,138.64,390.26,1,2,Kasual (Low Spending)
David Chambers,284.76,1,106.49,284.76,1,2,Kasual (Low Spending)
David Chandler,328.9,2,76.66,164.45,1,3,Potensial (Average Spending)
David Chapman,673.72,2,200.2,336.86,1,3,Potensial (Average Spending)
David Chase,660.43,1,89.11,660.43,1,2,Kasual (Low Spending)
David Chen,809.84,2,114.62,404.92,1,3,Potensial (Average Spending)
David Chung,1659.9,2,381.17,829.95,1,0,Premium (High Spending)
David Clark,1149.36,3,251.28,383.12,1,0,Premium (High Spending)
David Cohen,2008.78,2,360.44,1004.39,1,0,Premium (High Spending)
David Coleman Jr.,320.76,3,32.62,106.92,1,3,Potensial (Average Spending)
David Collins,353.17,1,72.29,353.17,1,2,Kasual (Low Spending)
David Conner,622.69,1,164.24,622.69,1,2,Kasual (Low Spending)
David Cook,1782.24,3,342.55,594.08,1,0,Premium (High Spending)
David Crawford,281.46,2,99.56,140.73,2,3,Potensial (Average Spending)
David Davis,4284.19,6,681.19,648.0840000000001,5,1,VIP (Top Buyers & High Quantity)
David Day,404.81,1,107.38,404.81,1,2,Kasual (Low Spending)
David Diaz,618.14,1,103.78,618.14,1,2,Kasual (Low Spending)
David Dominguez,167.55,1,44.97,167.55,1,2,Kasual (Low Spending)
David Dorsey,591.3,3,177.12,197.1,1,3,Potensial (Average Spending)
David Evans,2223.82,2,278.77,1111.91,1,0,Premium (High Spending)
David Fields,64.38,1,24.05,64.38,1,2,Kasual (Low Spending)
David Figueroa,217.55,1,50.67,217.55,1,2,Kasual (Low Spending)
David Foster,774.24,3,163.62,258.08,1,3,Potensial (Average Spending)
David Fox,136.74,1,18.67,136.74,1,2,Kasual (Low Spending)
David Francis,213.39,1,51.72,213.39,1,2,Kasual (Low Spending)
David Frank,847.45,1,185.18,847.45,1,2,Kasual (Low Spending)
David Frederick,41.63,1,15.88,41.63,1,2,Kasual (Low Spending)
David Freeman,365.3,2,98.36,182.65,2,3,Potensial (Average Spending)
David Friedman,570.84,2,76.34,285.42,1,3,Potensial (Average Spending)
David Galvan,479.07,1,60.73,479.07,1,2,Kasual (Low Spending)
David Garcia,1971.89,3,386.85,530.715,2,0,Premium (High Spending)
David Gardner,788.08,1,160.28,788.08,1,2,Kasual (Low Spending)
David Garrett,91.63,1,32.99,91.63,1,2,Kasual (Low Spending)
David Glenn,1914.54,3,263.15,638.18,1,0,Premium (High Spending)
David Gonzalez,1283.62,2,242.25,641.81,1,3,Potensial (Average Spending)
David Good,349.73,1,56.26,349.73,1,2,Kasual (Low Spending)
David Gordon,1221.3200000000002,6,215.49,239.27666666666667,3,0,Premium (High Spending)
David Grant,202.53,3,69.22,67.51,1,3,Potensial (Average Spending)
David Gray,223.49,1,52.66,223.49,1,2,Kasual (Low Spending)
David Gregory,567.94,1,95.64,567.94,1,2,Kasual (Low Spending)
David Gutierrez,2672.43,3,901.4,890.81,1,1,VIP (Top Buyers & High Quantity)
David Haley,2237.04,3,365.63,745.68,1,0,Premium (High Spending)
David Hall,369.67,1,66.74,369.67,1,2,Kasual (Low Spending)
David Harmon,1853.4,2,234.25,926.7,1,0,Premium (High Spending)
David Harrington,57.64,1,13.37,57.64,1,2,Kasual (Low Spending)
David Harris,2772.31,6,861.44,581.3233333333334,3,1,VIP (Top Buyers & High Quantity)
David Haynes,363.73,1,134.75,363.73,1,2,Kasual (Low Spending)
David Hensley,600.3,2,191.47,300.15,1,3,Potensial (Average Spending)
David Hernandez,803.37,7,251.21,160.395,2,0,Premium (High Spending)
David Hicks,773.39,1,109.08,773.39,1,2,Kasual (Low Spending)
David Hill,2989.44,6,479.64,425.98,2,1,VIP (Top Buyers & High Quantity)
David Howard,570.8,2,181.5,285.4,1,3,Potensial (Average Spending)
David Hubbard,156.4,2,31.24,78.2,1,3,Potensial (Average Spending)
David Hunt DVM,372.96,1,114.89,372.96,1,2,Kasual (Low Spending)
David Hunter,926.24,2,153.32,463.12,1,3,Potensial (Average Spending)
David Jackson,3794.41,9,753.37,386.84000000000003,2,1,VIP (Top Buyers & High Quantity)
David Johnson,2310.3,7,563.8700000000001,374.3733333333333,3,1,VIP (Top Buyers & High Quantity)
David Jones,2959.99,4,522.78,674.7366666666667,3,0,Premium (High Spending)
David Jones MD,291.59,1,69.59,291.59,1,2,Kasual (Low Spending)
David Kelly DDS,712.08,4,246.82,178.02,1,0,Premium (High Spending)
David Kennedy,262.34,1,107.93,262.34,1,2,Kasual (Low Spending)
David Kim,673.9000000000001,2,112.67999999999999,336.95000000000005,2,3,Potensial (Average Spending)
David Larsen,504.76,1,157.83,504.76,1,2,Kasual (Low Spending)
David Lee,2115.01,4,296.98,505.105,2,0,Premium (High Spending)
David Leon,640.74,3,270.63,213.58,1,3,Potensial (Average Spending)
David Lewis,1037.96,4,199.24,259.49,1,0,Premium (High Spending)
David Liu,407.43,3,122.03,135.81,1,3,Potensial (Average Spending)
David Long,401.56,1,114.48,401.56,1,2,Kasual (Low Spending)
David Lopez,3590.5,11,724.97,340.96999999999997,5,1,VIP (Top Buyers & High Quantity)
David Luna,409.37,1,60.77,409.37,1,2,Kasual (Low Spending)
David Manning,4839.78,7,1608.74,488.46500000000003,2,1,VIP (Top Buyers & High Quantity)
David Martin,149.94,1,46.02,149.94,1,2,Kasual (Low Spending)
David Martinez,224.76,1,50.59,224.76,1,2,Kasual (Low Spending)
David Massey,406.96,2,94.12,203.48,1,3,Potensial (Average Spending)
David Mccullough,433.5,2,139.99,216.75,1,3,Potensial (Average Spending)
David Mckinney,354.18,1,96.14,354.18,1,2,Kasual (Low Spending)
David Mercado,1269.84,3,293.76,423.28,1,0,Premium (High Spending)
David Miller,769.99,5,157.93,264.125,2,0,Premium (High Spending)
David Mills,2704.96,5,308.08,461.75,2,0,Premium (High Spending)
David Mitchell,2977.46,8,705.14,472.0533333333333,3,1,VIP (Top Buyers & High Quantity)
David Moody,419.14,1,91.31,419.14,1,2,Kasual (Low Spending)
David Moreno,56.83,1,11.7,56.83,1,2,Kasual (Low Spending)
David Morgan,1159.62,3,294.8,334.015,2,0,Premium (High Spending)
David Murphy,342.23,1,134.17,342.23,1,2,Kasual (Low Spending)
David Nguyen,896.5,5,129.71,201.545,2,0,Premium (High Spending)
David Nichols,400.94,2,167.48,200.47,1,3,Potensial (Average Spending)
David Ortiz,200.5,1,27.98,200.5,1,2,Kasual (Low Spending)
David Page,786.78,3,113.37,262.26,1,3,Potensial (Average Spending)
David Patterson MD,148.46,1,32.45,148.46,1,2,Kasual (Low Spending)
David Phillips,1661.37,3,257.07,553.79,1,0,Premium (High Spending)
David Pineda,115.96,1,43.75,115.96,1,2,Kasual (Low Spending)
David Pope,366.43,1,30.27,366.43,1,2,Kasual (Low Spending)
David Potter,387.6,2,105.69,193.8,1,3,Potensial (Average Spending)
David Powell,746.8199999999999,3,207.98000000000002,215.93,2,3,Potensial (Average Spending)
David Price,158.4,3,48.15,52.8,1,3,Potensial (Average Spending)
David Ramsey,223.44,2,63.87,111.72,1,3,Potensial (Average Spending)
David Ray,257.82,2,50.28,128.91,1,3,Potensial (Average Spending)
David Reynolds,1862.83,4,514.39,404.29999999999995,3,0,Premium (High Spending)
David Rice,185.88,1,40.25,185.88,1,2,Kasual (Low Spending)
David Roberts,571.0,2,122.75,285.5,1,3,Potensial (Average Spending)
David Robertson,717.0,2,296.49,358.5,1,3,Potensial (Average Spending)
David Rodriguez,753.1899999999999,3,215.94,340.865,2,3,Potensial (Average Spending)
David Romero,333.24,1,129.51,333.24,1,2,Kasual (Low Spending)
David Rowe,372.4,2,141.37,186.2,1,3,Potensial (Average Spending)
David Ruiz,642.34,3,133.67000000000002,263.6,2,3,Potensial (Average Spending)
David Ryan,235.67,1,102.09,235.67,1,2,Kasual (Low Spending)
David Sanchez,92.55,1,38.63,92.55,1,2,Kasual (Low Spending)
David Sanders,335.31,1,140.78,335.31,1,2,Kasual (Low Spending)
David Sandoval,76.03,1,33.9,76.03,1,2,Kasual (Low Spending)
David Saunders,62.74,1,24.93,62.74,1,2,Kasual (Low Spending)
David Scott,354.93,3,98.49,118.31,1,3,Potensial (Average Spending)
David Sheppard,132.58,1,11.42,132.58,1,2,Kasual (Low Spending)
David Simmons,1773.52,4,551.38,443.38,1,0,Premium (High Spending)
David Simpson,893.7199999999999,3,343.69,281.53499999999997,2,0,Premium (High Spending)
David Singleton,449.58,1,147.01,449.58,1,2,Kasual (Low Spending)
David Smith,5815.09,15,1019.0,373.9783333333333,6,1,VIP (Top Buyers & High Quantity)
David Smith MD,46.59,1,19.79,46.59,1,2,Kasual (Low Spending)
David Spencer,99.45,1,17.3,99.45,1,2,Kasual (Low Spending)
David Taylor,987.02,3,218.93,425.67499999999995,2,3,Potensial (Average Spending)
David Terry,346.42,2,145.3,173.21,1,3,Potensial (Average Spending)
David Thomas,2795.7300000000005,4,364.01,566.4449999999999,2,0,Premium (High Spending)
David Torres,147.84,2,36.54,73.92,1,3,Potensial (Average Spending)
David Tucker,515.23,2,184.47,257.615,2,3,Potensial (Average Spending)
David Turner,154.8,1,26.99,154.8,1,2,Kasual (Low Spending)
David Vasquez,757.74,2,167.0,378.87,1,3,Potensial (Average Spending)
David Vazquez,1406.39,4,232.0,391.1566666666667,3,0,Premium (High Spending)
David Walter,516.36,2,122.79,258.18,1,3,Potensial (Average Spending)
David Ward,850.54,3,292.9,303.645,2,0,Premium (High Spending)
David Weaver,423.33,1,73.58,423.33,1,2,Kasual (Low Spending)
David Webster,1177.76,2,215.65,588.88,1,3,Potensial (Average Spending)
David Wells,293.91,1,89.38,293.91,1,2,Kasual (Low Spending)
David West,31.8,1,10.75,31.8,1,2,Kasual (Low Spending)
David White,2587.15,5,543.13,501.16,3,1,VIP (Top Buyers & High Quantity)
David Wilkerson,1063.89,3,257.75,354.63,1,0,Premium (High Spending)
David Wilkinson,573.7,2,151.76,286.85,1,3,Potensial (Average Spending)
David Williams,1685.87,7,534.25,199.41666666666666,3,1,VIP (Top Buyers & High Quantity)
David Wilson,439.04,2,123.96,219.52,1,3,Potensial (Average Spending)
David Wolf,480.64,2,124.49,240.32,1,3,Potensial (Average Spending)
David Wood,1503.4,4,339.17,375.85,1,0,Premium (High Spending)
David Woods,27.17,1,11.39,27.17,1,2,Kasual (Low Spending)
David Wright,1382.52,2,120.44,691.26,1,3,Potensial (Average Spending)
David York,1625.16,3,417.49,541.72,1,0,Premium (High Spending)
David York II,338.68,2,130.02,169.34,1,3,Potensial (Average Spending)
David Young,747.92,2,118.80000000000001,373.96,2,3,Potensial (Average Spending)
David Yu,111.37,1,34.5,111.37,1,2,Kasual (Low Spending)
Dawn Alexander,1153.19,1,212.41,1153.19,1,2,Kasual (Low Spending)
Dawn Allen,310.16,1,67.29,310.16,1,2,Kasual (Low Spending)
Dawn Anderson,325.49,1,124.05,325.49,1,2,Kasual (Low Spending)
Dawn Barnes,137.54,1,32.91,137.54,1,2,Kasual (Low Spending)
Dawn Black,673.5,1,93.21,673.5,1,2,Kasual (Low Spending)
Dawn Carlson,996.18,2,192.24,498.09,1,3,Potensial (Average Spending)
Dawn Cole,125.42,1,46.91,125.42,1,2,Kasual (Low Spending)
Dawn Dominguez,580.08,2,135.67,290.04,1,3,Potensial (Average Spending)
Dawn Duke,169.89,1,54.79,169.89,1,2,Kasual (Low Spending)
Dawn Fox,277.23,1,93.63,277.23,1,2,Kasual (Low Spending)
Dawn Haley,263.85,1,57.11,263.85,1,2,Kasual (Low Spending)
Dawn Harmon,2550.7,2,338.62,1275.35,1,0,Premium (High Spending)
Dawn Hill,640.88,2,141.14,320.44,2,3,Potensial (Average Spending)
Dawn Horton,1090.74,3,210.57,363.58,1,3,Potensial (Average Spending)
Dawn Hughes,133.67,1,28.71,133.67,1,2,Kasual (Low Spending)
Dawn Johnson,642.51,2,122.32,321.255,2,3,Potensial (Average Spending)
Dawn Klein,2043.81,3,222.89,681.27,1,0,Premium (High Spending)
Dawn Leblanc,577.68,2,250.11,288.84,1,3,Potensial (Average Spending)
Dawn Lee,217.74,1,107.69,217.74,1,2,Kasual (Low Spending)
Dawn Lewis,507.18,1,92.7,507.18,1,2,Kasual (Low Spending)
Dawn Marshall,1131.9,1,214.62,1131.9,1,2,Kasual (Low Spending)
Dawn Martinez,340.5,2,131.04,170.25,1,3,Potensial (Average Spending)
Dawn Mccormick,253.79,1,102.36,253.79,1,2,Kasual (Low Spending)
Dawn Moore,2167.1099999999997,3,310.18,713.78,2,0,Premium (High Spending)
Dawn Nichols,119.08,1,20.75,119.08,1,2,Kasual (Low Spending)
Dawn Pearson,1979.04,3,174.09,659.68,1,0,Premium (High Spending)
Dawn Richardson,884.9,1,170.84,884.9,1,2,Kasual (Low Spending)
Dawn Rogers,2298.76,2,578.7,1149.38,1,0,Premium (High Spending)
Dawn Rosario,754.05,1,101.0,754.05,1,2,Kasual (Low Spending)
Dawn Sanchez,649.0,4,61.13,162.25,1,3,Potensial (Average Spending)
Dawn Simon,1945.11,3,168.02,648.37,1,0,Premium (High Spending)
Dawn Smith,1136.68,4,241.20000000000002,284.17,2,0,Premium (High Spending)
Dawn Stephens,3390.72,3,1072.27,1130.24,1,1,VIP (Top Buyers & High Quantity)
Dawn Stewart,367.94,1,126.29,367.94,1,2,Kasual (Low Spending)
Dawn Sullivan,576.5,1,156.52,576.5,1,2,Kasual (Low Spending)
Dawn Underwood,359.54,1,91.84,359.54,1,2,Kasual (Low Spending)
Dawn Walters MD,1805.22,2,262.71,902.61,1,0,Premium (High Spending)
Dawn Williams,1561.04,2,527.82,780.52,1,0,Premium (High Spending)
Dean Anderson,866.34,2,116.84,433.17,1,3,Potensial (Average Spending)
Dean Cox,928.16,2,92.98,464.08,1,3,Potensial (Average Spending)
Dean Johnson,1547.35,8,506.22,299.735,2,1,VIP (Top Buyers & High Quantity)
Dean Kelly,289.36,2,102.52,144.68,2,3,Potensial (Average Spending)
Dean Phillips,248.25,1,52.2,248.25,1,2,Kasual (Low Spending)
Dean Rich,1788.15,3,404.38,596.05,1,0,Premium (High Spending)
Dean Whitaker,832.68,3,338.06,277.56,1,0,Premium (High Spending)
Deanna Gonzalez,1608.44,2,248.99,804.22,1,3,Potensial (Average Spending)
Deanna Hurst,1589.68,2,217.61,794.84,1,3,Potensial (Average Spending)
Deanna Johnson,354.0,1,100.52,354.0,1,2,Kasual (Low Spending)
Deanna Kelley,607.41,3,48.78,202.47,1,3,Potensial (Average Spending)
Deanna Taylor,1011.14,2,144.34,505.57,1,3,Potensial (Average Spending)
Deanna Walker,304.46,2,143.68,152.23,1,3,Potensial (Average Spending)
Deanna Wilson,262.74,3,118.2,87.58,1,3,Potensial (Average Spending)
Debbie Benitez,186.22,1,22.74,186.22,1,2,Kasual (Low Spending)
Debbie Bryan,1877.05,5,371.34,375.41,1,0,Premium (High Spending)
Debbie Bush,844.3,2,223.8,422.15,1,3,Potensial (Average Spending)
Debbie Clark,2197.64,2,182.4,1098.82,1,0,Premium (High Spending)
Debbie Cunningham,268.86,1,88.55,268.86,1,2,Kasual (Low Spending)
Debbie Foley,590.73,1,83.91,590.73,1,2,Kasual (Low Spending)
Debbie Gray,501.92,1,89.49,501.92,1,2,Kasual (Low Spending)
Debbie Johnson,444.61,1,106.82,444.61,1,2,Kasual (Low Spending)
Debbie Moore,359.71,2,109.68,179.855,2,3,Potensial (Average Spending)
Debbie Morales,315.14,1,106.62,315.14,1,2,Kasual (Low Spending)
Debbie Rice,374.82,2,142.3,187.41,1,3,Potensial (Average Spending)
Debbie Richmond,372.8,4,162.29,93.2,1,3,Potensial (Average Spending)
Debbie Rivera,1009.35,1,184.54,1009.35,1,2,Kasual (Low Spending)
Debbie Roberts MD,583.9,2,90.6,291.95,1,3,Potensial (Average Spending)
Debbie Roth,849.88,1,269.34,849.88,1,2,Kasual (Low Spending)
Debbie Taylor,192.38,2,73.31,96.19,1,3,Potensial (Average Spending)
Debbie Thomas,821.3,1,286.52,821.3,1,2,Kasual (Low Spending)
Debbie Vargas,1305.0,6,543.58,217.5,1,1,VIP (Top Buyers & High Quantity)
Deborah Adkins,148.1,2,50.63,74.05,1,3,Potensial (Average Spending)
Deborah Anderson,103.06,1,49.88,103.06,1,2,Kasual (Low Spending)
Deborah Bartlett,568.51,1,159.62,568.51,1,2,Kasual (Low Spending)
Deborah Clements,154.01,1,14.72,154.01,1,2,Kasual (Low Spending)
Deborah Cohen,534.32,1,65.64,534.32,1,2,Kasual (Low Spending)
Deborah Copeland,871.48,1,132.43,871.48,1,2,Kasual (Low Spending)
Deborah Cuevas,492.27,1,98.88,492.27,1,2,Kasual (Low Spending)
Deborah Davis,313.09,1,134.65,313.09,1,2,Kasual (Low Spending)
Deborah Dawson,5060.28,4,773.3,1265.07,1,1,VIP (Top Buyers & High Quantity)
Deborah Durham,369.64,4,112.81,92.41,1,3,Potensial (Average Spending)
Deborah Edwards,1587.52,4,666.74,396.88,1,0,Premium (High Spending)
Deborah French,946.05,1,185.97,946.05,1,2,Kasual (Low Spending)
Deborah Jarvis,1243.11,3,422.5,414.37,1,0,Premium (High Spending)
Deborah Johnson,120.82,1,25.68,120.82,1,2,Kasual (Low Spending)
Deborah Lewis,303.57,1,60.09,303.57,1,2,Kasual (Low Spending)
Deborah Lopez,852.34,1,200.38,852.34,1,2,Kasual (Low Spending)
Deborah Martin,200.96,1,53.15,200.96,1,2,Kasual (Low Spending)
Deborah Mccarthy,414.39,1,41.92,414.39,1,2,Kasual (Low Spending)
Deborah Mccormick,273.18,1,58.65,273.18,1,2,Kasual (Low Spending)
Deborah Miller,1609.26,2,525.04,804.63,1,0,Premium (High Spending)
Deborah Murphy,225.1,1,55.39,225.1,1,2,Kasual (Low Spending)
Deborah Murray,766.15,1,160.72,766.15,1,2,Kasual (Low Spending)
Deborah Nichols,377.01,1,86.1,377.01,1,2,Kasual (Low Spending)
Deborah Owens,657.49,1,91.98,657.49,1,2,Kasual (Low Spending)
Deborah Pineda,397.68,1,84.75,397.68,1,2,Kasual (Low Spending)
Deborah Reed,232.44,1,34.68,232.44,1,2,Kasual (Low Spending)
Deborah Rhodes,1310.1,2,186.0,655.05,1,3,Potensial (Average Spending)
Deborah Rivera,81.74,1,21.39,81.74,1,2,Kasual (Low Spending)
Deborah Schmidt,229.98,3,74.76,76.66,1,3,Potensial (Average Spending)
Deborah Smith,472.56,2,108.88,236.28,1,3,Potensial (Average Spending)
Deborah Warren,108.3,2,20.43,54.15,1,3,Potensial (Average Spending)
Deborah Waters,145.94,1,65.43,145.94,1,2,Kasual (Low Spending)
Deborah White,223.84,2,39.24,111.92,1,3,Potensial (Average Spending)
Deborah Wright,703.12,2,239.66,351.56,1,3,Potensial (Average Spending)
Deborah York,1185.0,6,224.58,197.5,1,0,Premium (High Spending)
Debra Alexander,560.1,2,122.73,280.05,1,3,Potensial (Average Spending)
Debra Bullock,643.82,2,53.14,321.91,1,3,Potensial (Average Spending)
Debra Byrd,304.42,2,116.45,152.21,1,3,Potensial (Average Spending)
Debra Castillo,347.19,1,66.57,347.19,1,2,Kasual (Low Spending)
Debra Clay,286.15,1,73.31,286.15,1,2,Kasual (Low Spending)
Debra Cook,160.24,1,59.09,160.24,1,2,Kasual (Low Spending)
Debra Durham,560.19,3,114.28,186.73,1,3,Potensial (Average Spending)
Debra Evans,2118.33,3,420.98,706.11,1,0,Premium (High Spending)
Debra Griffin,213.78,1,45.5,213.78,1,2,Kasual (Low Spending)
Debra Harding,829.02,2,188.25,414.51,1,3,Potensial (Average Spending)
Debra Herman,507.76,1,126.55,507.76,1,2,Kasual (Low Spending)
Debra Hill,73.55,1,29.94,73.55,1,2,Kasual (Low Spending)
Debra Hodges,532.23,1,166.32,532.23,1,2,Kasual (Low Spending)
Debra Huff,463.55,1,64.54,463.55,1,2,Kasual (Low Spending)
Debra Jones,170.17,1,21.4,170.17,1,2,Kasual (Low Spending)
Debra Kaiser,529.57,1,80.53,529.57,1,2,Kasual (Low Spending)
Debra Martinez,488.39,1,100.64,488.39,1,2,Kasual (Low Spending)
Debra Miller,248.69,3,85.92999999999999,81.16999999999999,2,3,Potensial (Average Spending)
Debra Mitchell,3816.36,4,402.01,954.09,1,1,VIP (Top Buyers & High Quantity)
Debra Oconnor,266.67,3,58.77,88.89,1,3,Potensial (Average Spending)
Debra Reynolds,570.34,2,225.62,285.17,1,3,Potensial (Average Spending)
Debra Richardson,303.19,1,90.62,303.19,1,2,Kasual (Low Spending)
Debra Rivas,805.7,2,173.29,402.85,1,3,Potensial (Average Spending)
Debra Rosales,23.3,1,6.97,23.3,1,2,Kasual (Low Spending)
Debra Sawyer,315.08,1,80.99,315.08,1,2,Kasual (Low Spending)
Debra Walters,315.76,1,85.15,315.76,1,2,Kasual (Low Spending)
Debra West,202.3,1,54.69,202.3,1,2,Kasual (Low Spending)
Denise Andrews,798.34,1,79.43,798.34,1,2,Kasual (Low Spending)
Denise Bailey,101.22,2,24.2,50.61,1,3,Potensial (Average Spending)
Denise Barnes,587.56,1,161.05,587.56,1,2,Kasual (Low Spending)
Denise Brown,826.56,4,76.36,206.64,1,3,Potensial (Average Spending)
Denise Carlson,865.59,3,264.32,288.53,1,3,Potensial (Average Spending)
Denise Cunningham,69.34,2,21.13,34.67,1,3,Potensial (Average Spending)
Denise Farmer,124.19,1,54.69,124.19,1,2,Kasual (Low Spending)
Denise Fischer,1660.1,2,522.07,830.05,1,0,Premium (High Spending)
Denise Fuller,2269.16,4,406.6,567.29,1,0,Premium (High Spending)
Denise Garner,1159.35,3,234.51,386.45,1,0,Premium (High Spending)
Denise Gomez,45.69,1,16.26,45.69,1,2,Kasual (Low Spending)
Denise Gonzales,413.79,3,175.65,137.93,1,3,Potensial (Average Spending)
Denise Gordon,557.52,4,122.56,139.38,1,3,Potensial (Average Spending)
Denise Green,667.44,1,73.74,667.44,1,2,Kasual (Low Spending)
Denise Hess,399.59,1,54.7,399.59,1,2,Kasual (Low Spending)
Denise Hoffman,209.59,1,56.08,209.59,1,2,Kasual (Low Spending)
Denise Hughes,767.1,1,217.6,767.1,1,2,Kasual (Low Spending)
Denise Johnson,1539.25,6,356.57,392.3833333333334,3,0,Premium (High Spending)
Denise Lee,87.04,2,37.45,43.52,1,3,Potensial (Average Spending)
Denise Long,1069.38,2,317.04,534.69,1,3,Potensial (Average Spending)
Denise Mathews,182.72,1,66.94,182.72,1,2,Kasual (Low Spending)
Denise Mccann,1355.6,2,180.26,677.8,1,3,Potensial (Average Spending)
Denise Mccarthy,395.34,2,155.88,197.67,1,3,Potensial (Average Spending)
Denise Miller,378.47,1,148.33,378.47,1,2,Kasual (Low Spending)
Denise Miranda,898.1,5,301.79,179.62,1,0,Premium (High Spending)
Denise Morales,556.86,1,194.08,556.86,1,2,Kasual (Low Spending)
Denise Morrow,80.72,1,28.91,80.72,1,2,Kasual (Low Spending)
Denise Reed,635.74,2,265.91,317.87,1,3,Potensial (Average Spending)
Denise Roberts,1133.91,3,299.79,377.97,1,0,Premium (High Spending)
Denise Steele,268.53,1,92.37,268.53,1,2,Kasual (Low Spending)
Denise Stephenson,419.34,3,90.77,139.78,1,3,Potensial (Average Spending)
Denise Sullivan,316.01,1,135.18,316.01,1,2,Kasual (Low Spending)
Denise Taylor,152.08,1,47.27,152.08,1,2,Kasual (Low Spending)
Denise Thornton,561.0,1,116.69,561.0,1,2,Kasual (Low Spending)
Denise West,601.33,1,75.21,601.33,1,2,Kasual (Low Spending)
Dennis Alvarez,1505.66,2,434.59,752.83,1,0,Premium (High Spending)
Dennis Bennett,3687.08,4,295.87,921.77,1,0,Premium (High Spending)
Dennis Brown,281.99,1,116.25,281.99,1,2,Kasual (Low Spending)
Dennis Carter,349.36,1,60.7,349.36,1,2,Kasual (Low Spending)
Dennis Dunn,191.84,1,53.25,191.84,1,2,Kasual (Low Spending)
Dennis Estrada,250.78,1,92.39,250.78,1,2,Kasual (Low Spending)
Dennis Flores,43.72,2,17.55,21.86,1,3,Potensial (Average Spending)
Dennis Garza,176.78,2,64.0,88.39,1,3,Potensial (Average Spending)
Dennis Gray,335.99,1,93.0,335.99,1,2,Kasual (Low Spending)
Dennis Hale,110.65,1,26.87,110.65,1,2,Kasual (Low Spending)
Dennis Hicks,618.42,3,204.48,206.14,1,3,Potensial (Average Spending)
Dennis Johnson,280.29,1,69.1,280.29,1,2,Kasual (Low Spending)
Dennis Jones,511.43,2,126.21000000000001,255.715,2,3,Potensial (Average Spending)
Dennis Lawrence,187.5,1,69.66,187.5,1,2,Kasual (Low Spending)
Dennis Lee,375.55,1,61.46,375.55,1,2,Kasual (Low Spending)
Dennis Maldonado,1060.98,2,359.4,530.49,1,0,Premium (High Spending)
Dennis Martin,465.78,3,215.23,155.26,1,3,Potensial (Average Spending)
Dennis Mason,170.69,1,41.65,170.69,1,2,Kasual (Low Spending)
Dennis Moore,838.24,5,111.94999999999999,184.065,2,0,Premium (High Spending)
Dennis Nelson,3542.04,4,499.92,885.51,1,1,VIP (Top Buyers & High Quantity)
Dennis Short,114.01,1,48.32,114.01,1,2,Kasual (Low Spending)
Dennis Smith,462.41,1,85.91,462.41,1,2,Kasual (Low Spending)
Dennis Taylor,139.71,1,34.28,139.71,1,2,Kasual (Low Spending)
Dennis Wilson,1778.4,3,165.65,592.8,1,0,Premium (High Spending)
Derek Adams,1611.0,2,330.89,805.5,1,0,Premium (High Spending)
Derek Ayala,602.72,2,194.4,301.36,1,3,Potensial (Average Spending)
Derek Collins,632.83,1,126.15,632.83,1,2,Kasual (Low Spending)
Derek Colon,258.38,2,62.83,129.19,1,3,Potensial (Average Spending)
Derek Contreras DVM,84.43,1,37.59,84.43,1,2,Kasual (Low Spending)
Derek Davis,2084.02,3,543.4300000000001,584.71,2,0,Premium (High Spending)
Derek Frye,383.13,1,49.01,383.13,1,2,Kasual (Low Spending)
Derek Garrett,140.9,2,47.79,70.45,1,3,Potensial (Average Spending)
Derek Hanson,624.36,1,116.36,624.36,1,2,Kasual (Low Spending)
Derek Harrison,683.43,3,103.15,227.81,1,3,Potensial (Average Spending)
Derek Hoover,556.72,2,80.55,278.36,1,3,Potensial (Average Spending)
Derek Hunt,401.23,1,42.6,401.23,1,2,Kasual (Low Spending)
Derek Jensen,210.22,1,82.53,210.22,1,2,Kasual (Low Spending)
Derek Jordan,39.75,1,16.97,39.75,1,2,Kasual (Low Spending)
Derek Kelly,471.66,1,64.26,471.66,1,2,Kasual (Low Spending)
Derek Lee,92.93,1,42.74,92.93,1,2,Kasual (Low Spending)
Derek Mann,112.37,1,53.49,112.37,1,2,Kasual (Low Spending)
Derek Mills,505.44,1,57.24,505.44,1,2,Kasual (Low Spending)
Derek Newton,677.14,1,148.51,677.14,1,2,Kasual (Low Spending)
Derek Pittman,294.96,4,107.63,73.74,1,3,Potensial (Average Spending)
Derek Rivera,854.39,1,178.25,854.39,1,2,Kasual (Low Spending)
Derek Ross,57.85,1,25.41,57.85,1,2,Kasual (Low Spending)
Derek Sanchez,592.38,1,100.83,592.38,1,2,Kasual (Low Spending)
Derek Valencia,225.99,1,84.05,225.99,1,2,Kasual (Low Spending)
Derrick Cooper,478.26,2,48.41,239.13,1,3,Potensial (Average Spending)
Derrick Ferguson,96.83,1,12.35,96.83,1,2,Kasual (Low Spending)
Derrick George,217.4,2,100.93,108.7,1,3,Potensial (Average Spending)
Derrick Greer,216.64,2,43.53,108.32,1,3,Potensial (Average Spending)
Derrick Gutierrez,249.22,1,98.99,249.22,1,2,Kasual (Low Spending)
Derrick Hall,1150.76,1,238.56,1150.76,1,2,Kasual (Low Spending)
Derrick Harris,328.98,1,84.03,328.98,1,2,Kasual (Low Spending)
Derrick Hart,806.5,2,167.51,403.25,1,3,Potensial (Average Spending)
Derrick Hayes,90.58,1,36.81,90.58,1,2,Kasual (Low Spending)
Derrick Jones,51.44,2,19.5,25.72,1,3,Potensial (Average Spending)
Derrick King,1559.9,2,177.78,779.95,1,3,Potensial (Average Spending)
Derrick Newton,320.83,1,41.17,320.83,1,2,Kasual (Low Spending)
Derrick Sawyer,623.46,3,198.69,207.82,1,3,Potensial (Average Spending)
Derrick Thomas,424.26,3,42.88,141.42,1,3,Potensial (Average Spending)
Desiree Galvan,319.95,1,107.97,319.95,1,2,Kasual (Low Spending)
Desiree Garcia,1893.18,6,593.9300000000001,272.58500000000004,2,1,VIP (Top Buyers & High Quantity)
Desiree Harris DDS,481.5,5,189.49,96.3,1,0,Premium (High Spending)
Desiree Howard,183.0,2,71.1,91.5,1,3,Potensial (Average Spending)
Desiree Lawson,187.9,1,46.72,187.9,1,2,Kasual (Low Spending)
Desiree Lucero,950.82,1,126.61,950.82,1,2,Kasual (Low Spending)
Desiree Mckenzie,212.17,1,46.29,212.17,1,2,Kasual (Low Spending)
Desiree Moore,567.76,2,151.16,283.88,1,3,Potensial (Average Spending)
Desiree Short,424.14,2,95.02,212.07,1,3,Potensial (Average Spending)
Desiree Terrell,1257.56,2,250.62,628.78,1,3,Potensial (Average Spending)
Destiny Morrison,553.02,3,124.52,184.34,1,3,Potensial (Average Spending)
Destiny Stanley,270.5,2,45.08,135.25,1,3,Potensial (Average Spending)
Destiny Ward,766.6,5,349.64,153.32,1,0,Premium (High Spending)
Destiny Williams,338.01,1,63.6,338.01,1,2,Kasual (Low Spending)
Destiny York,284.69,1,79.57,284.69,1,2,Kasual (Low Spending)
Devin Cook,195.93,1,84.69,195.93,1,2,Kasual (Low Spending)
Devin Grimes,472.4,2,115.94,236.2,1,3,Potensial (Average Spending)
Devin Hall,259.59,1,42.81,259.59,1,2,Kasual (Low Spending)
Devin Harrington,1478.04,3,126.48,492.68,1,3,Potensial (Average Spending)
Devin Hernandez,105.86,1,28.64,105.86,1,2,Kasual (Low Spending)
Devin Hutchinson,191.34,1,68.2,191.34,1,2,Kasual (Low Spending)
Devin Miller,1579.48,2,131.91,789.74,1,3,Potensial (Average Spending)
Devin Obrien,1427.22,3,461.16,475.74,1,0,Premium (High Spending)
Devin Ortiz,987.04,1,95.12,987.04,1,2,Kasual (Low Spending)
Devin Stevens,235.98,1,75.92,235.98,1,2,Kasual (Low Spending)
Devon Johnston,338.16,1,63.3,338.16,1,2,Kasual (Low Spending)
Devon Jones,461.48,2,146.61,230.74,1,3,Potensial (Average Spending)
Devon Parks,273.81,3,60.7,91.27,1,3,Potensial (Average Spending)
Diamond Jones,260.93,1,45.93,260.93,1,2,Kasual (Low Spending)
Diana Allen,344.5,1,84.69,344.5,1,2,Kasual (Low Spending)
Diana Baker,381.94,2,71.79,190.97,1,3,Potensial (Average Spending)
Diana Bradford,502.16,2,131.98,251.08,1,3,Potensial (Average Spending)
Diana Clarke,465.44,4,86.85,116.36,1,3,Potensial (Average Spending)
Diana Ford,68.9,2,24.66,34.45,1,3,Potensial (Average Spending)
Diana Garcia,798.74,1,113.97,798.74,1,2,Kasual (Low Spending)
Diana Garcia PhD,140.55,1,68.96,140.55,1,2,Kasual (Low Spending)
Diana Gill,1550.52,3,248.12,516.84,1,0,Premium (High Spending)
Diana Guerrero,1238.45,5,419.81,247.69,1,0,Premium (High Spending)
Diana Haas,2204.88,3,265.43,734.96,1,0,Premium (High Spending)
Diana Hall,976.24,1,82.73,976.24,1,2,Kasual (Low Spending)
Diana Howard,448.2,2,136.78,224.1,1,3,Potensial (Average Spending)
Diana Jones,172.12,1,34.13,172.12,1,2,Kasual (Low Spending)
Diana Love,1365.27,3,113.92,455.09,1,3,Potensial (Average Spending)
Diana Martin,117.53,1,23.85,117.53,1,2,Kasual (Low Spending)
Diana Moss,1108.4,4,212.82,277.1,1,0,Premium (High Spending)
Diana Murray,743.02,2,328.37,371.51,1,3,Potensial (Average Spending)
Diana Price,258.28,1,42.6,258.28,1,2,Kasual (Low Spending)
Diana Ramirez,64.8,1,14.7,64.8,1,2,Kasual (Low Spending)
Diana Rivera,1881.92,2,366.06,940.96,1,0,Premium (High Spending)
Diana Roberts,85.11,1,25.3,85.11,1,2,Kasual (Low Spending)
Diana Rodriguez,205.1,2,90.59,102.55,1,3,Potensial (Average Spending)
Diana Smith,514.52,4,157.66,128.63,1,3,Potensial (Average Spending)
Diana Stewart,1788.96,2,362.79,894.48,1,0,Premium (High Spending)
Diana Thomas,31.53,1,12.97,31.53,1,2,Kasual (Low Spending)
Diana Tran,212.58,3,90.42,70.86,1,3,Potensial (Average Spending)
Diana Turner,539.71,1,50.26,539.71,1,2,Kasual (Low Spending)
Diana Walters,294.06,2,128.61,147.03,1,3,Potensial (Average Spending)
Diana Wilson,661.48,1,52.94,661.48,1,2,Kasual (Low Spending)
Diane Bradley,2463.48,4,320.05,615.87,1,0,Premium (High Spending)
Diane Cabrera,585.45,3,120.25,195.15,1,3,Potensial (Average Spending)
Diane Clark,1581.21,3,342.83,527.07,1,0,Premium (High Spending)
Diane Collier,3741.12,4,341.33,935.28,1,0,Premium (High Spending)
Diane Ford,195.1,1,61.37,195.1,1,2,Kasual (Low Spending)
Diane Garner,1278.48,4,196.31,319.62,1,0,Premium (High Spending)
Diane Gray,170.26,2,51.82,85.13,1,3,Potensial (Average Spending)
Diane Hart,795.04,1,106.79,795.04,1,2,Kasual (Low Spending)
Diane Henderson,1580.56,4,380.2,395.14,1,0,Premium (High Spending)
Diane Jackson,563.92,2,249.76,281.96,1,3,Potensial (Average Spending)
Diane Jensen,121.84,1,58.83,121.84,1,2,Kasual (Low Spending)
Diane Jones,115.79,1,40.85,115.79,1,2,Kasual (Low Spending)
Diane Meadows,739.41,1,153.15,739.41,1,2,Kasual (Low Spending)
Diane Mitchell,2906.96,4,370.37,630.1500000000001,2,0,Premium (High Spending)
Diane Munoz,434.98,2,107.92,217.49,1,3,Potensial (Average Spending)
Diane Murphy,1958.24,4,246.98,489.56,1,0,Premium (High Spending)
Diane Pena,645.6,3,256.89,215.2,1,3,Potensial (Average Spending)
Diane Rodriguez,79.39,1,32.6,79.39,1,2,Kasual (Low Spending)
Diane Wilson,497.4,2,121.42,248.7,1,3,Potensial (Average Spending)
Diane Wright,1402.05,3,175.99,467.35,1,3,Potensial (Average Spending)
Dillon Harris,79.91,1,36.95,79.91,1,2,Kasual (Low Spending)
Dillon Lucero,243.83,1,48.62,243.83,1,2,Kasual (Low Spending)
Dillon Maxwell,96.44,1,21.19,96.44,1,2,Kasual (Low Spending)
Dillon Mcbride,43.8,1,14.46,43.8,1,2,Kasual (Low Spending)
Dominic Arnold,327.11,1,137.77,327.11,1,2,Kasual (Low Spending)
Dominic Costa,419.02,2,138.27,209.51,1,3,Potensial (Average Spending)
Dominic Snyder,459.3,2,118.65,229.65,1,3,Potensial (Average Spending)
Dominique Fleming MD,78.79,1,17.26,78.79,1,2,Kasual (Low Spending)
Dominique Harvey,2471.25,3,378.74,823.75,1,0,Premium (High Spending)
Dominique Henry,1054.33,1,163.55,1054.33,1,2,Kasual (Low Spending)
Dominique Holland,2553.58,2,434.55,1276.79,1,0,Premium (High Spending)
Dominique King,65.08,1,24.38,65.08,1,2,Kasual (Low Spending)
Dominique Moyer,229.74,2,57.9,114.87,1,3,Potensial (Average Spending)
Dominique Rivera,1920.42,3,406.45,640.14,1,0,Premium (High Spending)
Don Jackson,1496.3,2,237.89,748.15,1,3,Potensial (Average Spending)
Don Morris,152.39,1,51.62,152.39,1,2,Kasual (Low Spending)
Donald Bauer,333.6,3,112.84,111.2,1,3,Potensial (Average Spending)
Donald Best,1092.17,1,354.24,1092.17,1,2,Kasual (Low Spending)
Donald Black,1873.34,2,395.76,936.67,1,0,Premium (High Spending)
Donald Blankenship,375.92,4,89.95,93.98,1,3,Potensial (Average Spending)
Donald Brock,145.41,1,40.41,145.41,1,2,Kasual (Low Spending)
Donald Carr,1247.14,2,245.81,623.57,1,3,Potensial (Average Spending)
Donald Carson,1012.08,1,117.74,1012.08,1,2,Kasual (Low Spending)
Donald Cook,514.48,2,223.46,257.24,1,3,Potensial (Average Spending)
Donald Cox,4945.110000000001,7,886.11,451.17999999999995,2,1,VIP (Top Buyers & High Quantity)
Donald David,944.52,3,269.44,314.84,1,0,Premium (High Spending)
Donald Estrada,655.46,1,101.24,655.46,1,2,Kasual (Low Spending)
Donald Flores,911.64,2,114.18,455.82,1,3,Potensial (Average Spending)
Donald Gonzalez,180.39,1,40.97,180.39,1,2,Kasual (Low Spending)
Donald Harrell,797.75,1,109.62,797.75,1,2,Kasual (Low Spending)
Donald Holland,610.36,2,145.77,305.18,1,3,Potensial (Average Spending)
Donald Huber,495.66,1,88.71,495.66,1,2,Kasual (Low Spending)
Donald Jimenez,1450.48,4,221.28,362.62,1,0,Premium (High Spending)
Donald Johnson,2361.2299999999996,4,446.61,473.785,2,0,Premium (High Spending)
Donald Jones,789.7,2,310.15,394.85,1,3,Potensial (Average Spending)
Donald Macdonald,218.69,1,63.09,218.69,1,2,Kasual (Low Spending)
Donald Martin,1877.25,5,380.55,375.45,1,0,Premium (High Spending)
Donald Martinez,179.22,1,83.1,179.22,1,2,Kasual (Low Spending)
Donald Miranda,1721.38,2,328.9,860.69,1,0,Premium (High Spending)
Donald Moreno,1609.26,2,514.74,804.63,1,0,Premium (High Spending)
Donald Murphy,329.63,1,109.25,329.63,1,2,Kasual (Low Spending)
Donald Poole,405.58,2,134.43,202.79,1,3,Potensial (Average Spending)
Donald Richardson,2146.28,2,261.25,1073.14,1,0,Premium (High Spending)
Donald Rodriguez,330.36,2,129.95,165.18,1,3,Potensial (Average Spending)
Donald Sanchez,82.24,1,18.09,82.24,1,2,Kasual (Low Spending)
Donald Smith,480.22,1,79.16,480.22,1,2,Kasual (Low Spending)
Donald Ware,849.74,2,308.79,424.87,1,3,Potensial (Average Spending)
Donald Webster,636.04,2,93.5,318.02,1,3,Potensial (Average Spending)
Donald Williams,2017.34,2,168.69,1008.67,1,3,Potensial (Average Spending)
Donald Wilson,105.52,1,21.53,105.52,1,2,Kasual (Low Spending)
Donna Allen,139.0,1,63.0,139.0,1,2,Kasual (Low Spending)
Donna Ayala,54.35,1,23.63,54.35,1,2,Kasual (Low Spending)
Donna Barrera,306.11,1,50.67,306.11,1,2,Kasual (Low Spending)
Donna Best,857.42,2,310.02,428.71,1,3,Potensial (Average Spending)
Donna Boyle,771.19,1,224.86,771.19,1,2,Kasual (Low Spending)
Donna Burns,117.49,1,27.54,117.49,1,2,Kasual (Low Spending)
Donna Chan,62.53,1,14.76,62.53,1,2,Kasual (Low Spending)
Donna Chavez,185.37,1,74.65,185.37,1,2,Kasual (Low Spending)
Donna Clark,635.59,1,102.98,635.59,1,2,Kasual (Low Spending)
Donna Collins,269.4,3,72.34,89.8,1,3,Potensial (Average Spending)
Donna Contreras,1055.94,2,197.81,527.97,1,3,Potensial (Average Spending)
Donna Davidson,503.6,4,101.96,125.9,1,3,Potensial (Average Spending)
Donna Diaz,2852.96,4,428.7,713.24,1,0,Premium (High Spending)
Donna Gilbert,2514.2799999999997,3,351.57,883.325,2,0,Premium (High Spending)
Donna Greene,890.57,1,140.47,890.57,1,2,Kasual (Low Spending)
Donna Hahn,197.1,1,17.85,197.1,1,2,Kasual (Low Spending)
Donna Hernandez,590.86,1,116.27,590.86,1,2,Kasual (Low Spending)
Donna Hobbs,153.07,1,35.51,153.07,1,2,Kasual (Low Spending)
Donna Johnson,266.42,4,88.36999999999999,76.5,2,3,Potensial (Average Spending)
Donna Kidd,374.73,1,106.23,374.73,1,2,Kasual (Low Spending)
Donna Lambert,355.5,1,83.07,355.5,1,2,Kasual (Low Spending)
Donna Martin,917.78,2,112.99000000000001,458.89,2,3,Potensial (Average Spending)
Donna Mcknight,1323.48,4,314.51,330.87,1,0,Premium (High Spending)
Donna Osborne,280.62,2,76.88,140.31,2,3,Potensial (Average Spending)
Donna Parker,440.91,3,88.98,146.97,1,3,Potensial (Average Spending)
Donna Parks,221.49,1,46.18,221.49,1,2,Kasual (Low Spending)
Donna Payne,63.76,2,19.24,31.88,1,3,Potensial (Average Spending)
Donna Pittman,503.14,2,66.31,251.57,1,3,Potensial (Average Spending)
Donna Richardson,1389.87,3,203.96,463.29,1,0,Premium (High Spending)
Donna Robinson,153.96,1,30.44,153.96,1,2,Kasual (Low Spending)
Donna Rodriguez,819.92,2,268.72,409.96,1,3,Potensial (Average Spending)
Donna Ross,3285.48,4,1027.89,821.37,1,1,VIP (Top Buyers & High Quantity)
Donna Sandoval,76.43,1,22.36,76.43,1,2,Kasual (Low Spending)
Donna Santiago,596.44,4,167.57,149.11,1,3,Potensial (Average Spending)
Donna Serrano,138.32,1,52.58,138.32,1,2,Kasual (Low Spending)
Donna Smith,1033.36,5,336.36,239.825,2,0,Premium (High Spending)
Donna Snyder,656.1,3,203.83,218.7,1,3,Potensial (Average Spending)
Donna Stevens,615.28,2,241.51,307.64,1,3,Potensial (Average Spending)
Donna Swanson,328.7,1,102.24,328.7,1,2,Kasual (Low Spending)
Donna Thomas,1617.84,6,462.36,269.64,1,0,Premium (High Spending)
Donna Travis,383.88,1,59.75,383.88,1,2,Kasual (Low Spending)
Donna Wu,94.75,1,22.43,94.75,1,2,Kasual (Low Spending)
Donna Young,469.56,2,177.41,234.78,1,3,Potensial (Average Spending)
Dorothy Bowen,277.93,1,37.44,277.93,1,2,Kasual (Low Spending)
Dorothy Lara,1153.86,2,109.18,576.93,1,3,Potensial (Average Spending)
Dorothy Lewis,350.38,1,150.0,350.38,1,2,Kasual (Low Spending)
Douglas Baker,345.44,1,117.48,345.44,1,2,Kasual (Low Spending)
Douglas Bowers,646.89,3,197.6,215.63,1,3,Potensial (Average Spending)
Douglas Boyer,100.59,1,23.54,100.59,1,2,Kasual (Low Spending)
Douglas Brown,842.68,1,88.34,842.68,1,2,Kasual (Low Spending)
Douglas Campbell,436.69,1,90.35,436.69,1,2,Kasual (Low Spending)
Douglas Frazier,778.32,3,137.48,259.44,1,3,Potensial (Average Spending)
Douglas Frye Jr.,1417.38,3,302.5,472.46,1,0,Premium (High Spending)
Douglas Galloway,210.82,2,78.32,105.41,1,3,Potensial (Average Spending)
Douglas Hall MD,196.39,1,36.75,196.39,1,2,Kasual (Low Spending)
Douglas Hill,49.99,1,14.28,49.99,1,2,Kasual (Low Spending)
Douglas Hogan,83.03,1,28.99,83.03,1,2,Kasual (Low Spending)
Douglas Howard,1194.08,2,146.12,597.04,1,3,Potensial (Average Spending)
Douglas Jensen,723.8,4,97.92,180.95,1,3,Potensial (Average Spending)
Douglas Jones,2894.92,4,707.91,723.73,1,1,VIP (Top Buyers & High Quantity)
Douglas Joseph,1899.15,3,287.03,633.05,1,0,Premium (High Spending)
Douglas Meyer,458.58,3,174.46,152.86,1,3,Potensial (Average Spending)
Douglas Newton,420.31,1,97.13,420.31,1,2,Kasual (Low Spending)
Douglas Nguyen,1723.4,3,495.51,726.8,2,0,Premium (High Spending)
Douglas Olson,166.01,1,31.76,166.01,1,2,Kasual (Low Spending)
Douglas Perez,389.19,1,134.67,389.19,1,2,Kasual (Low Spending)
Douglas Pierce,351.96,1,83.77,351.96,1,2,Kasual (Low Spending)
Douglas Sandoval,229.92,2,55.81,114.96,1,3,Potensial (Average Spending)
Douglas Simmons,1363.14,2,313.22,681.57,1,0,Premium (High Spending)
Douglas Smith,369.06,2,111.74,184.53,1,3,Potensial (Average Spending)
Douglas Taylor,906.11,1,109.99,906.11,1,2,Kasual (Low Spending)
Douglas Vaughn,822.34,2,361.21,411.17,1,3,Potensial (Average Spending)
Douglas Webb,185.43,1,59.89,185.43,1,2,Kasual (Low Spending)
Douglas Weber,333.77,1,87.42,333.77,1,2,Kasual (Low Spending)
Douglas Weeks,1089.34,2,120.12,544.67,1,3,Potensial (Average Spending)
Douglas Willis,1192.84,2,121.22,596.42,1,3,Potensial (Average Spending)
Dr. Adam Martin Jr.,886.21,1,272.78,886.21,1,2,Kasual (Low Spending)
Dr. Alejandra Burke,334.84,2,127.62,167.42,1,3,Potensial (Average Spending)
Dr. Alexandra Owen,846.17,1,129.24,846.17,1,2,Kasual (Low Spending)
Dr. Amanda Hernandez DVM,761.1,5,243.91,152.22,1,0,Premium (High Spending)
Dr. Amy Dean,2585.4,4,408.05,646.35,1,0,Premium (High Spending)
Dr. Amy Preston MD,382.85,1,123.4,382.85,1,2,Kasual (Low Spending)
Dr. Andrew Schmidt Jr.,110.92,1,35.04,110.92,1,2,Kasual (Low Spending)
Dr. Ann Mckenzie,466.74,3,136.26,155.58,1,3,Potensial (Average Spending)
Dr. Anthony Jackson DDS,2380.72,2,236.69,1190.36,1,0,Premium (High Spending)
Dr. Arthur Gardner,204.9,1,65.75,204.9,1,2,Kasual (Low Spending)
Dr. Ashley Perez,737.78,1,135.52,737.78,1,2,Kasual (Low Spending)
Dr. Benjamin Miller,320.35,1,79.45,320.35,1,2,Kasual (Low Spending)
Dr. Bethany Brooks PhD,208.85,1,52.81,208.85,1,2,Kasual (Low Spending)
Dr. Billy Stephens,533.48,2,173.22,266.74,1,3,Potensial (Average Spending)
Dr. Brady Davis DDS,285.56,1,62.06,285.56,1,2,Kasual (Low Spending)
Dr. Breanna Walton,944.92,1,168.81,944.92,1,2,Kasual (Low Spending)
Dr. Brian Kelly,243.94,2,56.39,121.97,1,3,Potensial (Average Spending)
Dr. Calvin Acevedo DDS,1093.09,1,367.6,1093.09,1,2,Kasual (Low Spending)
Dr. Carlos Douglas III,697.26,1,71.99,697.26,1,2,Kasual (Low Spending)
Dr. Charles Kelly,218.58,3,44.81,72.86,1,3,Potensial (Average Spending)
Dr. Christine Sampson DDS,1725.96,2,467.02,862.98,1,0,Premium (High Spending)
Dr. Christopher Evans PhD,357.06,3,168.51,119.02,1,3,Potensial (Average Spending)
Dr. Christopher Smith,247.73,1,92.81,247.73,1,2,Kasual (Low Spending)
Dr. Corey Allen Jr.,130.08,2,52.1,65.04,1,3,Potensial (Average Spending)
Dr. Crystal Stephens,620.05,1,95.42,620.05,1,2,Kasual (Low Spending)
Dr. Daniel Navarro,486.19,1,64.67,486.19,1,2,Kasual (Low Spending)
Dr. Daniel Simpson,2593.08,4,351.79,648.27,1,0,Premium (High Spending)
Dr. Danny Tucker,258.64,1,61.94,258.64,1,2,Kasual (Low Spending)
Dr. Darin Moore,1414.23,3,181.38,471.41,1,3,Potensial (Average Spending)
Dr. David Chang,1373.6,4,472.62,343.4,1,0,Premium (High Spending)
Dr. David Daugherty,260.87,1,40.13,260.87,1,2,Kasual (Low Spending)
Dr. David Johnson,633.54,3,201.36,211.18,1,3,Potensial (Average Spending)
Dr. David Sanchez DDS,1582.68,2,517.75,791.34,1,0,Premium (High Spending)
Dr. Diana Walker,446.74,2,98.17,223.37,1,3,Potensial (Average Spending)
Dr. Dustin Thomas,3263.2,4,1113.32,815.8,1,1,VIP (Top Buyers & High Quantity)
Dr. Dylan Guerrero,360.45,1,111.42,360.45,1,2,Kasual (Low Spending)
Dr. Edward Gonzalez,234.09,1,44.07,234.09,1,2,Kasual (Low Spending)
Dr. Edward Reid,596.1,1,187.1,596.1,1,2,Kasual (Low Spending)
Dr. Elizabeth Hooper DDS,112.99,1,50.15,112.99,1,2,Kasual (Low Spending)
Dr. Elizabeth Wise,862.72,2,123.39,431.36,1,3,Potensial (Average Spending)
Dr. Ellen Terry,397.03,1,129.75,397.03,1,2,Kasual (Low Spending)
Dr. Erica Hunter,780.0,3,298.78,260.0,1,0,Premium (High Spending)
Dr. Erik Thomas Jr.,299.68,1,97.33,299.68,1,2,Kasual (Low Spending)
Dr. Frank Castillo,1658.08,4,232.3,414.52,1,0,Premium (High Spending)
Dr. Gerald Hall,1591.44,2,480.53,795.72,1,0,Premium (High Spending)
Dr. Jack Hardy,2162.55,3,735.46,720.85,1,0,Premium (High Spending)
Dr. Jamie Miller,141.84,3,42.11,47.28,1,3,Potensial (Average Spending)
Dr. Jason Campbell,243.16,1,34.05,243.16,1,2,Kasual (Low Spending)
Dr. Jason Johnson MD,319.27,1,89.75,319.27,1,2,Kasual (Low Spending)
Dr. Jennifer Lewis,570.99,1,80.58,570.99,1,2,Kasual (Low Spending)
Dr. Jennifer Walton,479.94,1,88.28,479.94,1,2,Kasual (Low Spending)
Dr. Jordan Blair,133.7,2,35.34,66.85,1,3,Potensial (Average Spending)
Dr. Jordan Wise,1024.4,2,300.38,512.2,1,3,Potensial (Average Spending)
Dr. Jose Logan Jr.,406.1,1,176.81,406.1,1,2,Kasual (Low Spending)
Dr. Joshua Cook,396.15,1,47.28,396.15,1,2,Kasual (Low Spending)
Dr. Joshua Yang,2492.79,3,233.2,830.93,1,0,Premium (High Spending)
Dr. Joyce Blair MD,2235.86,2,710.15,1117.93,1,0,Premium (High Spending)
Dr. Julia Hughes,646.08,3,282.54,215.36,1,3,Potensial (Average Spending)
Dr. Karen Jimenez,300.52,2,41.57,150.26,1,3,Potensial (Average Spending)
Dr. Kristi Crane DDS,295.74,3,121.71,98.58,1,3,Potensial (Average Spending)
Dr. Kylie Escobar,535.81,1,80.59,535.81,1,2,Kasual (Low Spending)
Dr. Laura Calhoun,609.0,1,76.97,609.0,1,2,Kasual (Low Spending)
Dr. Laura Mitchell DDS,278.9,1,88.05,278.9,1,2,Kasual (Low Spending)
Dr. Linda Bush,394.35,3,128.58,131.45,1,3,Potensial (Average Spending)
Dr. Lucas Dyer,737.07,3,337.35,245.69,1,0,Premium (High Spending)
Dr. Maria Hardin,93.42,1,30.73,93.42,1,2,Kasual (Low Spending)
Dr. Mark Hood,2267.0,2,385.84,1133.5,1,0,Premium (High Spending)
Dr. Matthew Miller,83.2,1,20.79,83.2,1,2,Kasual (Low Spending)
Dr. Michael Mcknight,2408.8,2,379.91,1204.4,1,0,Premium (High Spending)
Dr. Michelle Baker,771.12,1,78.75,771.12,1,2,Kasual (Low Spending)
Dr. Michelle Davis,834.05,1,209.11,834.05,1,2,Kasual (Low Spending)
Dr. Michelle Lee MD,270.9,2,25.07,135.45,1,3,Potensial (Average Spending)
Dr. Nicholas Walters,331.77,1,97.16,331.77,1,2,Kasual (Low Spending)
Dr. Nicole Richardson,83.32,2,34.52,41.66,1,3,Potensial (Average Spending)
Dr. Pamela Bennett,748.18,2,164.31,374.09,1,3,Potensial (Average Spending)
Dr. Patricia West,1547.35,7,548.97,221.05,1,1,VIP (Top Buyers & High Quantity)
Dr. Renee Smith,2135.8,4,728.76,533.95,1,1,VIP (Top Buyers & High Quantity)
Dr. Ronnie Allen DDS,929.78,2,190.12,464.89,1,3,Potensial (Average Spending)
Dr. Samantha Madden,180.3,2,47.49,90.15,1,3,Potensial (Average Spending)
Dr. Sarah Johnson,145.82,1,23.32,145.82,1,2,Kasual (Low Spending)
Dr. Scott Castillo,1577.24,2,173.52,788.62,1,3,Potensial (Average Spending)
Dr. Scott Lee Jr.,426.02,2,124.34,213.01,1,3,Potensial (Average Spending)
Dr. Shawn Gomez,1412.96,2,463.27,706.48,1,0,Premium (High Spending)
Dr. Stephanie Anderson DDS,827.92,2,258.98,413.96,1,3,Potensial (Average Spending)
Dr. Susan Davis,42.28,1,15.41,42.28,1,2,Kasual (Low Spending)
Dr. Thomas Gibbs MD,564.6,5,198.24,112.92,1,0,Premium (High Spending)
Dr. Todd Bryant,1303.24,4,430.1,325.81,1,0,Premium (High Spending)
Dr. Todd Hunt,658.0,2,146.59,329.0,1,3,Potensial (Average Spending)
Dr. Tony Horton,224.78,2,106.58,112.39,1,3,Potensial (Average Spending)
Dr. William Stephens,336.39,1,104.21,336.39,1,2,Kasual (Low Spending)
Drew Adams,181.15,1,65.53,181.15,1,2,Kasual (Low Spending)
Drew Santiago,288.36,3,104.95,96.12,1,3,Potensial (Average Spending)
Duane Brown,1024.39,2,288.03,512.195,2,3,Potensial (Average Spending)
Duane Davis,164.05,1,56.42,164.05,1,2,Kasual (Low Spending)
Duane Hall,239.8,1,96.43,239.8,1,2,Kasual (Low Spending)
Duane Jones,1216.64,2,366.89,608.32,1,0,Premium (High Spending)
Duane Lewis,165.27,1,80.52,165.27,1,2,Kasual (Low Spending)
Duane Stevens,2221.34,2,684.66,1110.67,1,0,Premium (High Spending)
Dustin Allen,2953.08,3,969.71,984.36,1,1,VIP (Top Buyers & High Quantity)
Dustin Arnold,1540.18,2,220.31,770.09,1,3,Potensial (Average Spending)
Dustin Avila,339.93,3,132.97,113.31,1,3,Potensial (Average Spending)
Dustin Baker,2972.88,4,287.26,743.22,1,0,Premium (High Spending)
Dustin Bennett,358.68,2,69.13,179.34,1,3,Potensial (Average Spending)
Dustin Blankenship,425.08,2,134.21,212.54,1,3,Potensial (Average Spending)
Dustin Brock,105.6,1,19.59,105.6,1,2,Kasual (Low Spending)
Dustin Campbell,1153.84,2,105.99,576.92,1,3,Potensial (Average Spending)
Dustin Davis,210.67,1,77.13,210.67,1,2,Kasual (Low Spending)
Dustin Garza,81.04,2,14.19,40.52,1,3,Potensial (Average Spending)
Dustin Gomez,639.37,1,70.77,639.37,1,2,Kasual (Low Spending)
Dustin Hughes,218.46,1,51.52,218.46,1,2,Kasual (Low Spending)
Dustin Kidd,731.17,1,97.99,731.17,1,2,Kasual (Low Spending)
Dustin Knapp,2080.84,4,258.31,520.21,1,0,Premium (High Spending)
Dustin Long,390.2,2,153.85,195.1,1,3,Potensial (Average Spending)
Dustin Mckee,83.77,1,40.51,83.77,1,2,Kasual (Low Spending)
Dustin Reed,2657.16,3,409.66,885.72,1,0,Premium (High Spending)
Dustin Reeves,139.21,1,29.94,139.21,1,2,Kasual (Low Spending)
Dustin Reyes,491.22,3,177.1,163.74,1,3,Potensial (Average Spending)
Dustin Robinson,418.77,1,55.11,418.77,1,2,Kasual (Low Spending)
Dustin Snyder,310.6,1,82.01,310.6,1,2,Kasual (Low Spending)
Dustin Spears,689.58,1,222.66,689.58,1,2,Kasual (Low Spending)
Dustin Warner,69.7,1,21.82,69.7,1,2,Kasual (Low Spending)
Dustin Wright,1939.68,4,352.62,484.92,1,0,Premium (High Spending)
Dustin Young,249.2,2,123.66,124.6,1,3,Potensial (Average Spending)
Dwayne Carlson,1205.8,4,107.11,301.45,1,3,Potensial (Average Spending)
Dwayne Evans,184.34,1,72.38,184.34,1,2,Kasual (Low Spending)
Dwayne Fisher,500.58,2,80.5,250.29,1,3,Potensial (Average Spending)
Dwayne Fuller,460.94,2,170.65,230.47,1,3,Potensial (Average Spending)
Dylan Blevins,663.21,1,205.16,663.21,1,2,Kasual (Low Spending)
Dylan Bowen,150.8,1,59.37,150.8,1,2,Kasual (Low Spending)
Dylan Bowman MD,600.24,3,116.09,200.08,1,3,Potensial (Average Spending)
Dylan Brennan,278.82,1,88.26,278.82,1,2,Kasual (Low Spending)
Dylan Brooks,184.04,2,61.91,92.02,1,3,Potensial (Average Spending)
Dylan Crane,358.95,1,87.34,358.95,1,2,Kasual (Low Spending)
Dylan Daugherty,841.42,1,284.09,841.42,1,2,Kasual (Low Spending)
Dylan Edwards,188.13,1,33.31,188.13,1,2,Kasual (Low Spending)
Dylan Gallegos,224.22,1,73.06,224.22,1,2,Kasual (Low Spending)
Dylan Gordon,818.7,3,262.35,272.9,1,3,Potensial (Average Spending)
Dylan Hansen,872.06,2,221.55,436.03,1,3,Potensial (Average Spending)
Dylan Hernandez,1061.02,2,134.65,530.51,1,3,Potensial (Average Spending)
Dylan Hunt,305.6,2,132.52,152.8,1,3,Potensial (Average Spending)
Dylan King,845.12,1,202.71,845.12,1,2,Kasual (Low Spending)
Dylan Krueger,168.72,1,54.8,168.72,1,2,Kasual (Low Spending)
Dylan Nichols,496.32,6,149.9,82.72,1,0,Premium (High Spending)
Dylan Owen,875.82,2,278.59,437.91,1,3,Potensial (Average Spending)
Dylan Parsons,2013.41,7,815.4,287.63,1,1,VIP (Top Buyers & High Quantity)
Dylan Peterson,105.55,1,41.01,105.55,1,2,Kasual (Low Spending)
Dylan Phillips,217.72,1,65.05,217.72,1,2,Kasual (Low Spending)
Dylan Powell,198.43,1,53.57,198.43,1,2,Kasual (Low Spending)
Dylan Rogers,1281.22,2,201.0,640.61,1,3,Potensial (Average Spending)
Dylan Sheppard,1455.0,2,193.55,727.5,1,3,Potensial (Average Spending)
Dylan Thompson,54.97,1,13.09,54.97,1,2,Kasual (Low Spending)
Dylan Williams,161.69,1,54.04,161.69,1,2,Kasual (Low Spending)
Earl Kirby,456.86,2,96.61,228.43,1,3,Potensial (Average Spending)
Earl Mendoza,342.21,1,131.23,342.21,1,2,Kasual (Low Spending)
Earl Oliver,206.14,1,70.19,206.14,1,2,Kasual (Low Spending)
Ebony Charles,530.61,3,220.2,176.87,1,3,Potensial (Average Spending)
Ebony Meadows,863.03,1,94.0,863.03,1,2,Kasual (Low Spending)
Ebony Williams,2299.56,3,528.22,766.52,1,0,Premium (High Spending)
Eddie Adams,328.11,1,73.48,328.11,1,2,Kasual (Low Spending)
Eddie Carr,1478.7,5,284.0,295.74,1,0,Premium (High Spending)
Eddie Jackson,140.79,1,38.55,140.79,1,2,Kasual (Low Spending)
Eddie Jenkins,318.21,1,97.18,318.21,1,2,Kasual (Low Spending)
Eddie Martin,158.52,2,22.31,79.26,1,3,Potensial (Average Spending)
Eddie Martinez,570.52,2,153.27,285.26,1,3,Potensial (Average Spending)
Eddie Williams,252.36,1,55.44,252.36,1,2,Kasual (Low Spending)
Edgar Morrison,2220.68,2,198.7,1110.34,1,0,Premium (High Spending)
Edgar Richard,123.62,1,30.75,123.62,1,2,Kasual (Low Spending)
Edgar Stevens,92.16,1,19.02,92.16,1,2,Kasual (Low Spending)
Eduardo Bell,354.31,1,68.31,354.31,1,2,Kasual (Low Spending)
Eduardo Benjamin,1558.98,3,234.46,519.66,1,0,Premium (High Spending)
Eduardo Johnson MD,283.48,2,75.66,141.74,1,3,Potensial (Average Spending)
Eduardo Lucero,898.26,3,125.17,299.42,1,3,Potensial (Average Spending)
Eduardo Prince,209.85,1,91.73,209.85,1,2,Kasual (Low Spending)
Edward Bell,90.04,1,37.89,90.04,1,2,Kasual (Low Spending)
Edward Bolton,975.23,1,123.3,975.23,1,2,Kasual (Low Spending)
Edward Boyd,390.31,1,93.95,390.31,1,2,Kasual (Low Spending)
Edward Bryant,733.84,2,240.94,366.92,1,3,Potensial (Average Spending)
Edward Butler,246.74,1,89.01,246.74,1,2,Kasual (Low Spending)
Edward Calderon,78.08,1,26.69,78.08,1,2,Kasual (Low Spending)
Edward Campbell,2047.58,2,287.41,1023.79,1,0,Premium (High Spending)
Edward Clark,1135.68,1,367.07,1135.68,1,2,Kasual (Low Spending)
Edward Cohen,771.76,1,199.21,771.76,1,2,Kasual (Low Spending)
Edward Cook,1175.64,3,326.64,391.88,1,0,Premium (High Spending)
Edward Fischer,144.62,1,23.51,144.62,1,2,Kasual (Low Spending)
Edward Flowers,1208.42,2,106.41,604.21,1,3,Potensial (Average Spending)
Edward Hampton,211.02,1,80.38,211.02,1,2,Kasual (Low Spending)
Edward Hernandez,143.74,1,44.62,143.74,1,2,Kasual (Low Spending)
Edward Hicks,230.7,2,87.44,115.35,1,3,Potensial (Average Spending)
Edward Jackson,1145.5,5,312.26,229.1,1,0,Premium (High Spending)
Edward James,249.14,1,60.41,249.14,1,2,Kasual (Low Spending)
Edward Johnson,373.16,3,129.89000000000001,109.49000000000001,2,3,Potensial (Average Spending)
Edward Jones,297.33,1,72.12,297.33,1,2,Kasual (Low Spending)
Edward Juarez,275.13,1,102.66,275.13,1,2,Kasual (Low Spending)
Edward Kim,399.19,1,89.48,399.19,1,2,Kasual (Low Spending)
Edward Lee,499.78,1,63.74,499.78,1,2,Kasual (Low Spending)
Edward Mason,950.58,2,83.68,475.29,1,3,Potensial (Average Spending)
Edward Miller,2201.76,6,615.17,366.96,1,1,VIP (Top Buyers & High Quantity)
Edward Montgomery,1972.11,3,252.75,657.37,1,0,Premium (High Spending)
Edward Murphy,883.42,2,92.94,441.71,1,3,Potensial (Average Spending)
Edward Page,271.37,1,41.28,271.37,1,2,Kasual (Low Spending)
Edward Robles,202.1,2,73.91,101.05,1,3,Potensial (Average Spending)
Edward Rush,276.44,2,111.11,138.22,1,3,Potensial (Average Spending)
Edward Sanchez,764.46,1,125.38,764.46,1,2,Kasual (Low Spending)
Edward Scott,136.61,1,58.66,136.61,1,2,Kasual (Low Spending)
Edward Shaffer,888.92,1,151.36,888.92,1,2,Kasual (Low Spending)
Edward Smith,92.91,1,29.2,92.91,1,2,Kasual (Low Spending)
Edward Wagner,397.87,1,58.73,397.87,1,2,Kasual (Low Spending)
Edward Williams,378.02,2,73.05,189.01,1,3,Potensial (Average Spending)
Edward Wilson,395.84000000000003,2,141.92000000000002,197.92000000000002,2,3,Potensial (Average Spending)
Edward Wood,3395.52,4,470.64,848.88,1,1,VIP (Top Buyers & High Quantity)
Edwin Black,664.08,3,131.35,221.36,1,3,Potensial (Average Spending)
Edwin Boyd,142.12,1,66.13,142.12,1,2,Kasual (Low Spending)
Edwin Frederick,762.38,1,133.02,762.38,1,2,Kasual (Low Spending)
Edwin Hall,609.64,1,157.88,609.64,1,2,Kasual (Low Spending)
Edwin Howard,87.61,1,26.86,87.61,1,2,Kasual (Low Spending)
Edwin Hughes,709.88,2,215.02,354.94,1,3,Potensial (Average Spending)
Edwin Lozano MD,430.65,1,107.57,430.65,1,2,Kasual (Low Spending)
Edwin Nelson,605.09,1,65.57,605.09,1,2,Kasual (Low Spending)
Edwin Reed,158.27,1,33.51,158.27,1,2,Kasual (Low Spending)
Eileen Carter,352.89,1,134.16,352.89,1,2,Kasual (Low Spending)
Eileen Ramirez,123.54,1,32.67,123.54,1,2,Kasual (Low Spending)
Elaine Maldonado,376.4,1,76.41,376.4,1,2,Kasual (Low Spending)
Elaine Malone,352.8,3,108.75,117.6,1,3,Potensial (Average Spending)
Elaine Moore,337.76,1,67.68,337.76,1,2,Kasual (Low Spending)
Elaine Rogers,5125.26,6,584.29,854.21,1,1,VIP (Top Buyers & High Quantity)
Elijah Bell,311.29,1,80.56,311.29,1,2,Kasual (Low Spending)
Elijah Cunningham,428.73,1,92.27,428.73,1,2,Kasual (Low Spending)
Elijah Proctor,752.72,1,141.57,752.72,1,2,Kasual (Low Spending)
Elijah Schroeder,463.55,1,53.29,463.55,1,2,Kasual (Low Spending)
Elijah Wall,173.8,1,31.87,173.8,1,2,Kasual (Low Spending)
Elijah Williamson,83.54,1,28.02,83.54,1,2,Kasual (Low Spending)
Elizabeth Adams,1019.1299999999999,2,182.37,509.56499999999994,2,3,Potensial (Average Spending)
Elizabeth Adkins,212.94,2,52.81,106.47,1,3,Potensial (Average Spending)
Elizabeth Anderson,406.12,2,56.47,203.06,1,3,Potensial (Average Spending)
Elizabeth Ballard,656.41,1,123.82,656.41,1,2,Kasual (Low Spending)
Elizabeth Banks,818.2,2,200.84,409.1,1,3,Potensial (Average Spending)
Elizabeth Barker,477.39,3,121.74,159.13,1,3,Potensial (Average Spending)
Elizabeth Barrett,715.5,2,167.99,357.75,1,3,Potensial (Average Spending)
Elizabeth Bennett,855.16,2,314.92,427.58,1,3,Potensial (Average Spending)
Elizabeth Bishop,459.86,1,146.54,459.86,1,2,Kasual (Low Spending)
Elizabeth Bradley,1266.84,2,336.44,633.42,1,0,Premium (High Spending)
Elizabeth Brown,680.13,3,136.17,226.71,1,3,Potensial (Average Spending)
Elizabeth Callahan,394.83000000000004,2,125.0,197.41500000000002,2,3,Potensial (Average Spending)
Elizabeth Castro,177.97,1,86.03,177.97,1,2,Kasual (Low Spending)
Elizabeth Collins,389.74,1,162.67,389.74,1,2,Kasual (Low Spending)
Elizabeth Cook,2113.78,2,179.08,1056.89,1,0,Premium (High Spending)
Elizabeth Daugherty,1007.61,3,264.84,335.87,1,0,Premium (High Spending)
Elizabeth Davis,596.96,1,81.45,596.96,1,2,Kasual (Low Spending)
Elizabeth Douglas,543.54,2,123.73,271.77,1,3,Potensial (Average Spending)
Elizabeth Duncan,285.07,1,52.68,285.07,1,2,Kasual (Low Spending)
Elizabeth Edwards,222.8,1,108.07,222.8,1,2,Kasual (Low Spending)
Elizabeth Estes,441.13,1,158.01,441.13,1,2,Kasual (Low Spending)
Elizabeth Fletcher,831.49,1,92.8,831.49,1,2,Kasual (Low Spending)
Elizabeth Frank,2029.74,3,321.96,676.58,1,0,Premium (High Spending)
Elizabeth Frost,447.76,2,119.34,223.88,1,3,Potensial (Average Spending)
Elizabeth Garcia,2655.6,6,273.74,442.6,1,0,Premium (High Spending)
Elizabeth Garza,836.48,2,272.74,418.24,1,3,Potensial (Average Spending)
Elizabeth Gregory,478.34,1,38.73,478.34,1,2,Kasual (Low Spending)
Elizabeth Guerra,550.83,3,116.51,183.61,1,3,Potensial (Average Spending)
Elizabeth Hammond,300.3,1,112.03,300.3,1,2,Kasual (Low Spending)
Elizabeth Harrison,1331.19,3,304.53,443.73,1,0,Premium (High Spending)
Elizabeth Hayes,300.06,1,24.04,300.06,1,2,Kasual (Low Spending)
Elizabeth Hernandez,1550.49,4,256.86,503.09499999999997,2,0,Premium (High Spending)
Elizabeth Hicks,997.31,1,168.17,997.31,1,2,Kasual (Low Spending)
Elizabeth Hill,336.5,1,118.11,336.5,1,2,Kasual (Low Spending)
Elizabeth Hodges,852.91,1,73.4,852.91,1,2,Kasual (Low Spending)
Elizabeth Hoover,982.2,4,238.15,245.55,1,0,Premium (High Spending)
Elizabeth Howard,342.82,1,121.24,342.82,1,2,Kasual (Low Spending)
Elizabeth Johnson,3455.88,6,900.4399999999999,575.98,2,1,VIP (Top Buyers & High Quantity)
Elizabeth Jones,180.33,1,29.55,180.33,1,2,Kasual (Low Spending)
Elizabeth Kane,945.57,3,296.85,315.19,1,0,Premium (High Spending)
Elizabeth King,243.72,1,112.34,243.72,1,2,Kasual (Low Spending)
Elizabeth Lambert,474.09,3,97.65,158.03,1,3,Potensial (Average Spending)
Elizabeth Lang,220.0,2,79.44,110.0,1,3,Potensial (Average Spending)
Elizabeth Larsen,501.29,1,149.37,501.29,1,2,Kasual (Low Spending)
Elizabeth Lee,512.01,2,161.86,256.005,2,3,Potensial (Average Spending)
Elizabeth Long,652.1,2,285.37,326.05,1,3,Potensial (Average Spending)
Elizabeth Meyers,455.14,1,192.29,455.14,1,2,Kasual (Low Spending)
Elizabeth Moore,132.2,2,63.91,66.1,1,3,Potensial (Average Spending)
Elizabeth Nash,249.23,1,119.04,249.23,1,2,Kasual (Low Spending)
Elizabeth Olson,754.51,3,314.67999999999995,275.90999999999997,2,0,Premium (High Spending)
Elizabeth Parker,4145.7,5,853.99,829.14,1,1,VIP (Top Buyers & High Quantity)
Elizabeth Perry,966.12,3,186.64,322.04,1,3,Potensial (Average Spending)
Elizabeth Potter,331.26,1,99.25,331.26,1,2,Kasual (Low Spending)
Elizabeth Powell,118.28,2,19.64,59.14,1,3,Potensial (Average Spending)
Elizabeth Price,1325.92,4,444.59,331.48,1,0,Premium (High Spending)
Elizabeth Raymond,152.14,1,56.28,152.14,1,2,Kasual (Low Spending)
Elizabeth Reid,136.94,1,56.87,136.94,1,2,Kasual (Low Spending)
Elizabeth Reyes,320.94,2,143.7,160.47,1,3,Potensial (Average Spending)
Elizabeth Reynolds,2250.9,3,411.08,750.3,1,0,Premium (High Spending)
Elizabeth Rivera,199.44,1,65.67,199.44,1,2,Kasual (Low Spending)
Elizabeth Robinson,405.43,1,62.16,405.43,1,2,Kasual (Low Spending)
Elizabeth Robles,461.37,1,41.63,461.37,1,2,Kasual (Low Spending)
Elizabeth Rosales,80.36,1,29.89,80.36,1,2,Kasual (Low Spending)
Elizabeth Sawyer,379.31,1,86.83,379.31,1,2,Kasual (Low Spending)
Elizabeth Sheppard,72.4,1,27.66,72.4,1,2,Kasual (Low Spending)
Elizabeth Silva,773.14,2,61.93,386.57,1,3,Potensial (Average Spending)
Elizabeth Smith,2093.27,8,447.33,269.794,5,1,VIP (Top Buyers & High Quantity)
Elizabeth Thompson,2691.8,2,585.98,1345.9,1,0,Premium (High Spending)
Elizabeth Torres,219.36,2,83.6,109.68,1,3,Potensial (Average Spending)
Elizabeth Turner,160.63,1,44.53,160.63,1,2,Kasual (Low Spending)
Elizabeth Vargas,226.56,2,86.37,113.28,1,3,Potensial (Average Spending)
Elizabeth Werner,1341.96,2,281.43,670.98,1,3,Potensial (Average Spending)
Elizabeth West,3390.0,5,463.18,678.0,1,1,VIP (Top Buyers & High Quantity)
Elizabeth Wilson,2945.0299999999997,4,274.99,550.085,2,0,Premium (High Spending)
Elizabeth Wolfe,172.16,1,73.8,172.16,1,2,Kasual (Low Spending)
Elizabeth Wright,1066.26,5,370.17999999999995,175.59,2,0,Premium (High Spending)
Ellen Barnes,632.46,2,237.0,316.23,1,3,Potensial (Average Spending)
Ellen Hall,95.08,1,27.96,95.08,1,2,Kasual (Low Spending)
Ellen Hurley,478.71,1,44.06,478.71,1,2,Kasual (Low Spending)
Ellen Patel,2581.08,3,645.18,860.36,1,0,Premium (High Spending)
Ellen Smith,580.03,1,168.78,580.03,1,2,Kasual (Low Spending)
Emily Andrews,1340.06,2,220.4,670.03,1,3,Potensial (Average Spending)
Emily Bates,875.48,4,266.66,218.87,1,0,Premium (High Spending)
Emily Bishop,107.42,1,20.48,107.42,1,2,Kasual (Low Spending)
Emily Bond,340.54,1,51.45,340.54,1,2,Kasual (Low Spending)
Emily Cain,215.84,1,39.38,215.84,1,2,Kasual (Low Spending)
Emily Cantu,121.62,1,50.49,121.62,1,2,Kasual (Low Spending)
Emily Carter,777.72,3,300.63,259.24,1,0,Premium (High Spending)
Emily Cervantes,884.36,2,246.25,442.18,1,3,Potensial (Average Spending)
Emily Chandler,150.18,2,44.95,75.09,1,3,Potensial (Average Spending)
Emily Coleman,575.26,2,158.4,287.63,1,3,Potensial (Average Spending)
Emily Conway,67.29,1,16.44,67.29,1,2,Kasual (Low Spending)
Emily Davis,656.1800000000001,4,154.07999999999998,184.97,2,3,Potensial (Average Spending)
Emily Diaz,402.8,1,172.25,402.8,1,2,Kasual (Low Spending)
Emily Edwards,437.13,1,72.1,437.13,1,2,Kasual (Low Spending)
Emily Ellis,158.86,1,78.84,158.86,1,2,Kasual (Low Spending)
Emily Everett,4753.25,5,914.44,950.65,1,1,VIP (Top Buyers & High Quantity)
Emily Fletcher,722.39,1,115.66,722.39,1,2,Kasual (Low Spending)
Emily Foley,1119.68,2,160.65,559.84,1,3,Potensial (Average Spending)
Emily Gardner,488.63,1,70.68,488.63,1,2,Kasual (Low Spending)
Emily Gonzalez,1043.29,5,164.01999999999998,394.7,2,0,Premium (High Spending)
Emily Harris,156.7,1,15.28,156.7,1,2,Kasual (Low Spending)
Emily Hicks,90.89,1,28.27,90.89,1,2,Kasual (Low Spending)
Emily Houston,1272.26,2,193.46,636.13,1,3,Potensial (Average Spending)
Emily Jefferson,108.56,2,27.71,54.28,1,3,Potensial (Average Spending)
Emily Kaufman,224.58,2,76.79,112.29,1,3,Potensial (Average Spending)
Emily Kelly,177.78,2,33.58,88.89,1,3,Potensial (Average Spending)
Emily Kirk MD,122.12,2,53.89,61.06,1,3,Potensial (Average Spending)
Emily Kramer,178.65,1,27.68,178.65,1,2,Kasual (Low Spending)
Emily Lang,123.62,2,45.74,61.81,1,3,Potensial (Average Spending)
Emily Livingston,188.86,1,52.54,188.86,1,2,Kasual (Low Spending)
Emily Montgomery,1481.04,3,320.77,493.68,1,0,Premium (High Spending)
Emily Moody,1867.18,2,294.03,933.59,1,0,Premium (High Spending)
Emily Mosley,351.67,1,121.07,351.67,1,2,Kasual (Low Spending)
Emily Murray,1011.78,3,425.52,337.26,1,0,Premium (High Spending)
Emily Myers,2097.15,4,321.35,439.125,2,0,Premium (High Spending)
Emily Parker,83.8,1,28.61,83.8,1,2,Kasual (Low Spending)
Emily Peterson,942.94,2,135.96,471.47,1,3,Potensial (Average Spending)
Emily Ramsey,249.54,1,83.1,249.54,1,2,Kasual (Low Spending)
Emily Reed,435.81,1,161.17,435.81,1,2,Kasual (Low Spending)
Emily Roberts,327.07,1,60.55,327.07,1,2,Kasual (Low Spending)
Emily Rodriguez,450.5,1,60.46,450.5,1,2,Kasual (Low Spending)
Emily Sanchez,149.6,1,51.0,149.6,1,2,Kasual (Low Spending)
Emily Shaw,601.89,1,148.93,601.89,1,2,Kasual (Low Spending)
Emily Simpson,160.22,1,57.1,160.22,1,2,Kasual (Low Spending)
Emily Smith,51.25,1,15.56,51.25,1,2,Kasual (Low Spending)
Emily Smith MD,1124.76,2,307.67,562.38,1,3,Potensial (Average Spending)
Emily Stafford,726.02,2,145.86,363.01,1,3,Potensial (Average Spending)
Emily Stevens,186.87,3,47.18,62.29,1,3,Potensial (Average Spending)
Emily Velasquez,276.98,2,116.85,138.49,1,3,Potensial (Average Spending)
Emily White,456.61,1,137.89,456.61,1,2,Kasual (Low Spending)
Emily Wilson,185.21,1,60.97,185.21,1,2,Kasual (Low Spending)
Emily Wood,2333.4,3,453.84,777.8,1,0,Premium (High Spending)
Emily Woods,93.77,1,40.31,93.77,1,2,Kasual (Low Spending)
Emily Wu,173.91,1,82.7,173.91,1,2,Kasual (Low Spending)
Emily Young,406.3,1,97.35,406.3,1,2,Kasual (Low Spending)
Emma Blake,346.72,4,120.9,86.68,1,3,Potensial (Average Spending)
Emma Brooks,832.76,1,184.02,832.76,1,2,Kasual (Low Spending)
Emma Cooper,757.2,1,236.91,757.2,1,2,Kasual (Low Spending)
Emma Marsh,86.1,1,41.05,86.1,1,2,Kasual (Low Spending)
Emma Mosley,351.36,2,153.2,175.68,1,3,Potensial (Average Spending)
Emma Pearson,301.5,2,75.51,150.75,1,3,Potensial (Average Spending)
Emma Stone,137.28,2,33.73,68.64,1,3,Potensial (Average Spending)
Emma Thornton,828.08,1,156.48,828.08,1,2,Kasual (Low Spending)
Emma Warren,1004.88,2,198.19,502.44,1,3,Potensial (Average Spending)
Emma Willis,296.66,1,121.17,296.66,1,2,Kasual (Low Spending)
Eric Adams,624.61,3,158.42000000000002,217.55,2,3,Potensial (Average Spending)
Eric Alexander,571.58,1,83.23,571.58,1,2,Kasual (Low Spending)
Eric Allen,320.04,3,38.14,106.68,1,3,Potensial (Average Spending)
Eric Anderson,234.26,1,49.97,234.26,1,2,Kasual (Low Spending)
Eric Baker,320.36,2,97.03,160.18,2,3,Potensial (Average Spending)
Eric Beck,345.89,1,52.36,345.89,1,2,Kasual (Low Spending)
Eric Bruce,99.29,1,23.99,99.29,1,2,Kasual (Low Spending)
Eric Chen,1629.36,2,284.92,814.68,1,0,Premium (High Spending)
Eric Christensen,270.6,4,66.3,67.65,1,3,Potensial (Average Spending)
Eric Chung,167.51,1,56.54,167.51,1,2,Kasual (Low Spending)
Eric Clark,536.34,2,121.37,268.17,1,3,Potensial (Average Spending)
Eric Davis,1990.48,4,370.24,497.62,2,0,Premium (High Spending)
Eric Dean,386.42,1,171.24,386.42,1,2,Kasual (Low Spending)
Eric Dennis,1957.9,2,286.28,978.95,1,0,Premium (High Spending)
Eric Doyle,1002.56,1,127.28,1002.56,1,2,Kasual (Low Spending)
Eric Duarte,288.81,3,90.93,96.27,1,3,Potensial (Average Spending)
Eric Duncan,199.91,1,64.74,199.91,1,2,Kasual (Low Spending)
Eric Dunn,733.81,1,85.71,733.81,1,2,Kasual (Low Spending)
Eric Figueroa,302.04,2,150.3,151.02,1,3,Potensial (Average Spending)
Eric Flores,120.32,2,28.24,60.16,1,3,Potensial (Average Spending)
Eric Foster,392.53,1,88.37,392.53,1,2,Kasual (Low Spending)
Eric Garcia,313.7,2,135.49,156.85,1,3,Potensial (Average Spending)
Eric Gonzalez,577.95,1,119.46,577.95,1,2,Kasual (Low Spending)
Eric Guerra,301.0,2,67.18,150.5,1,3,Potensial (Average Spending)
Eric Herman,547.28,1,60.56,547.28,1,2,Kasual (Low Spending)
Eric Hernandez,2253.95,3,450.5,701.5450000000001,2,0,Premium (High Spending)
Eric Hickman,426.37,1,99.02,426.37,1,2,Kasual (Low Spending)
Eric Holland,908.56,1,271.25,908.56,1,2,Kasual (Low Spending)
Eric Holt MD,105.59,1,30.06,105.59,1,2,Kasual (Low Spending)
Eric Huffman,481.99,1,82.32,481.99,1,2,Kasual (Low Spending)
Eric Hughes,1979.78,2,189.37,989.89,1,3,Potensial (Average Spending)
Eric Jones,35.69,1,10.0,35.69,1,2,Kasual (Low Spending)
Eric Kirk,435.54,1,42.03,435.54,1,2,Kasual (Low Spending)
Eric Krause,478.54,2,199.46,239.27,1,3,Potensial (Average Spending)
Eric Leach,331.8,1,28.49,331.8,1,2,Kasual (Low Spending)
Eric Lee,602.48,1,200.35,602.48,1,2,Kasual (Low Spending)
Eric Leonard,175.98,2,38.61,87.99,1,3,Potensial (Average Spending)
Eric Long,1123.48,3,97.16,285.905,2,3,Potensial (Average Spending)
Eric Marquez,639.36,4,278.15,159.84,1,0,Premium (High Spending)
Eric Marshall PhD,232.48,2,40.14,116.24,1,3,Potensial (Average Spending)
Eric Massey,767.98,2,327.1,383.99,1,3,Potensial (Average Spending)
Eric Maxwell,330.41,1,69.38,330.41,1,2,Kasual (Low Spending)
Eric Mckenzie,468.8,2,104.78,234.4,1,3,Potensial (Average Spending)
Eric Mcmillan,344.48,1,106.28,344.48,1,2,Kasual (Low Spending)
Eric Merritt,369.07,1,164.25,369.07,1,2,Kasual (Low Spending)
Eric Mitchell,39.0,1,13.33,39.0,1,2,Kasual (Low Spending)
Eric Mueller,1122.62,1,194.38,1122.62,1,2,Kasual (Low Spending)
Eric Nguyen,465.8,2,144.89,232.9,1,3,Potensial (Average Spending)
Eric Ortiz,3256.29,4,431.42,762.445,2,0,Premium (High Spending)
Eric Owens,179.74,1,58.58,179.74,1,2,Kasual (Low Spending)
Eric Perez,607.52,2,128.45,303.76,1,3,Potensial (Average Spending)
Eric Ramirez,60.28,1,19.73,60.28,1,2,Kasual (Low Spending)
Eric Reese,416.52,1,109.63,416.52,1,2,Kasual (Low Spending)
Eric Robinson,274.72,1,42.43,274.72,1,2,Kasual (Low Spending)
Eric Rodriguez,436.38,3,194.74,145.46,1,3,Potensial (Average Spending)
Eric Ross,2582.22,3,494.83,860.74,1,0,Premium (High Spending)
Eric Roth,661.65,1,227.61,661.65,1,2,Kasual (Low Spending)
Eric Roy,604.05,1,155.2,604.05,1,2,Kasual (Low Spending)
Eric Scott,3263.32,4,384.25,815.83,1,0,Premium (High Spending)
Eric Skinner,378.0,1,48.24,378.0,1,2,Kasual (Low Spending)
Eric Smith,793.66,4,138.81,312.66999999999996,2,3,Potensial (Average Spending)
Eric Stein,666.16,1,111.87,666.16,1,2,Kasual (Low Spending)
Eric Stewart,273.69,1,27.14,273.69,1,2,Kasual (Low Spending)
Eric Taylor,378.5,1,78.75,378.5,1,2,Kasual (Low Spending)
Eric Thomas,1927.52,3,247.95,538.74,2,0,Premium (High Spending)
Eric Turner,2179.91,3,526.79,571.1949999999999,2,0,Premium (High Spending)
Eric Tyler,747.08,2,183.88,373.54,1,3,Potensial (Average Spending)
Eric Velazquez,648.48,3,240.74,216.16,1,3,Potensial (Average Spending)
Eric Watson,409.46,1,155.74,409.46,1,2,Kasual (Low Spending)
Eric Watts,2052.09,3,233.4,684.03,1,0,Premium (High Spending)
Eric Webb,42.29,1,12.53,42.29,1,2,Kasual (Low Spending)
Eric White,246.46,1,59.34,246.46,1,2,Kasual (Low Spending)
Eric Wilson,1062.85,2,332.0,531.425,2,3,Potensial (Average Spending)
Eric Woodard,1232.76,4,414.44,308.19,1,0,Premium (High Spending)
Eric Wright,939.6,2,127.41,469.8,1,3,Potensial (Average Spending)
Erica Andrews,209.54,1,35.87,209.54,1,2,Kasual (Low Spending)
Erica Blanchard,599.63,1,72.19,599.63,1,2,Kasual (Low Spending)
Erica Davis,2549.52,3,207.18,849.84,1,0,Premium (High Spending)
Erica Downs,484.2,5,99.21,96.84,1,3,Potensial (Average Spending)
Erica Duncan,707.61,1,67.45,707.61,1,2,Kasual (Low Spending)
Erica Espinoza,951.98,4,324.28000000000003,245.39999999999998,2,0,Premium (High Spending)
Erica Garza,942.12,1,102.2,942.12,1,2,Kasual (Low Spending)
Erica Gonzalez,1395.6999999999998,3,210.95000000000002,377.82,2,0,Premium (High Spending)
Erica Hodge,745.23,1,80.68,745.23,1,2,Kasual (Low Spending)
Erica Johnson,2329.44,2,387.75,1164.72,1,0,Premium (High Spending)
Erica Jones,353.16,3,95.16,117.72,1,3,Potensial (Average Spending)
Erica Kelley,94.62,3,31.37,31.54,1,3,Potensial (Average Spending)
Erica Klein,424.22,2,185.86,212.11,1,3,Potensial (Average Spending)
Erica Moody,149.88,1,21.77,149.88,1,2,Kasual (Low Spending)
Erica Moss,2849.62,4,484.46999999999997,612.3199999999999,2,0,Premium (High Spending)
Erica Norton,338.59,1,41.85,338.59,1,2,Kasual (Low Spending)
Erica Phillips,607.17,1,119.31,607.17,1,2,Kasual (Low Spending)
Erica Rodriguez,980.72,1,101.93,980.72,1,2,Kasual (Low Spending)
Erica Schroeder,524.76,3,224.22,174.92,1,3,Potensial (Average Spending)
Erica Smith,511.65999999999997,2,188.69,255.82999999999998,2,3,Potensial (Average Spending)
Erica Snyder,723.18,2,148.65,361.59,1,3,Potensial (Average Spending)
Erica Stewart,447.73,2,160.07999999999998,223.865,2,3,Potensial (Average Spending)
Erica Valdez,492.79,1,61.68,492.79,1,2,Kasual (Low Spending)
Erica Webb,310.19,1,85.1,310.19,1,2,Kasual (Low Spending)
Erica West,1321.48,2,287.2,660.74,1,3,Potensial (Average Spending)
Erica Williams,3348.72,4,661.87,837.18,1,1,VIP (Top Buyers & High Quantity)
Erik Bruce,246.49,1,47.21,246.49,1,2,Kasual (Low Spending)
Erik Craig,516.23,1,121.47,516.23,1,2,Kasual (Low Spending)
Erik Evans,69.12,1,25.18,69.12,1,2,Kasual (Low Spending)
Erik Fry,1275.81,3,392.64,425.27,1,0,Premium (High Spending)
Erik Gomez,495.66,3,218.61,165.22,1,3,Potensial (Average Spending)
Erik Hall,1431.22,2,337.06,715.61,1,0,Premium (High Spending)
Erik James,2296.96,4,456.1,574.24,1,0,Premium (High Spending)
Erik Jensen,701.19,1,91.25,701.19,1,2,Kasual (Low Spending)
Erik Khan,402.66,1,37.48,402.66,1,2,Kasual (Low Spending)
Erik Molina,1002.6,1,146.98,1002.6,1,2,Kasual (Low Spending)
Erik Rogers,86.98,1,29.77,86.98,1,2,Kasual (Low Spending)
Erik Russell,1017.83,1,126.36,1017.83,1,2,Kasual (Low Spending)
Erik Sawyer,220.63,1,40.09,220.63,1,2,Kasual (Low Spending)
Erik Stein,237.67,1,100.82,237.67,1,2,Kasual (Low Spending)
Erik Waller,80.64,2,31.78,40.32,1,3,Potensial (Average Spending)
Erik Williams,573.82,3,216.9,195.97500000000002,2,3,Potensial (Average Spending)
Erika Anthony,436.44,1,123.48,436.44,1,2,Kasual (Low Spending)
Erika Butler,808.11,1,148.78,808.11,1,2,Kasual (Low Spending)
Erika Deleon,891.44,4,349.47,222.86,1,0,Premium (High Spending)
Erika Garcia,401.21,1,92.32,401.21,1,2,Kasual (Low Spending)
Erika Hinton,292.02,1,40.27,292.02,1,2,Kasual (Low Spending)
Erika Hughes,131.15,1,22.46,131.15,1,2,Kasual (Low Spending)
Erika Jones,393.01,1,115.0,393.01,1,2,Kasual (Low Spending)
Erika Lowe,237.05,1,89.82,237.05,1,2,Kasual (Low Spending)
Erika Lozano,1460.2,4,419.73,365.05,1,0,Premium (High Spending)
Erika Martinez,636.29,1,115.1,636.29,1,2,Kasual (Low Spending)
Erika Ortiz,551.14,2,105.26,275.57,1,3,Potensial (Average Spending)
Erika Peterson,1700.88,3,351.68,566.96,1,0,Premium (High Spending)
Erika Roberts,625.04,1,56.67,625.04,1,2,Kasual (Low Spending)
Erika Taylor,657.44,4,244.27,164.36,1,0,Premium (High Spending)
Erika Vang,180.97,1,43.11,180.97,1,2,Kasual (Low Spending)
Erika Walsh,229.29,1,87.61,229.29,1,2,Kasual (Low Spending)
Erin Abbott,342.88,2,125.35,171.44,1,3,Potensial (Average Spending)
Erin Anderson,1747.12,4,233.43,436.78,1,0,Premium (High Spending)
Erin Bailey,442.86,2,114.62,221.43,1,3,Potensial (Average Spending)
Erin Bell,1436.82,3,154.11,478.94,1,3,Potensial (Average Spending)
Erin Beltran,111.93,3,37.43,37.31,1,3,Potensial (Average Spending)
Erin Boyer,122.18,2,37.5,61.09,1,3,Potensial (Average Spending)
Erin Bradshaw,485.95,1,130.83,485.95,1,2,Kasual (Low Spending)
Erin Chavez,73.34,1,34.92,73.34,1,2,Kasual (Low Spending)
Erin Cruz,659.92,2,91.83,329.96,1,3,Potensial (Average Spending)
Erin Fisher,610.74,1,210.13,610.74,1,2,Kasual (Low Spending)
Erin Glenn,809.75,1,184.51,809.75,1,2,Kasual (Low Spending)
Erin Gonzalez,94.27,1,28.38,94.27,1,2,Kasual (Low Spending)
Erin Gutierrez,222.62,1,40.51,222.62,1,2,Kasual (Low Spending)
Erin Guzman,832.56,2,213.23,416.28,1,3,Potensial (Average Spending)
Erin Hall,476.1,3,160.35,158.7,1,3,Potensial (Average Spending)
Erin Harris,310.1,2,46.52,155.05,1,3,Potensial (Average Spending)
Erin Holmes,591.52,1,92.61,591.52,1,2,Kasual (Low Spending)
Erin Jackson,184.83,1,41.81,184.83,1,2,Kasual (Low Spending)
Erin Johns,129.41,1,32.0,129.41,1,2,Kasual (Low Spending)
Erin Johnson,344.66,2,107.69,172.33,1,3,Potensial (Average Spending)
Erin Jones,1436.08,4,293.39,490.58000000000004,2,0,Premium (High Spending)
Erin Knox,1439.28,2,144.1,719.64,1,3,Potensial (Average Spending)
Erin Marshall,315.42,3,114.52,105.14,1,3,Potensial (Average Spending)
Erin Martinez,124.69,1,12.55,124.69,1,2,Kasual (Low Spending)
Erin Mcguire,144.33,1,31.91,144.33,1,2,Kasual (Low Spending)
Erin Murillo,2697.6,3,435.06,899.2,1,0,Premium (High Spending)
Erin Odonnell,476.1,1,139.98,476.1,1,2,Kasual (Low Spending)
Erin Orozco,415.23,1,186.0,415.23,1,2,Kasual (Low Spending)
Erin Powell,410.89,1,105.55,410.89,1,2,Kasual (Low Spending)
Erin Preston,2016.54,3,338.23,672.18,1,0,Premium (High Spending)
Erin Ramirez,702.87,1,169.65,702.87,1,2,Kasual (Low Spending)
Erin Ross,646.46,1,121.58,646.46,1,2,Kasual (Low Spending)
Erin Ruiz,952.96,5,336.7,234.44,2,0,Premium (High Spending)
Erin Sanders,197.42,1,39.1,197.42,1,2,Kasual (Low Spending)
Erin Shah,351.56,4,106.25,87.89,1,3,Potensial (Average Spending)
Erin Smith,186.18,1,65.54,186.18,1,2,Kasual (Low Spending)
Erin Stein,166.81,1,37.83,166.81,1,2,Kasual (Low Spending)
Erin Stone,62.87,1,15.75,62.87,1,2,Kasual (Low Spending)
Erin Taylor,295.74,3,114.1,98.58,1,3,Potensial (Average Spending)
Erin Tyler,224.2,2,62.74,112.1,1,3,Potensial (Average Spending)
Erin Wallace,1431.2,2,389.73,715.6,1,0,Premium (High Spending)
Erin Wu,1196.5,2,200.75,598.25,1,3,Potensial (Average Spending)
Ernest Ray,1448.26,2,257.63,724.13,1,3,Potensial (Average Spending)
Ernest Wang,1672.2,2,480.52,836.1,1,0,Premium (High Spending)
Ethan Beltran,91.39,1,26.0,91.39,1,2,Kasual (Low Spending)
Ethan Burns,598.54,2,264.39,299.27,1,3,Potensial (Average Spending)
Ethan Evans,1375.92,3,132.15,458.64,1,3,Potensial (Average Spending)
Ethan Fisher,177.92,1,51.14,177.92,1,2,Kasual (Low Spending)
Ethan Green,224.92,1,22.09,224.92,1,2,Kasual (Low Spending)
Ethan Woods,214.78,2,68.16,107.39,1,3,Potensial (Average Spending)
Eugene Lee,35.11,1,8.65,35.11,1,2,Kasual (Low Spending)
Eugene Nguyen,395.66,1,98.52,395.66,1,2,Kasual (Low Spending)
Eugene Randolph,1388.31,3,265.91,462.77,1,0,Premium (High Spending)
Eugene Serrano,1363.47,3,298.9,454.49,1,0,Premium (High Spending)
Eugene Thompson,104.0,1,21.73,104.0,1,2,Kasual (Low Spending)
Evan Allen,599.32,1,123.13,599.32,1,2,Kasual (Low Spending)
Evan Brown,3069.9,3,305.25,1023.3,1,0,Premium (High Spending)
Evan Choi,339.3,1,113.67,339.3,1,2,Kasual (Low Spending)
Evan Collins,80.33,1,14.48,80.33,1,2,Kasual (Low Spending)
Evan Diaz,531.63,1,110.82,531.63,1,2,Kasual (Low Spending)
Evan Green,625.37,1,217.79,625.37,1,2,Kasual (Low Spending)
Evan Sanchez,141.27,1,34.79,141.27,1,2,Kasual (Low Spending)
Evan Turner,825.48,3,185.78,275.16,1,3,Potensial (Average Spending)
Evan Underwood,170.89,1,60.36,170.89,1,2,Kasual (Low Spending)
Evan Warren,192.55,1,55.61,192.55,1,2,Kasual (Low Spending)
Evelyn Edwards,277.0,1,93.52,277.0,1,2,Kasual (Low Spending)
Evelyn Hernandez MD,1116.2,2,123.58,558.1,1,3,Potensial (Average Spending)
Evelyn Phillips,1309.56,2,174.66,654.78,1,3,Potensial (Average Spending)
Evelyn Poole,880.05,3,78.05,293.35,1,3,Potensial (Average Spending)
Evelyn Stewart,192.54,2,83.75,96.27,1,3,Potensial (Average Spending)
Faith Adkins,194.11,1,32.41,194.11,1,2,Kasual (Low Spending)
Felicia Chung,75.74,1,37.58,75.74,1,2,Kasual (Low Spending)
Felicia Griffin,1676.98,2,322.33,838.49,1,0,Premium (High Spending)
Felicia Hartman,3822.15,5,437.42,764.43,1,1,VIP (Top Buyers & High Quantity)
Felicia Holt,753.31,1,230.34,753.31,1,2,Kasual (Low Spending)
Felicia Johnson,878.36,2,182.54,439.18,1,3,Potensial (Average Spending)
Felicia Lewis,1315.18,2,112.71,657.59,1,3,Potensial (Average Spending)
Felicia Martinez,335.38,1,38.9,335.38,1,2,Kasual (Low Spending)
Felicia Mcdowell,522.24,2,96.42,261.12,1,3,Potensial (Average Spending)
Felicia Mitchell,278.02,2,83.74,139.01,1,3,Potensial (Average Spending)
Felicia Murphy,1694.76,3,272.74,564.92,1,0,Premium (High Spending)
Felicia Nelson,1071.94,2,198.67,535.97,1,3,Potensial (Average Spending)
Felicia Paul,218.86,1,96.63,218.86,1,2,Kasual (Low Spending)
Felicia Petersen,216.97,1,96.03,216.97,1,2,Kasual (Low Spending)
Felicia Robertson,1233.6,3,525.06,411.2,1,0,Premium (High Spending)
Felicia Stanton,226.56,2,74.28,113.28,1,3,Potensial (Average Spending)
Felicia Sutton,425.62,1,141.06,425.62,1,2,Kasual (Low Spending)
Felicia Wilson,1059.03,3,430.15,353.01,1,0,Premium (High Spending)
Felicia Wood,181.73,1,50.81,181.73,1,2,Kasual (Low Spending)
Fernando Anderson,232.1,1,38.57,232.1,1,2,Kasual (Low Spending)
Fernando Carter,171.32,1,42.04,171.32,1,2,Kasual (Low Spending)
Fernando Sanders,671.62,2,69.92,335.81,1,3,Potensial (Average Spending)
Fernando Thompson,401.99,1,105.22,401.99,1,2,Kasual (Low Spending)
Fernando Yoder,231.77,1,53.13,231.77,1,2,Kasual (Low Spending)
Frances Frederick,932.59,1,117.07,932.59,1,2,Kasual (Low Spending)
Frances Thompson DDS,388.26,1,90.46,388.26,1,2,Kasual (Low Spending)
Frances Weeks,494.55,5,99.02,98.91,1,3,Potensial (Average Spending)
Francis Johnson,462.24,3,135.24,154.08,1,3,Potensial (Average Spending)
Francis Ware,217.84,1,45.59,217.84,1,2,Kasual (Low Spending)
Francisco Adams,949.95,3,198.18,316.65,1,3,Potensial (Average Spending)
Francisco Cox,170.49,1,36.72,170.49,1,2,Kasual (Low Spending)
Francisco Davis MD,168.89,1,80.88,168.89,1,2,Kasual (Low Spending)
Francisco Johnson,91.56,4,34.05,22.89,1,3,Potensial (Average Spending)
Francisco Monroe,398.98,2,91.63,199.49,1,3,Potensial (Average Spending)
Francisco Smith,1521.84,4,390.92,380.46,1,0,Premium (High Spending)
Francisco Taylor,532.96,2,157.16,266.48,1,3,Potensial (Average Spending)
Francisco Williams,77.27,1,28.97,77.27,1,2,Kasual (Low Spending)
Frank Alvarez,2202.72,2,547.28,1101.36,1,0,Premium (High Spending)
Frank Bauer,163.48,1,26.4,163.48,1,2,Kasual (Low Spending)
Frank Campbell,395.42,2,98.49,197.71,1,3,Potensial (Average Spending)
Frank Carlson,1006.96,4,298.36,251.74,1,0,Premium (High Spending)
Frank Cox,662.8,1,98.41,662.8,1,2,Kasual (Low Spending)
Frank Curry,497.0,2,121.41,248.5,1,3,Potensial (Average Spending)
Frank Davis,712.51,1,193.87,712.51,1,2,Kasual (Low Spending)
Frank Fernandez,462.08,2,97.95,231.04,1,3,Potensial (Average Spending)
Frank Floyd,633.36,2,72.68,316.68,1,3,Potensial (Average Spending)
Frank Gonzalez,182.4,1,33.05,182.4,1,2,Kasual (Low Spending)
Frank Harper,110.71,1,47.39,110.71,1,2,Kasual (Low Spending)
Frank Hernandez,37.71,1,9.81,37.71,1,2,Kasual (Low Spending)
Frank Hill,86.53,1,32.51,86.53,1,2,Kasual (Low Spending)
Frank King,123.59,1,37.1,123.59,1,2,Kasual (Low Spending)
Frank Lee,260.4,1,97.04,260.4,1,2,Kasual (Low Spending)
Frank Miles,3889.2,7,1033.45,555.6,1,1,VIP (Top Buyers & High Quantity)
Frank Murphy,1739.16,2,160.29,869.58,1,3,Potensial (Average Spending)
Frank Pope,2031.6,4,375.73,396.47,2,0,Premium (High Spending)
Frank Porter,354.0,2,113.41,177.0,1,3,Potensial (Average Spending)
Frank Reed,258.82,1,52.63,258.82,1,2,Kasual (Low Spending)
Frank Reid,624.12,2,267.64,312.06,1,3,Potensial (Average Spending)
Frank Russell,365.16,1,137.27,365.16,1,2,Kasual (Low Spending)
Frank Sanders,1659.18,2,178.38,829.59,1,3,Potensial (Average Spending)
Frank Smith,77.0,1,17.08,77.0,1,2,Kasual (Low Spending)
Frank Summers,1423.6,2,235.57,711.8,1,3,Potensial (Average Spending)
Frank Torres,412.52,1,103.93,412.52,1,2,Kasual (Low Spending)
Frank Vasquez,161.76,3,68.94,53.92,1,3,Potensial (Average Spending)
Franklin Allen,183.75,3,85.4,61.25,1,3,Potensial (Average Spending)
Fred Brown,4920.5,5,531.42,984.1,1,1,VIP (Top Buyers & High Quantity)
Fred Howard,148.42,1,34.3,148.42,1,2,Kasual (Low Spending)
Fred Hunt,155.72,1,25.7,155.72,1,2,Kasual (Low Spending)
Fred Shaw,269.25,1,117.41,269.25,1,2,Kasual (Low Spending)
Frederick Campbell,1641.15,3,443.51,547.05,1,0,Premium (High Spending)
Frederick Collins,1688.16,2,230.14,844.08,1,3,Potensial (Average Spending)
Frederick Jones,216.8,1,65.92,216.8,1,2,Kasual (Low Spending)
Frederick Leach,889.91,1,89.38,889.91,1,2,Kasual (Low Spending)
Frederick Malone,2042.22,3,465.28,680.74,1,0,Premium (High Spending)
Frederick Mendoza,2278.44,3,314.8,759.48,1,0,Premium (High Spending)
Gabriel Andrade,420.8,1,85.55,420.8,1,2,Kasual (Low Spending)
Gabriel Burton,180.48,1,39.14,180.48,1,2,Kasual (Low Spending)
Gabriel Fisher,596.01,1,110.06,596.01,1,2,Kasual (Low Spending)
Gabriel Gibson,229.22,1,91.28,229.22,1,2,Kasual (Low Spending)
Gabriel Lee,250.7,1,61.56,250.7,1,2,Kasual (Low Spending)
Gabriel Miller,518.1,3,177.9,172.7,1,3,Potensial (Average Spending)
Gabriel Morris,367.34,1,110.87,367.34,1,2,Kasual (Low Spending)
Gabriel Newman,1734.68,4,441.85,433.67,1,0,Premium (High Spending)
Gabriel Pitts,1450.32,4,189.38,362.58,1,0,Premium (High Spending)
Gabriel Reeves,494.87,1,45.37,494.87,1,2,Kasual (Low Spending)
Gabriel Richards,4547.7,5,1556.47,909.54,1,1,VIP (Top Buyers & High Quantity)
Gabriel Robinson,482.31,1,55.29,482.31,1,2,Kasual (Low Spending)
Gabriel Sharp,319.41,1,51.8,319.41,1,2,Kasual (Low Spending)
Gabriela Cook,625.14,3,103.68,208.38,1,3,Potensial (Average Spending)
Gabriela Garrett,452.58,1,98.01,452.58,1,2,Kasual (Low Spending)
Gabriela Smith,87.91,1,21.42,87.91,1,2,Kasual (Low Spending)
Gabriela Webster,258.18,1,73.65,258.18,1,2,Kasual (Low Spending)
Gabriella Chase,258.74,1,95.02,258.74,1,2,Kasual (Low Spending)
Gabriella Harris,510.54,1,48.68,510.54,1,2,Kasual (Low Spending)
Gabriella Key,504.92,2,203.0,252.46,1,3,Potensial (Average Spending)
Gabriella Maxwell,513.44,2,69.94,256.72,1,3,Potensial (Average Spending)
Gabriella Mendoza,457.52,2,159.65,228.76,1,3,Potensial (Average Spending)
Gabriella Reeves,381.26,2,151.64,190.63,1,3,Potensial (Average Spending)
Gabrielle Brock,27.0,1,5.54,27.0,1,2,Kasual (Low Spending)
Gabrielle Brown,1773.14,2,157.26,886.57,1,3,Potensial (Average Spending)
Gabrielle Castro,1018.68,3,231.71,339.56,1,3,Potensial (Average Spending)
Gabrielle Long,712.36,2,200.04,356.18,1,3,Potensial (Average Spending)
Gabrielle Sanders,847.12,1,278.38,847.12,1,2,Kasual (Low Spending)
Gail Branch,1418.12,4,573.16,354.53,1,0,Premium (High Spending)
Gail Hester,137.2,1,40.03,137.2,1,2,Kasual (Low Spending)
Gail Lamb,369.59,1,153.5,369.59,1,2,Kasual (Low Spending)
Gail Sanchez,2264.44,4,254.76,566.11,1,0,Premium (High Spending)
Gail Warren,780.42,1,148.2,780.42,1,2,Kasual (Low Spending)
Garrett Alexander,1656.86,2,159.98,828.43,1,3,Potensial (Average Spending)
Garrett Baker,1650.95,3,313.33,470.86,2,0,Premium (High Spending)
Garrett Barker,1025.94,3,182.14,341.98,1,3,Potensial (Average Spending)
Garrett Jackson,73.51,1,19.69,73.51,1,2,Kasual (Low Spending)
Garrett Jenkins,441.1,1,85.67,441.1,1,2,Kasual (Low Spending)
Garrett Kennedy,539.38,2,101.31,269.69,1,3,Potensial (Average Spending)
Garrett Lambert,176.25,1,29.27,176.25,1,2,Kasual (Low Spending)
Garrett Lin,115.89,1,24.38,115.89,1,2,Kasual (Low Spending)
Garrett Miller,190.99,1,50.23,190.99,1,2,Kasual (Low Spending)
Garrett Padilla,1354.17,3,186.44,451.39,1,3,Potensial (Average Spending)
Garrett White,216.87,1,27.78,216.87,1,2,Kasual (Low Spending)
Gary Andrews,364.01,1,102.55,364.01,1,2,Kasual (Low Spending)
Gary Baker,1298.08,2,247.53,649.04,1,3,Potensial (Average Spending)
Gary Ballard,2234.56,2,298.99,1117.28,1,0,Premium (High Spending)
Gary Bell,792.04,2,119.3,396.02,1,3,Potensial (Average Spending)
Gary Benson,390.62,1,86.13,390.62,1,2,Kasual (Low Spending)
Gary Bowers,3443.36,4,536.8,860.84,1,1,VIP (Top Buyers & High Quantity)
Gary Brooks,176.21,1,74.46,176.21,1,2,Kasual (Low Spending)
Gary Brown,257.26,1,47.49,257.26,1,2,Kasual (Low Spending)
Gary Bush,1678.62,2,340.79,839.31,1,0,Premium (High Spending)
Gary Carlson,276.29,1,65.68,276.29,1,2,Kasual (Low Spending)
Gary Clark MD,868.88,1,139.33,868.88,1,2,Kasual (Low Spending)
Gary Collins,940.76,4,188.84,235.19,1,0,Premium (High Spending)
Gary Colon,295.71,3,125.68,98.57,1,3,Potensial (Average Spending)
Gary Cox,159.22,2,43.49,79.61,1,3,Potensial (Average Spending)
Gary Curtis,274.6,2,66.42,137.3,1,3,Potensial (Average Spending)
Gary Davis,925.4,2,265.95,462.7,1,3,Potensial (Average Spending)
Gary Garcia,132.1,1,22.57,132.1,1,2,Kasual (Low Spending)
Gary Gonzales,164.05,1,59.53,164.05,1,2,Kasual (Low Spending)
Gary Gregory,1301.16,3,555.39,433.72,1,0,Premium (High Spending)
Gary Hall,774.26,2,220.65,387.13,1,3,Potensial (Average Spending)
Gary Hanna,119.8,2,26.3,59.9,1,3,Potensial (Average Spending)
Gary Harvey,1193.8,4,278.98,298.45,1,0,Premium (High Spending)
Gary Hatfield,582.86,2,138.79,291.43,1,3,Potensial (Average Spending)
Gary Hughes,220.06,1,48.8,220.06,1,2,Kasual (Low Spending)
Gary Johnson,234.44,1,103.62,234.44,1,2,Kasual (Low Spending)
Gary Jones,2382.9,2,294.66,1191.45,1,0,Premium (High Spending)
Gary Kline,813.96,3,365.35,271.32,1,0,Premium (High Spending)
Gary Moore,224.31,1,41.17,224.31,1,2,Kasual (Low Spending)
Gary Morris,1857.09,3,213.74,619.03,1,0,Premium (High Spending)
Gary Ramos,2147.4700000000003,4,412.09999999999997,376.565,2,0,Premium (High Spending)
Gary Raymond,450.89,1,93.23,450.89,1,2,Kasual (Low Spending)
Gary Ross,629.82,3,307.95,209.94,1,3,Potensial (Average Spending)
Gary Smith,207.1,1,53.13,207.1,1,2,Kasual (Low Spending)
Gary Snyder,1840.86,2,437.92,920.43,1,0,Premium (High Spending)
Gary Sparks,385.17,3,110.58,128.39,1,3,Potensial (Average Spending)
Gary Stevenson,394.26,1,151.54,394.26,1,2,Kasual (Low Spending)
Gary Tran,1860.54,2,287.43,930.27,1,0,Premium (High Spending)
Gary Weber,132.33,1,36.23,132.33,1,2,Kasual (Low Spending)
Gary West,764.96,1,215.31,764.96,1,2,Kasual (Low Spending)
Gary White,959.43,3,205.79,319.81,1,3,Potensial (Average Spending)
Gavin Fischer,821.34,6,262.61,136.89,1,0,Premium (High Spending)
Gavin Lewis,678.38,2,178.01,339.19,1,3,Potensial (Average Spending)
Gavin Miller,397.67,1,141.18,397.67,1,2,Kasual (Low Spending)
Gavin Morales,83.74,1,20.69,83.74,1,2,Kasual (Low Spending)
Gene Kerr,477.85,1,142.22,477.85,1,2,Kasual (Low Spending)
Gene Mitchell,414.9,2,91.58,207.45,1,3,Potensial (Average Spending)
Geoffrey Bright,373.93,1,60.84,373.93,1,2,Kasual (Low Spending)
Geoffrey Case,1322.2,4,305.96,330.55,1,0,Premium (High Spending)
George Baxter,637.12,2,122.74,318.56,1,3,Potensial (Average Spending)
George Beck,3985.1,5,591.73,797.02,1,1,VIP (Top Buyers & High Quantity)
George Blackburn,760.88,1,249.34,760.88,1,2,Kasual (Low Spending)
George Buchanan,1391.28,3,560.99,463.76,1,0,Premium (High Spending)
George Chen,2382.64,2,314.95,1191.32,1,0,Premium (High Spending)
George Cummings,592.0,2,219.92,296.0,1,3,Potensial (Average Spending)
George Fisher,532.2,2,177.47,266.1,1,3,Potensial (Average Spending)
George Forbes,217.28,1,72.22,217.28,1,2,Kasual (Low Spending)
George Foster,1935.75,3,265.18,645.25,1,0,Premium (High Spending)
George Gilbert,458.55,3,109.98,152.85,1,3,Potensial (Average Spending)
George Gutierrez,544.78,4,135.8,115.05000000000001,2,3,Potensial (Average Spending)
George Hayden,306.59,1,55.66,306.59,1,2,Kasual (Low Spending)
George Hoover,3121.08,4,267.76,780.27,1,0,Premium (High Spending)
George Howard,804.79,1,96.5,804.79,1,2,Kasual (Low Spending)
George James,227.16,2,85.46,113.58,1,3,Potensial (Average Spending)
George Jimenez,307.54,1,106.93,307.54,1,2,Kasual (Low Spending)
George Little,285.54,3,126.21,95.18,1,3,Potensial (Average Spending)
George Moore,347.33,1,93.07,347.33,1,2,Kasual (Low Spending)
George Parrish,893.94,1,122.11,893.94,1,2,Kasual (Low Spending)
George Paul,342.95,1,117.82,342.95,1,2,Kasual (Low Spending)
George Peterson,140.85,1,29.61,140.85,1,2,Kasual (Low Spending)
George Ramirez,194.24,1,35.17,194.24,1,2,Kasual (Low Spending)
George Shah,734.26,2,104.29,367.13,1,3,Potensial (Average Spending)
George Shea,835.01,1,113.75,835.01,1,2,Kasual (Low Spending)
George Stone,487.62,2,149.54,243.81,1,3,Potensial (Average Spending)
George Sullivan,494.14,2,136.08,247.07,1,3,Potensial (Average Spending)
George Trujillo,265.9,2,96.94,132.95,1,3,Potensial (Average Spending)
George Turner,1106.6,4,264.1,276.65,1,0,Premium (High Spending)
George White,300.59,1,42.69,300.59,1,2,Kasual (Low Spending)
George Wilkins,387.8,1,92.19,387.8,1,2,Kasual (Low Spending)
George Wise,948.27,3,99.98,316.09,1,3,Potensial (Average Spending)
George Wood,1476.42,2,152.19,738.21,1,3,Potensial (Average Spending)
George Young,439.41,1,146.28,439.41,1,2,Kasual (Low Spending)
Gerald Anderson,1193.07,3,274.8,397.69,1,0,Premium (High Spending)
Gerald Campbell,1662.72,4,224.49,415.68,1,0,Premium (High Spending)
Gerald Cox,834.12,1,74.6,834.12,1,2,Kasual (Low Spending)
Gerald Davis,60.13,1,26.22,60.13,1,2,Kasual (Low Spending)
Gerald Dixon,452.88,3,59.21,150.96,1,3,Potensial (Average Spending)
Gerald Flores,1104.92,4,169.6,276.23,1,0,Premium (High Spending)
Gerald Graham,1100.42,2,179.82,550.21,1,3,Potensial (Average Spending)
Gerald Horn,77.88,1,27.47,77.88,1,2,Kasual (Low Spending)
Gerald Johnson,946.41,3,405.56,315.47,1,0,Premium (High Spending)
Gerald Kennedy,2425.44,4,592.09,606.36,1,0,Premium (High Spending)
Gerald Nguyen,99.45,1,38.52,99.45,1,2,Kasual (Low Spending)
Gerald Reyes,1032.57,1,195.43,1032.57,1,2,Kasual (Low Spending)
Gerald Rios,171.74,2,54.45,85.87,1,3,Potensial (Average Spending)
Gerald Stanton,104.22,2,26.88,52.11,1,3,Potensial (Average Spending)
Gerald Sullivan,2079.48,4,174.88,519.87,1,0,Premium (High Spending)
Gerald Zimmerman,582.54,2,218.75,291.27,1,3,Potensial (Average Spending)
Gilbert Ferguson,293.93,1,82.44,293.93,1,2,Kasual (Low Spending)
Gilbert Smith,312.63,1,61.79,312.63,1,2,Kasual (Low Spending)
Gina Chaney,1093.07,1,188.23,1093.07,1,2,Kasual (Low Spending)
Gina Duarte,150.84,2,57.28,75.42,1,3,Potensial (Average Spending)
Gina Gomez,318.81,1,67.01,318.81,1,2,Kasual (Low Spending)
Gina Hanson,297.13,1,88.62,297.13,1,2,Kasual (Low Spending)
Gina Hardy,463.94,2,110.12,231.97,1,3,Potensial (Average Spending)
Gina Horne,84.38,1,21.81,84.38,1,2,Kasual (Low Spending)
Gina Hughes,132.16,2,35.64,66.08,1,3,Potensial (Average Spending)
Gina Johnson,711.52,1,125.63,711.52,1,2,Kasual (Low Spending)
Gina Lane,661.61,1,67.37,661.61,1,2,Kasual (Low Spending)
Gina Lewis,309.18,1,36.32,309.18,1,2,Kasual (Low Spending)
Gina Moore,3045.75,3,555.47,1015.25,1,0,Premium (High Spending)
Gina Palmer,1332.0,2,114.32,666.0,1,3,Potensial (Average Spending)
Gina Reyes,260.12,2,53.55,130.06,1,3,Potensial (Average Spending)
Gina Rowe,258.57,1,41.58,258.57,1,2,Kasual (Low Spending)
Gina Sanders,412.46,1,113.01,412.46,1,2,Kasual (Low Spending)
Gina Sandoval,274.89,3,57.09,91.63,1,3,Potensial (Average Spending)
Gina Stephens,1205.19,1,220.84,1205.19,1,2,Kasual (Low Spending)
Gina Weaver,68.49,1,30.15,68.49,1,2,Kasual (Low Spending)
Gina Williams,1508.36,4,274.03,377.09,1,0,Premium (High Spending)
Gina Willis,62.51,1,13.94,62.51,1,2,Kasual (Low Spending)
Glen Flores,195.53,1,90.52,195.53,1,2,Kasual (Low Spending)
Glen Green MD,614.28,1,139.55,614.28,1,2,Kasual (Low Spending)
Glen Johnson,698.49,3,192.94,232.83,1,3,Potensial (Average Spending)
Glenda Clark,785.32,2,92.39,392.66,1,3,Potensial (Average Spending)
Glenda Johnson,1473.48,4,631.5,368.37,1,0,Premium (High Spending)
Glenn Crosby,689.62,1,129.45,689.62,1,2,Kasual (Low Spending)
Glenn Hansen,178.28,2,65.69,89.14,1,3,Potensial (Average Spending)
Glenn Jenkins,1220.42,2,134.69,610.21,1,3,Potensial (Average Spending)
Glenn Martinez,800.08,1,173.59,800.08,1,2,Kasual (Low Spending)
Glenn Mcfarland,59.81,1,12.61,59.81,1,2,Kasual (Low Spending)
Glenn Pacheco,1826.92,2,313.35,913.46,1,0,Premium (High Spending)
Glenn Raymond,792.5,1,70.7,792.5,1,2,Kasual (Low Spending)
Gloria Howe,1597.7,2,267.72,798.85,1,0,Premium (High Spending)
Gloria Mccoy,1342.56,2,418.79,671.28,1,0,Premium (High Spending)
Gloria Ortiz,215.19,1,49.39,215.19,1,2,Kasual (Low Spending)
Gloria Rogers,360.06,1,121.38,360.06,1,2,Kasual (Low Spending)
Gloria Sampson,1137.56,2,106.46,568.78,1,3,Potensial (Average Spending)
Grace Gray,180.89,1,57.97,180.89,1,2,Kasual (Low Spending)
Grace Hodge,756.36,4,174.98,189.09,1,3,Potensial (Average Spending)
Grace Morgan,1050.92,2,271.14,525.46,1,3,Potensial (Average Spending)
Grace Sweeney,217.52,4,49.99,54.38,1,3,Potensial (Average Spending)
Grace Williams,550.59,3,260.83000000000004,155.14,2,3,Potensial (Average Spending)
Grant Richardson,4219.6,4,558.14,1054.9,1,1,VIP (Top Buyers & High Quantity)
Grant Thomas,122.2,1,15.64,122.2,1,2,Kasual (Low Spending)
Grant Wang,2836.05,3,787.43,945.35,1,1,VIP (Top Buyers & High Quantity)
Greg Bailey,53.67,1,20.9,53.67,1,2,Kasual (Low Spending)
Greg Johnson,700.7,2,97.5,350.35,1,3,Potensial (Average Spending)
Greg Martin,913.3,1,198.95,913.3,1,2,Kasual (Low Spending)
Gregg King,548.62,1,57.14,548.62,1,2,Kasual (Low Spending)
Gregg Rodriguez,1042.8,1,186.45,1042.8,1,2,Kasual (Low Spending)
Gregory Barnes,125.68,1,36.23,125.68,1,2,Kasual (Low Spending)
Gregory Barr,496.0,2,214.59,248.0,1,3,Potensial (Average Spending)
Gregory Best,111.3,1,42.88,111.3,1,2,Kasual (Low Spending)
Gregory Blevins,698.69,1,185.07,698.69,1,2,Kasual (Low Spending)
Gregory Brooks,454.22,2,217.21,227.11,1,3,Potensial (Average Spending)
Gregory Buck,67.83,3,18.99,22.61,1,3,Potensial (Average Spending)
Gregory Byrd,369.58,1,72.57,369.58,1,2,Kasual (Low Spending)
Gregory Campos Jr.,895.94,2,249.37,447.97,1,3,Potensial (Average Spending)
Gregory Carney,205.49,1,69.76,205.49,1,2,Kasual (Low Spending)
Gregory Carter,833.04,3,213.03,277.68,1,3,Potensial (Average Spending)
Gregory Church,463.88,1,62.27,463.88,1,2,Kasual (Low Spending)
Gregory Collins,1113.72,3,215.11,371.24,1,3,Potensial (Average Spending)
Gregory Cooper,241.56,2,85.7,120.78,1,3,Potensial (Average Spending)
Gregory Davis,1120.32,2,193.46,560.16,1,3,Potensial (Average Spending)
Gregory Davis III,600.14,2,210.0,300.07,1,3,Potensial (Average Spending)
Gregory Dunn,1549.89,3,145.72,516.63,1,3,Potensial (Average Spending)
Gregory Fletcher,1961.91,3,629.09,653.97,1,0,Premium (High Spending)
Gregory Foley,117.92,1,18.9,117.92,1,2,Kasual (Low Spending)
Gregory Garcia,103.87,1,45.61,103.87,1,2,Kasual (Low Spending)
Gregory George,290.48,4,123.89,72.62,1,3,Potensial (Average Spending)
Gregory Gomez,76.49,1,28.89,76.49,1,2,Kasual (Low Spending)
Gregory Gonzalez,322.93,1,97.73,322.93,1,2,Kasual (Low Spending)
Gregory Griffin,3726.12,3,319.83,1242.04,1,0,Premium (High Spending)
Gregory Haney,65.97,1,15.61,65.97,1,2,Kasual (Low Spending)
Gregory Hanson,892.02,3,247.8,297.34,1,3,Potensial (Average Spending)
Gregory Harris,585.54,3,230.91,195.18,1,3,Potensial (Average Spending)
Gregory Huffman,400.87,1,69.78,400.87,1,2,Kasual (Low Spending)
Gregory Hull,2259.96,4,292.28,564.99,1,0,Premium (High Spending)
Gregory Jackson,1964.68,4,424.8,491.17,1,0,Premium (High Spending)
Gregory Jones,163.03,1,44.38,163.03,1,2,Kasual (Low Spending)
Gregory Lopez,170.39,1,31.27,170.39,1,2,Kasual (Low Spending)
Gregory Marshall MD,408.72,2,71.55,204.36,1,3,Potensial (Average Spending)
Gregory Miller,655.32,2,178.97,327.66,1,3,Potensial (Average Spending)
Gregory Moore,3035.27,4,335.26,645.195,2,0,Premium (High Spending)
Gregory Morris,539.42,2,77.18,269.71,1,3,Potensial (Average Spending)
Gregory Myers,278.08,1,67.64,278.08,1,2,Kasual (Low Spending)
Gregory Nichols,378.36,3,31.48,126.12,1,3,Potensial (Average Spending)
Gregory Paul,363.81,3,86.06,121.27,1,3,Potensial (Average Spending)
Gregory Ray,85.25,1,16.57,85.25,1,2,Kasual (Low Spending)
Gregory Sanchez,420.24,4,132.74,105.06,1,3,Potensial (Average Spending)
Gregory Sellers,373.53,1,154.35,373.53,1,2,Kasual (Low Spending)
Gregory Sherman,451.54,1,80.3,451.54,1,2,Kasual (Low Spending)
Gregory Smith,455.36,1,40.07,455.36,1,2,Kasual (Low Spending)
Gregory Spence,1159.18,2,104.81,579.59,1,3,Potensial (Average Spending)
Gregory Swanson,156.91,1,38.45,156.91,1,2,Kasual (Low Spending)
Gregory Taylor,242.11,1,114.88,242.11,1,2,Kasual (Low Spending)
Gregory Torres,125.13,1,12.28,125.13,1,2,Kasual (Low Spending)
Gregory Tran,333.76,4,67.89,83.44,1,3,Potensial (Average Spending)
Gregory Vazquez,684.44,1,102.13,684.44,1,2,Kasual (Low Spending)
Gregory Wallace,997.5,3,252.89,332.5,1,3,Potensial (Average Spending)
Gregory Webb,244.12,1,41.88,244.12,1,2,Kasual (Low Spending)
Gregory Weber,212.47,1,70.44,212.47,1,2,Kasual (Low Spending)
Gregory Williams,1545.4,4,624.19,386.35,1,0,Premium (High Spending)
Gregory Zimmerman,115.88,2,55.12,57.94,1,3,Potensial (Average Spending)
Gwendolyn Carter,100.98,1,26.95,100.98,1,2,Kasual (Low Spending)
Gwendolyn Harris,1727.7,2,541.25,863.85,1,0,Premium (High Spending)
Gwendolyn Kaiser,330.0,1,112.77,330.0,1,2,Kasual (Low Spending)
Gwendolyn Moreno,270.02,1,95.45,270.02,1,2,Kasual (Low Spending)
Gwendolyn Russell,275.97,1,90.75,275.97,1,2,Kasual (Low Spending)
Hailey Conway,890.24,4,432.06,222.56,1,0,Premium (High Spending)
Hailey Garcia,503.12,2,117.37,251.56,1,3,Potensial (Average Spending)
Hailey Serrano,501.42,2,133.03,250.71,1,3,Potensial (Average Spending)
Haley Casey,1834.08,4,231.14,458.52,1,0,Premium (High Spending)
Haley Cox,78.22,1,14.18,78.22,1,2,Kasual (Low Spending)
Haley Craig,555.24,1,56.34,555.24,1,2,Kasual (Low Spending)
Haley Hardy,360.76,1,51.81,360.76,1,2,Kasual (Low Spending)
Haley Hoffman,679.28,2,228.08,339.64,1,3,Potensial (Average Spending)
Haley Newman,590.28,1,137.19,590.28,1,2,Kasual (Low Spending)
Haley Pham,222.66,1,57.67,222.66,1,2,Kasual (Low Spending)
Haley Robertson,544.36,2,81.3,272.18,1,3,Potensial (Average Spending)
Haley Rose,1948.18,2,187.68,974.09,1,3,Potensial (Average Spending)
Haley Smith,906.72,2,145.92000000000002,453.36,2,3,Potensial (Average Spending)
Haley Waters,229.36,1,62.57,229.36,1,2,Kasual (Low Spending)
Haley West,841.58,1,106.17,841.58,1,2,Kasual (Low Spending)
Hannah Alvarado,554.85,3,64.6,184.95,1,3,Potensial (Average Spending)
Hannah Barrett,133.02,1,13.83,133.02,1,2,Kasual (Low Spending)
Hannah Cummings,856.98,2,102.3,428.49,1,3,Potensial (Average Spending)
Hannah Davis,393.07,1,64.52,393.07,1,2,Kasual (Low Spending)
Hannah Gaines,655.5,1,64.32,655.5,1,2,Kasual (Low Spending)
Hannah Garcia,315.24,1,83.19,315.24,1,2,Kasual (Low Spending)
Hannah Green,110.32,1,45.64,110.32,1,2,Kasual (Low Spending)
Hannah Higgins,309.45,1,93.19,309.45,1,2,Kasual (Low Spending)
Hannah Houston,1740.87,3,392.97,580.29,1,0,Premium (High Spending)
Hannah Jackson,641.97,1,125.93,641.97,1,2,Kasual (Low Spending)
Hannah Jimenez,696.05,1,71.05,696.05,1,2,Kasual (Low Spending)
Hannah Perry,961.11,2,207.10999999999999,480.555,2,3,Potensial (Average Spending)
Hannah Peterson,128.87,1,44.37,128.87,1,2,Kasual (Low Spending)
Hannah Ritter,556.06,2,173.24,278.03,1,3,Potensial (Average Spending)
Hannah Robinson,214.23,1,43.88,214.23,1,2,Kasual (Low Spending)
Hannah Salas,1729.98,2,176.74,864.99,1,3,Potensial (Average Spending)
Hannah Sanchez,197.72,1,46.18,197.72,1,2,Kasual (Low Spending)
Hannah Sims,529.41,3,140.14,176.47,1,3,Potensial (Average Spending)
Hannah Singleton,3782.28,3,1022.59,1260.76,1,1,VIP (Top Buyers & High Quantity)
Hannah Stout,607.62,3,79.12,202.54,1,3,Potensial (Average Spending)
Hannah Underwood,1352.22,3,377.43,450.74,1,0,Premium (High Spending)
Hannah Weaver,113.4,3,32.86,37.8,1,3,Potensial (Average Spending)
Harold Buchanan,136.8,1,17.43,136.8,1,2,Kasual (Low Spending)
Harold Pearson,238.39,1,94.3,238.39,1,2,Kasual (Low Spending)
Harold Pittman,816.4,1,185.5,816.4,1,2,Kasual (Low Spending)
Harold Rogers,273.4,1,84.2,273.4,1,2,Kasual (Low Spending)
Harold Watson,3233.12,4,543.58,808.28,1,1,VIP (Top Buyers & High Quantity)
Harold Wilson,560.67,1,111.16,560.67,1,2,Kasual (Low Spending)
Harry Burton,673.91,1,119.77,673.91,1,2,Kasual (Low Spending)
Harry Johnson,127.64,1,16.97,127.64,1,2,Kasual (Low Spending)
Harry Salazar Jr.,778.26,2,336.43,389.13,1,3,Potensial (Average Spending)
Harry Sandoval,546.78,3,60.79,182.26,1,3,Potensial (Average Spending)
Hayden Bell,216.0,1,81.29,216.0,1,2,Kasual (Low Spending)
Hayden Miller,1254.15,3,324.87,418.05,1,0,Premium (High Spending)
Hayden Ramos,2171.28,3,259.53,723.76,1,0,Premium (High Spending)
Hayley Scott,464.85,3,187.0,154.95,1,3,Potensial (Average Spending)
Heather Aguilar,788.85,1,121.06,788.85,1,2,Kasual (Low Spending)
Heather Anderson,1036.28,5,168.29000000000002,208.16500000000002,2,0,Premium (High Spending)
Heather Ball,198.78,3,57.94,66.26,1,3,Potensial (Average Spending)
Heather Blake,198.47,1,63.27,198.47,1,2,Kasual (Low Spending)
Heather Brooks,285.71,1,120.62,285.71,1,2,Kasual (Low Spending)
Heather Brown,432.92,4,122.84,108.23,1,3,Potensial (Average Spending)
Heather Bryant,826.67,3,217.71999999999997,250.695,2,3,Potensial (Average Spending)
Heather Castillo,334.12,1,103.96,334.12,1,2,Kasual (Low Spending)
Heather Cervantes,816.04,2,302.5,408.02,1,3,Potensial (Average Spending)
Heather Chambers,839.54,1,172.72,839.54,1,2,Kasual (Low Spending)
Heather Coffey,180.1,2,90.04,90.05,1,3,Potensial (Average Spending)
Heather Davis,2288.91,3,252.18,762.97,1,0,Premium (High Spending)
Heather Douglas,753.55,1,66.54,753.55,1,2,Kasual (Low Spending)
Heather Duffy,681.42,2,223.57,340.71,1,3,Potensial (Average Spending)
Heather Ellison,1147.63,1,365.0,1147.63,1,2,Kasual (Low Spending)
Heather Espinoza,95.12,1,19.53,95.12,1,2,Kasual (Low Spending)
Heather Fisher,122.14,1,28.21,122.14,1,2,Kasual (Low Spending)
Heather Franklin,2555.73,3,323.95,851.91,1,0,Premium (High Spending)
Heather Freeman,276.35,5,66.23,55.27,1,3,Potensial (Average Spending)
Heather Garrison,610.74,2,80.92,305.37,1,3,Potensial (Average Spending)
Heather Gonzales,321.08,1,89.98,321.08,1,2,Kasual (Low Spending)
Heather Green,1910.82,2,368.1,955.41,1,0,Premium (High Spending)
Heather Hall,896.11,1,96.81,896.11,1,2,Kasual (Low Spending)
Heather Hammond,432.33,1,168.63,432.33,1,2,Kasual (Low Spending)
Heather Haney,777.45,3,295.57,259.15,1,0,Premium (High Spending)
Heather Harris,751.12,2,207.36,375.56,2,3,Potensial (Average Spending)
Heather Herrera,381.86,2,106.8,190.93,1,3,Potensial (Average Spending)
Heather Higgins,682.26,1,63.15,682.26,1,2,Kasual (Low Spending)
Heather Hill,746.52,3,331.78,248.84,1,0,Premium (High Spending)
Heather Hunt,448.38,2,153.48,224.19,1,3,Potensial (Average Spending)
Heather Jackson,1538.28,2,264.76,769.14,1,3,Potensial (Average Spending)
Heather James,467.68,2,210.1,233.84,1,3,Potensial (Average Spending)
Heather Jennings,1610.94,4,429.48,527.02,2,0,Premium (High Spending)
Heather Johnson,301.32,2,130.96,150.66,1,3,Potensial (Average Spending)
Heather Jordan,2135.04,3,663.73,711.68,1,0,Premium (High Spending)
Heather Knapp,1586.49,3,298.26,528.83,1,0,Premium (High Spending)
Heather Lee,70.12,1,25.48,70.12,1,2,Kasual (Low Spending)
Heather Mata,1889.91,3,472.15,629.97,1,0,Premium (High Spending)
Heather Mclaughlin,79.97,1,23.93,79.97,1,2,Kasual (Low Spending)
Heather Mendez,1277.99,4,246.3,489.135,2,0,Premium (High Spending)
Heather Meza,440.68,1,88.26,440.68,1,2,Kasual (Low Spending)
Heather Mitchell,1598.68,3,290.28000000000003,416.96500000000003,2,0,Premium (High Spending)
Heather Moore,206.36,4,59.15,51.59,1,3,Potensial (Average Spending)
Heather Moran,757.34,2,220.94,378.67,1,3,Potensial (Average Spending)
Heather Morgan,424.8,2,135.1,212.4,1,3,Potensial (Average Spending)
Heather Mullins,1142.96,2,267.85,571.48,1,3,Potensial (Average Spending)
Heather Murray,632.57,1,184.18,632.57,1,2,Kasual (Low Spending)
Heather Nguyen,62.82,2,21.06,31.41,1,3,Potensial (Average Spending)
Heather Ortiz,1389.84,6,270.07,231.64,1,0,Premium (High Spending)
Heather Parker,420.83,1,159.43,420.83,1,2,Kasual (Low Spending)
Heather Patel,1027.94,2,123.92,513.97,1,3,Potensial (Average Spending)
Heather Perry,375.12,4,183.16,93.78,1,3,Potensial (Average Spending)
Heather Potter,1519.06,2,490.56,759.53,1,0,Premium (High Spending)
Heather Pratt,101.5,1,29.22,101.5,1,2,Kasual (Low Spending)
Heather Ramirez,118.21,1,18.99,118.21,1,2,Kasual (Low Spending)
Heather Reid,297.57,3,141.02,99.19,1,3,Potensial (Average Spending)
Heather Robinson,1398.9,3,197.23,466.3,1,0,Premium (High Spending)
Heather Rose,568.34,1,189.32,568.34,1,2,Kasual (Low Spending)
Heather Ross,99.13,1,31.62,99.13,1,2,Kasual (Low Spending)
Heather Roy,1979.68,3,225.64000000000001,580.62,2,0,Premium (High Spending)
Heather Sanford,447.63,1,43.04,447.63,1,2,Kasual (Low Spending)
Heather Singleton,529.82,2,111.46,264.91,1,3,Potensial (Average Spending)
Heather Smith,502.91999999999996,2,73.99000000000001,251.45999999999998,2,3,Potensial (Average Spending)
Heather Stafford,69.33,1,24.36,69.33,1,2,Kasual (Low Spending)
Heather Stevens,440.14,2,129.56,220.07,1,3,Potensial (Average Spending)
Heather Stevenson,658.5,2,288.51,329.25,1,3,Potensial (Average Spending)
Heather Swanson,1785.3,2,157.4,892.65,1,3,Potensial (Average Spending)
Heather Tucker,104.02,1,13.69,104.02,1,2,Kasual (Low Spending)
Heather Warner,325.03,1,54.43,325.03,1,2,Kasual (Low Spending)
Heather Warren,280.94,1,42.35,280.94,1,2,Kasual (Low Spending)
Heather Webb,512.84,2,195.52,256.42,1,3,Potensial (Average Spending)
Heather Wells,215.94,1,66.16,215.94,1,2,Kasual (Low Spending)
Heather White,598.38,3,93.09,199.46,1,3,Potensial (Average Spending)
Heather Williams,851.0,2,192.35,425.5,1,3,Potensial (Average Spending)
Heather Wright,150.83,1,29.91,150.83,1,2,Kasual (Low Spending)
Hector Arellano,945.06,2,99.91,472.53,1,3,Potensial (Average Spending)
Hector Ashley,807.42,1,122.9,807.42,1,2,Kasual (Low Spending)
Hector Johnson,919.28,2,215.07,459.64,1,3,Potensial (Average Spending)
Hector Lee,1845.41,3,206.95999999999998,478.545,2,0,Premium (High Spending)
Hector Walker,535.17,3,181.48,178.39,1,3,Potensial (Average Spending)
Hector Zimmerman,46.68,1,13.73,46.68,1,2,Kasual (Low Spending)
Heidi King,206.1,2,84.63,103.05,1,3,Potensial (Average Spending)
Heidi Mills,151.29,1,48.55,151.29,1,2,Kasual (Low Spending)
Heidi Mitchell,2875.02,3,351.49,958.34,1,0,Premium (High Spending)
Heidi Murphy,242.97,1,34.82,242.97,1,2,Kasual (Low Spending)
Heidi Nguyen,1106.98,2,210.57,553.49,1,3,Potensial (Average Spending)
Heidi Norris,1841.55,3,349.34,613.85,1,0,Premium (High Spending)
Heidi Skinner,423.56,4,106.16,105.89,1,3,Potensial (Average Spending)
Heidi Smith,1521.04,2,141.18,760.52,1,3,Potensial (Average Spending)
Heidi Tate,853.86,3,165.68,284.62,1,3,Potensial (Average Spending)
Heidi Thompson,655.92,3,185.05,218.64,1,3,Potensial (Average Spending)
Helen Chapman,824.32,1,113.06,824.32,1,2,Kasual (Low Spending)
Helen Ferguson,1731.2,2,415.49,865.6,1,0,Premium (High Spending)
Helen Mitchell,867.5,1,145.73,867.5,1,2,Kasual (Low Spending)
Helen Stone,120.25,1,36.17,120.25,1,2,Kasual (Low Spending)
Helen Walker,440.88,3,194.81,146.96,1,3,Potensial (Average Spending)
Helen Waters,1609.41,3,294.54,536.47,1,0,Premium (High Spending)
Henry Brown,179.06,1,27.55,179.06,1,2,Kasual (Low Spending)
Henry Crawford,192.32,1,70.58,192.32,1,2,Kasual (Low Spending)
Henry Donovan,101.78,1,20.89,101.78,1,2,Kasual (Low Spending)
Henry Jennings,1828.12,4,324.96,457.03,1,0,Premium (High Spending)
Henry Johnson,158.98,1,29.26,158.98,1,2,Kasual (Low Spending)
Henry Miller,614.19,3,244.48,204.73,1,3,Potensial (Average Spending)
Henry Mills,351.13,1,94.34,351.13,1,2,Kasual (Low Spending)
Henry Smith,383.5,2,58.28,191.75,1,3,Potensial (Average Spending)
Henry Sutton,244.7,1,109.02,244.7,1,2,Kasual (Low Spending)
Herbert Foster,331.47,1,126.08,331.47,1,2,Kasual (Low Spending)
Holly Barber,1657.68,2,187.19,828.84,1,3,Potensial (Average Spending)
Holly Blankenship,44.0,2,12.62,22.0,1,3,Potensial (Average Spending)
Holly Boyd,337.19,1,113.46,337.19,1,2,Kasual (Low Spending)
Holly Collins,149.47,1,29.61,149.47,1,2,Kasual (Low Spending)
Holly Contreras DVM,380.92,1,70.11,380.92,1,2,Kasual (Low Spending)
Holly Cook,42.99,1,12.04,42.99,1,2,Kasual (Low Spending)
Holly Cunningham,80.6,1,21.19,80.6,1,2,Kasual (Low Spending)
Holly Davis,232.25,1,79.0,232.25,1,2,Kasual (Low Spending)
Holly Dean,649.38,1,115.19,649.38,1,2,Kasual (Low Spending)
Holly Erickson,346.88,1,49.94,346.88,1,2,Kasual (Low Spending)
Holly Jacobs,427.83,1,135.89,427.83,1,2,Kasual (Low Spending)
Holly Johnson,3730.73,4,423.53999999999996,717.885,2,1,VIP (Top Buyers & High Quantity)
Holly Le MD,584.07,3,252.65,194.69,1,3,Potensial (Average Spending)
Holly Lopez,657.06,3,259.55,219.02,1,3,Potensial (Average Spending)
Holly Martinez,394.01,1,88.1,394.01,1,2,Kasual (Low Spending)
Holly Mccullough,283.62,1,105.28,283.62,1,2,Kasual (Low Spending)
Holly Miller,1525.6,2,502.75,762.8,1,0,Premium (High Spending)
Holly Morrow,199.91,1,65.73,199.91,1,2,Kasual (Low Spending)
Holly Reynolds,1186.23,3,259.14,395.41,1,0,Premium (High Spending)
Holly Romero DVM,997.2,4,216.84,249.3,1,0,Premium (High Spending)
Holly Scott,574.09,1,106.08,574.09,1,2,Kasual (Low Spending)
Holly Thomas,77.71,1,28.11,77.71,1,2,Kasual (Low Spending)
Holly Tran,141.42,2,26.89,70.71,1,3,Potensial (Average Spending)
Holly Wilson,629.47,2,167.07,314.735,2,3,Potensial (Average Spending)
Holly Yoder,81.5,1,26.18,81.5,1,2,Kasual (Low Spending)
Howard Herman,1829.32,2,499.5,914.66,1,0,Premium (High Spending)
Howard Lopez,399.23,1,92.63,399.23,1,2,Kasual (Low Spending)
Howard Nelson,669.19,1,106.42,669.19,1,2,Kasual (Low Spending)
Howard Nunez,448.8,3,198.52,149.6,1,3,Potensial (Average Spending)
Howard Roberson,850.89,1,256.41,850.89,1,2,Kasual (Low Spending)
Howard Vargas,103.94,1,21.02,103.94,1,2,Kasual (Low Spending)
Hunter Choi,556.12,2,133.63,278.06,1,3,Potensial (Average Spending)
Hunter Coffey,1333.76,2,273.37,666.88,1,3,Potensial (Average Spending)
Hunter Mckay,3058.65,3,802.25,1019.55,1,1,VIP (Top Buyers & High Quantity)
Hunter Myers,357.65,1,144.61,357.65,1,2,Kasual (Low Spending)
Hunter Patel,853.24,2,115.32,426.62,1,3,Potensial (Average Spending)
Hunter Pope,181.66,1,29.88,181.66,1,2,Kasual (Low Spending)
Hunter Rodriguez,448.84,2,100.89,224.42,1,3,Potensial (Average Spending)
Hunter Singleton,286.96,1,78.5,286.96,1,2,Kasual (Low Spending)
Ian Bowman,703.88,2,203.13,351.94,1,3,Potensial (Average Spending)
Ian Butler,1491.22,2,123.2,745.61,1,3,Potensial (Average Spending)
Ian Chase,72.78,1,15.59,72.78,1,2,Kasual (Low Spending)
Ian Franco,255.42,1,110.88,255.42,1,2,Kasual (Low Spending)
Ian Garza,959.61,3,316.91,319.87,1,0,Premium (High Spending)
Ian Giles,513.6,2,183.72,256.8,1,3,Potensial (Average Spending)
Ian Gonzalez,420.59,1,77.94,420.59,1,2,Kasual (Low Spending)
Ian Hunter,84.05,1,18.07,84.05,1,2,Kasual (Low Spending)
Ian Kramer,825.2,5,219.72,165.04,1,0,Premium (High Spending)
Ian Mayo,522.62,2,70.74,261.31,1,3,Potensial (Average Spending)
Ian Murphy,143.54,2,62.11,71.77,1,3,Potensial (Average Spending)
Ian Peterson,1215.28,2,274.46,607.64,1,3,Potensial (Average Spending)
Ian Phillips,155.43,3,61.48,51.81,1,3,Potensial (Average Spending)
Ian Schroeder,55.95,1,14.58,55.95,1,2,Kasual (Low Spending)
Ian Taylor,116.5,1,30.09,116.5,1,2,Kasual (Low Spending)
Ian Valentine,1269.51,3,390.81,423.17,1,0,Premium (High Spending)
Ian Wilkinson,858.41,1,219.58,858.41,1,2,Kasual (Low Spending)
Ian Williams,242.66,2,99.52,121.33,1,3,Potensial (Average Spending)
Isaac Mason,3605.12,4,387.96,901.28,1,0,Premium (High Spending)
Isaac Shelton,552.72,4,216.2,138.18,1,3,Potensial (Average Spending)
Isaac Smith,645.56,2,230.22,322.78,1,3,Potensial (Average Spending)
Isaac Stewart,185.43,1,45.76,185.43,1,2,Kasual (Low Spending)
Isaac Wells,1962.33,3,166.43,654.11,1,0,Premium (High Spending)
Isaiah Bowman,1999.4,2,234.43,999.7,1,0,Premium (High Spending)
Isaiah Gonzalez,309.84,1,40.17,309.84,1,2,Kasual (Low Spending)
Isaiah Miller,1999.95,3,659.38,666.65,1,0,Premium (High Spending)
Isaiah Scott,63.0,2,16.96,31.5,1,3,Potensial (Average Spending)
Isaiah Walker,697.17,1,233.42,697.17,1,2,Kasual (Low Spending)
Ivan Johnson,375.38,2,136.66,187.69,1,3,Potensial (Average Spending)
Jack Coleman,617.36,4,253.45,154.34,1,0,Premium (High Spending)
Jack Gonzalez,411.48,1,114.45,411.48,1,2,Kasual (Low Spending)
Jack Hernandez,912.1,2,319.08,456.05,1,3,Potensial (Average Spending)
Jack House,266.1,2,98.1,133.05,1,3,Potensial (Average Spending)
Jack Jones,293.93,1,104.99,293.93,1,2,Kasual (Low Spending)
Jack Larson,608.1,1,65.31,608.1,1,2,Kasual (Low Spending)
Jack Leach,354.52,2,176.27,177.26,1,3,Potensial (Average Spending)
Jack Rodgers,520.17,1,79.61,520.17,1,2,Kasual (Low Spending)
Jack Shaw,321.55,1,50.73,321.55,1,2,Kasual (Low Spending)
Jack Thompson,135.63,3,28.9,45.21,1,3,Potensial (Average Spending)
Jackie Fowler,61.42,2,17.6,30.71,1,3,Potensial (Average Spending)
Jackie Gray,429.08,1,148.06,429.08,1,2,Kasual (Low Spending)
Jackie Watkins,274.02,1,104.54,274.02,1,2,Kasual (Low Spending)
Jackson Elliott,114.27,1,33.86,114.27,1,2,Kasual (Low Spending)
Jackson Nguyen,319.29,1,89.08,319.29,1,2,Kasual (Low Spending)
Jackson Payne,1213.58,1,235.24,1213.58,1,2,Kasual (Low Spending)
Jaclyn Armstrong,620.68,1,112.89,620.68,1,2,Kasual (Low Spending)
Jaclyn Daugherty,1601.3,2,205.41,800.65,1,3,Potensial (Average Spending)
Jaclyn Hutchinson,1265.13,3,183.3,421.71,1,3,Potensial (Average Spending)
Jaclyn Lynch,1384.47,3,226.01,461.49,1,0,Premium (High Spending)
Jaclyn Oliver,243.13,1,94.68,243.13,1,2,Kasual (Low Spending)
Jacob Berry,404.23,1,58.01,404.23,1,2,Kasual (Low Spending)
Jacob Booth,1355.28,4,337.97,338.82,1,0,Premium (High Spending)
Jacob Bryan MD,333.63,1,59.53,333.63,1,2,Kasual (Low Spending)
Jacob Buckley,228.76,1,84.24,228.76,1,2,Kasual (Low Spending)
Jacob Burns,195.76,1,60.19,195.76,1,2,Kasual (Low Spending)
Jacob Calderon,226.83,1,79.98,226.83,1,2,Kasual (Low Spending)
Jacob Castillo,446.17,1,105.26,446.17,1,2,Kasual (Low Spending)
Jacob Chambers,351.07,1,122.82,351.07,1,2,Kasual (Low Spending)
Jacob Chen,3079.28,4,591.78,769.82,1,1,VIP (Top Buyers & High Quantity)
Jacob Clark,446.94,1,190.69,446.94,1,2,Kasual (Low Spending)
Jacob Conner,408.66,1,142.02,408.66,1,2,Kasual (Low Spending)
Jacob Cruz,617.65,1,191.94,617.65,1,2,Kasual (Low Spending)
Jacob Davis,898.0,2,246.34,449.0,1,3,Potensial (Average Spending)
Jacob Dawson,830.1,2,281.45,415.05,1,3,Potensial (Average Spending)
Jacob Delacruz,173.28,4,65.5,43.32,1,3,Potensial (Average Spending)
Jacob Duncan,1744.18,5,386.01,423.62000000000006,3,0,Premium (High Spending)
Jacob French,417.42,2,39.24,208.71,1,3,Potensial (Average Spending)
Jacob Gaines,791.84,1,143.63,791.84,1,2,Kasual (Low Spending)
Jacob Gates,817.29,1,138.55,817.29,1,2,Kasual (Low Spending)
Jacob Gibson,247.65,1,97.5,247.65,1,2,Kasual (Low Spending)
Jacob Goodwin,133.26,1,61.66,133.26,1,2,Kasual (Low Spending)
Jacob Harvey,181.91,1,56.65,181.91,1,2,Kasual (Low Spending)
Jacob Henderson,1094.14,2,88.87,547.07,1,3,Potensial (Average Spending)
Jacob Hernandez,759.6,1,244.84,759.6,1,2,Kasual (Low Spending)
Jacob Johnson,242.32,1,46.17,242.32,1,2,Kasual (Low Spending)
Jacob Jones,715.06,1,95.62,715.06,1,2,Kasual (Low Spending)
Jacob Jordan,720.73,1,131.4,720.73,1,2,Kasual (Low Spending)
Jacob King,1208.59,1,154.25,1208.59,1,2,Kasual (Low Spending)
Jacob Koch,73.12,1,23.17,73.12,1,2,Kasual (Low Spending)
Jacob Little PhD,401.9,2,147.48,200.95,1,3,Potensial (Average Spending)
Jacob Lopez,660.36,3,133.99,220.12,1,3,Potensial (Average Spending)
Jacob Love,1092.08,4,469.59,273.02,1,0,Premium (High Spending)
Jacob May,122.12,1,40.63,122.12,1,2,Kasual (Low Spending)
Jacob Mccoy,758.45,5,100.63,151.69,1,0,Premium (High Spending)
Jacob Mclean,2457.36,3,613.52,819.12,1,0,Premium (High Spending)
Jacob Meyer,583.74,1,190.55,583.74,1,2,Kasual (Low Spending)
Jacob Miranda,874.84,4,198.23,218.71,1,0,Premium (High Spending)
Jacob Montgomery,689.48,1,84.83,689.48,1,2,Kasual (Low Spending)
Jacob Moore,913.16,4,265.63,228.29,1,0,Premium (High Spending)
Jacob Morris,108.97,1,20.63,108.97,1,2,Kasual (Low Spending)
Jacob Nguyen,72.5,1,15.09,72.5,1,2,Kasual (Low Spending)
Jacob Palmer,206.52,1,98.05,206.52,1,2,Kasual (Low Spending)
Jacob Parker,213.11,1,84.49,213.11,1,2,Kasual (Low Spending)
Jacob Patel,2949.68,4,724.81,737.42,1,1,VIP (Top Buyers & High Quantity)
Jacob Powers,130.27,1,42.22,130.27,1,2,Kasual (Low Spending)
Jacob Richardson,1177.2,2,321.32,588.6,1,3,Potensial (Average Spending)
Jacob Rivera,412.06,2,45.12,206.03,1,3,Potensial (Average Spending)
Jacob Sanders,60.03,1,23.41,60.03,1,2,Kasual (Low Spending)
Jacob Scott,181.74,2,75.65,90.87,1,3,Potensial (Average Spending)
Jacob Shelton,807.08,1,168.78,807.08,1,2,Kasual (Low Spending)
Jacob Simon,1529.28,3,261.69,509.76,1,0,Premium (High Spending)
Jacob Simpson MD,52.67,1,11.55,52.67,1,2,Kasual (Low Spending)
Jacob Smith,3308.42,8,1209.83,434.0,3,1,VIP (Top Buyers & High Quantity)
Jacob Stone MD,238.88,1,58.44,238.88,1,2,Kasual (Low Spending)
Jacob Strickland,574.77,3,162.41,191.59,1,3,Potensial (Average Spending)
Jacob Strong,150.92,1,60.4,150.92,1,2,Kasual (Low Spending)
Jacob Taylor,2888.07,6,321.62,394.10499999999996,4,1,VIP (Top Buyers & High Quantity)
Jacob Thompson,890.73,3,278.33,296.91,1,0,Premium (High Spending)
Jacob Tucker,1012.8,4,83.39,253.2,1,3,Potensial (Average Spending)
Jacob Walker,65.4,1,22.89,65.4,1,2,Kasual (Low Spending)
Jacob Walters,838.84,2,218.24,419.42,1,3,Potensial (Average Spending)
Jacob Weaver,1527.75,4,284.97,398.265,2,0,Premium (High Spending)
Jacob Wheeler,407.38,2,167.32,203.69,1,3,Potensial (Average Spending)
Jacob Whitaker,413.91,3,87.88,137.97,1,3,Potensial (Average Spending)
Jacob Woodward,696.36,4,189.6,174.09,1,3,Potensial (Average Spending)
Jacqueline Adams,1595.67,3,210.23,531.89,1,0,Premium (High Spending)
Jacqueline Anderson,1591.78,2,175.88,795.89,1,3,Potensial (Average Spending)
Jacqueline Best,639.1,2,253.84,319.55,1,3,Potensial (Average Spending)
Jacqueline Blair,238.52,1,30.59,238.52,1,2,Kasual (Low Spending)
Jacqueline Dixon,246.18,2,53.51,123.09,1,3,Potensial (Average Spending)
Jacqueline Edwards,814.34,2,246.84,407.17,1,3,Potensial (Average Spending)
Jacqueline Elliott,421.58,2,53.95,210.79,1,3,Potensial (Average Spending)
Jacqueline Fernandez,2651.2,4,804.06,662.8,1,1,VIP (Top Buyers & High Quantity)
Jacqueline Fletcher,291.52,1,94.95,291.52,1,2,Kasual (Low Spending)
Jacqueline Gibson MD,2509.64,4,416.65,627.41,1,0,Premium (High Spending)
Jacqueline Gomez,628.34,1,65.98,628.34,1,2,Kasual (Low Spending)
Jacqueline Hernandez,1092.24,4,224.66,273.06,1,0,Premium (High Spending)
Jacqueline Huerta,895.44,2,402.7,447.72,1,0,Premium (High Spending)
Jacqueline Jennings,314.23,1,114.74,314.23,1,2,Kasual (Low Spending)
Jacqueline Jones,86.48,1,37.52,86.48,1,2,Kasual (Low Spending)
Jacqueline Lane,70.1,1,17.37,70.1,1,2,Kasual (Low Spending)
Jacqueline Lopez,423.0,1,128.1,423.0,1,2,Kasual (Low Spending)
Jacqueline May,137.42,2,28.28,68.71,1,3,Potensial (Average Spending)
Jacqueline Mayer,2042.95,7,379.99,291.85,1,1,VIP (Top Buyers & High Quantity)
Jacqueline Mcgee,1217.02,1,284.79,1217.02,1,2,Kasual (Low Spending)
Jacqueline Middleton,419.43,1,103.56,419.43,1,2,Kasual (Low Spending)
Jacqueline Miller,1216.42,2,354.55,608.21,1,0,Premium (High Spending)
Jacqueline Moon,388.83,3,54.36,129.61,1,3,Potensial (Average Spending)
Jacqueline Morgan,178.16,1,78.88,178.16,1,2,Kasual (Low Spending)
Jacqueline Morris,572.46,1,108.47,572.46,1,2,Kasual (Low Spending)
Jacqueline Murray,105.03,3,27.21,35.01,1,3,Potensial (Average Spending)
Jacqueline Nelson,642.45,3,228.53,214.15,1,3,Potensial (Average Spending)
Jacqueline Perez,446.08,1,131.39,446.08,1,2,Kasual (Low Spending)
Jacqueline Peters,639.38,2,272.01,319.69,1,3,Potensial (Average Spending)
Jacqueline Prince,657.12,2,172.66,328.56,1,3,Potensial (Average Spending)
Jacqueline Robinson,91.54,1,24.01,91.54,1,2,Kasual (Low Spending)
Jacqueline Russell,1893.01,3,316.32,557.185,2,0,Premium (High Spending)
Jacqueline Sampson,358.45,1,109.63,358.45,1,2,Kasual (Low Spending)
Jacqueline Schultz,562.98,3,189.89,187.66,1,3,Potensial (Average Spending)
Jacqueline Smith,586.78,6,146.37,103.785,2,0,Premium (High Spending)
Jacqueline Watson,2071.98,3,200.53,690.66,1,0,Premium (High Spending)
Jacqueline Williams,593.51,1,105.42,593.51,1,2,Kasual (Low Spending)
Jacqueline Wilson,342.95,3,93.53999999999999,122.505,2,3,Potensial (Average Spending)
Jade Bell,2276.36,4,191.37,569.09,1,0,Premium (High Spending)
Jade Gray,1625.79,3,508.39,541.93,1,0,Premium (High Spending)
Jade Hall,409.92,3,46.07,136.64,1,3,Potensial (Average Spending)
Jade Morrow,1547.0,4,347.44,386.75,1,0,Premium (High Spending)
Jade Smith,73.96,1,32.84,73.96,1,2,Kasual (Low Spending)
Jaime Black,354.08,1,152.82,354.08,1,2,Kasual (Low Spending)
Jaime Cooper,257.25,1,112.41,257.25,1,2,Kasual (Low Spending)
Jaime Hernandez,452.88,1,140.47,452.88,1,2,Kasual (Low Spending)
Jaime Johnson,345.78,2,101.16,172.89,1,3,Potensial (Average Spending)
Jaime King,1559.01,3,425.53,519.67,1,0,Premium (High Spending)
Jaime Marquez,369.75,1,128.42,369.75,1,2,Kasual (Low Spending)
Jaime Molina,287.79,3,101.71,95.93,1,3,Potensial (Average Spending)
Jaime Nguyen,476.64,2,97.65,238.32,1,3,Potensial (Average Spending)
Jaime Perry,477.74,2,210.86,238.87,1,3,Potensial (Average Spending)
Jaime Ray,280.56,2,96.56,140.28,1,3,Potensial (Average Spending)
Jaime Russell,840.41,1,145.07,840.41,1,2,Kasual (Low Spending)
Jaime Sullivan,710.3,2,244.46,355.15,1,3,Potensial (Average Spending)
Jaime Young,1146.24,2,160.37,573.12,1,3,Potensial (Average Spending)
Jake Adams,427.44,1,110.18,427.44,1,2,Kasual (Low Spending)
Jake Berry,187.38,2,66.79,93.69,1,3,Potensial (Average Spending)
Jake Harrison,508.58,1,51.58,508.58,1,2,Kasual (Low Spending)
Jake Holden,740.6,4,260.8,185.15,1,0,Premium (High Spending)
Jake Lee,541.32,2,142.85,270.66,1,3,Potensial (Average Spending)
Jake Mcpherson,547.1,2,49.7,273.55,1,3,Potensial (Average Spending)
Jake Stephens,1451.72,2,406.91,725.86,1,0,Premium (High Spending)
James Adkins,237.64,2,60.73,118.82,1,3,Potensial (Average Spending)
James Allen,579.38,2,201.66,289.69,1,3,Potensial (Average Spending)
James Anderson,633.54,3,74.33,302.675,2,3,Potensial (Average Spending)
James Andrade,154.13,1,32.64,154.13,1,2,Kasual (Low Spending)
James Andrews,186.81,1,92.88,186.81,1,2,Kasual (Low Spending)
James Ayala,245.61,3,48.08,81.87,1,3,Potensial (Average Spending)
James Baker,573.36,3,84.6,191.12,1,3,Potensial (Average Spending)
James Baldwin,149.82,2,54.32,74.91,1,3,Potensial (Average Spending)
James Bass,456.33,3,119.72,152.11,1,3,Potensial (Average Spending)
James Becker,1323.12,4,275.01,330.78,1,0,Premium (High Spending)
James Bell,444.34999999999997,2,108.32,222.17499999999998,2,3,Potensial (Average Spending)
James Beltran,675.27,1,62.49,675.27,1,2,Kasual (Low Spending)
James Benjamin,889.81,1,115.29,889.81,1,2,Kasual (Low Spending)
James Bennett,329.51,1,102.5,329.51,1,2,Kasual (Low Spending)
James Blackwell,1688.9,2,313.99,844.45,1,0,Premium (High Spending)
James Blankenship,690.64,1,230.87,690.64,1,2,Kasual (Low Spending)
James Boone,331.9,1,93.74,331.9,1,2,Kasual (Low Spending)
James Booth,401.46,3,104.5,133.82,1,3,Potensial (Average Spending)
James Bradley,185.54,2,41.13,92.77,1,3,Potensial (Average Spending)
James Bray,3445.98,3,967.7,1148.66,1,1,VIP (Top Buyers & High Quantity)
James Briggs,694.12,2,296.34,347.06,1,3,Potensial (Average Spending)
James Brown,432.86,2,157.54,216.43,1,3,Potensial (Average Spending)
James Burgess,632.93,1,59.03,632.93,1,2,Kasual (Low Spending)
James Butler,398.77,1,92.72,398.77,1,2,Kasual (Low Spending)
James Campbell,466.36,2,179.96,233.18,1,3,Potensial (Average Spending)
James Carrillo,734.68,1,144.36,734.68,1,2,Kasual (Low Spending)
James Carson,448.08,3,98.28,149.36,1,3,Potensial (Average Spending)
James Cervantes,30.27,1,12.68,30.27,1,2,Kasual (Low Spending)
James Chambers,264.29,1,78.74,264.29,1,2,Kasual (Low Spending)
James Clark,1286.88,3,281.97,459.265,2,0,Premium (High Spending)
James Coleman,1042.8200000000002,3,194.77,292.36,2,3,Potensial (Average Spending)
James Collins,529.95,2,76.9,264.975,2,3,Potensial (Average Spending)
James Cook,3833.04,8,474.96000000000004,403.57,3,1,VIP (Top Buyers & High Quantity)
James Costa,297.69,1,132.09,297.69,1,2,Kasual (Low Spending)
James Craig,116.82,1,20.09,116.82,1,2,Kasual (Low Spending)
James Crane,2055.12,2,297.82,1027.56,1,0,Premium (High Spending)
James Dalton,2794.11,3,469.85,931.37,1,0,Premium (High Spending)
James Daniel,2433.69,5,597.4300000000001,568.515,2,1,VIP (Top Buyers & High Quantity)
James Davis,1585.48,6,411.83000000000004,243.725,4,0,Premium (High Spending)
James Delgado,181.53,3,55.67,60.51,1,3,Potensial (Average Spending)
James Dominguez,641.61,1,180.56,641.61,1,2,Kasual (Low Spending)
James Edwards,229.96,1,59.9,229.96,1,2,Kasual (Low Spending)
James Elliott,1327.32,4,573.38,331.83,1,0,Premium (High Spending)
James Estrada,654.91,1,103.26,654.91,1,2,Kasual (Low Spending)
James Evans,641.28,2,232.73,320.64,1,3,Potensial (Average Spending)
James Ferguson,1024.12,1,105.66,1024.12,1,2,Kasual (Low Spending)
James Finley,894.51,3,333.91,298.17,1,0,Premium (High Spending)
James Flores,424.59,3,93.32,141.53,1,3,Potensial (Average Spending)
James Flynn,1107.3,3,400.36,426.12,2,0,Premium (High Spending)
James Foley,494.91,1,98.84,494.91,1,2,Kasual (Low Spending)
James Ford,775.78,2,217.62,387.89,1,3,Potensial (Average Spending)
James Foster,345.44,1,118.35,345.44,1,2,Kasual (Low Spending)
James Garcia,2451.3900000000003,5,513.15,465.395,2,1,VIP (Top Buyers & High Quantity)
James Gibson,772.83,3,169.37,257.61,1,3,Potensial (Average Spending)
James Gill,463.98,2,147.92,231.99,1,3,Potensial (Average Spending)
James Gillespie,1557.52,4,306.44,389.38,2,0,Premium (High Spending)
James Gross,185.38,1,41.81,185.38,1,2,Kasual (Low Spending)
James Guzman,96.22,2,47.16,48.11,1,3,Potensial (Average Spending)
James Hahn,1783.14,2,596.57,891.57,1,0,Premium (High Spending)
James Hamilton,230.45,1,72.35,230.45,1,2,Kasual (Low Spending)
James Hampton,3377.0,4,487.56,844.25,1,1,VIP (Top Buyers & High Quantity)
James Hanson,152.1,1,50.52,152.1,1,2,Kasual (Low Spending)
James Hardy,185.91,1,23.4,185.91,1,2,Kasual (Low Spending)
James Harris,228.09,1,92.24,228.09,1,2,Kasual (Low Spending)
James Hayes,353.38,1,41.01,353.38,1,2,Kasual (Low Spending)
James Hernandez,60.76,1,17.69,60.76,1,2,Kasual (Low Spending)
James Hill,2215.18,2,351.49,1107.59,1,0,Premium (High Spending)
James Holden,675.82,2,138.75,337.91,1,3,Potensial (Average Spending)
James Ibarra,2515.6,4,315.34,628.9,1,0,Premium (High Spending)
James Jackson,4821.41,5,706.99,977.1899999999999,3,1,VIP (Top Buyers & High Quantity)
James Jacobs,285.76,2,140.48,142.88,1,3,Potensial (Average Spending)
James Johnson,3735.31,9,686.9300000000001,374.13166666666666,6,1,VIP (Top Buyers & High Quantity)
James Jones,748.35,2,173.18,374.175,2,3,Potensial (Average Spending)
James Joyce,2855.73,3,634.17,951.91,1,0,Premium (High Spending)
James Keith,238.91,1,45.71,238.91,1,2,Kasual (Low Spending)
James Kelly,1580.96,2,136.94,790.48,1,3,Potensial (Average Spending)
James Kennedy,1166.52,5,239.31,399.915,2,0,Premium (High Spending)
James King,1274.76,3,316.44,424.92,1,0,Premium (High Spending)
James Knox,262.41,1,60.99,262.41,1,2,Kasual (Low Spending)
James Lee,1155.78,2,168.13,577.89,1,3,Potensial (Average Spending)
James Leon,1283.5,2,326.03999999999996,641.75,2,0,Premium (High Spending)
James Lewis,729.12,2,229.63,364.56,1,3,Potensial (Average Spending)
James Little,270.72,4,68.64,67.68,1,3,Potensial (Average Spending)
James Malone,83.24,1,34.69,83.24,1,2,Kasual (Low Spending)
James Martin,1032.42,4,326.91,258.105,2,0,Premium (High Spending)
James Martinez,1001.44,4,285.16,250.36,1,0,Premium (High Spending)
James Massey,811.26,3,217.73,270.42,1,3,Potensial (Average Spending)
James Mays,315.6,4,99.12,78.9,1,3,Potensial (Average Spending)
James Mcdonald,429.09,3,100.61,143.03,1,3,Potensial (Average Spending)
James Mckee,658.43,1,227.39,658.43,1,2,Kasual (Low Spending)
James Mendez,533.37,2,169.14,266.685,2,3,Potensial (Average Spending)
James Miller,3523.0,7,935.98,676.0300000000001,3,1,VIP (Top Buyers & High Quantity)
James Mitchell,521.15,1,87.94,521.15,1,2,Kasual (Low Spending)
James Moore,605.42,1,77.06,605.42,1,2,Kasual (Low Spending)
James Moreno,148.88,1,32.17,148.88,1,2,Kasual (Low Spending)
James Moss,241.71,3,54.94,80.57,1,3,Potensial (Average Spending)
James Murphy,362.97,1,100.12,362.97,1,2,Kasual (Low Spending)
James Murray,911.52,4,144.15,227.88,1,3,Potensial (Average Spending)
James Myers,286.72,1,87.67,286.72,1,2,Kasual (Low Spending)
James Nelson,966.56,5,385.58,192.0,3,0,Premium (High Spending)
James Nguyen,408.72,4,174.20999999999998,102.18,2,3,Potensial (Average Spending)
James Oconnor,211.56,2,76.59,105.78,1,3,Potensial (Average Spending)
James Oliver,331.99,1,72.51,331.99,1,2,Kasual (Low Spending)
James Olson,324.3,1,102.16,324.3,1,2,Kasual (Low Spending)
James Palmer,208.84,1,86.03,208.84,1,2,Kasual (Low Spending)
James Park,715.62,3,89.78,238.54,1,3,Potensial (Average Spending)
James Parker,969.04,2,265.44,484.52,2,3,Potensial (Average Spending)
James Payne,138.7,2,32.74,69.35,1,3,Potensial (Average Spending)
James Pena,339.28,2,44.65,169.64,1,3,Potensial (Average Spending)
James Perez,425.92,1,67.14,425.92,1,2,Kasual (Low Spending)
James Perry,534.78,2,138.07,267.39,1,3,Potensial (Average Spending)
James Pierce,2787.35,5,890.76,593.86,2,1,VIP (Top Buyers & High Quantity)
James Ponce,34.69,1,11.58,34.69,1,2,Kasual (Low Spending)
James Porter,63.03,1,21.04,63.03,1,2,Kasual (Low Spending)
James Powell,1400.98,2,325.11,700.49,1,0,Premium (High Spending)
James Ramirez,533.0899999999999,3,176.98000000000002,174.02499999999998,2,3,Potensial (Average Spending)
James Randolph II,927.28,1,85.24,927.28,1,2,Kasual (Low Spending)
James Rice,125.78,1,20.59,125.78,1,2,Kasual (Low Spending)
James Richardson,364.16,1,155.81,364.16,1,2,Kasual (Low Spending)
James Riley,398.74,1,66.46,398.74,1,2,Kasual (Low Spending)
James Rivera,290.52,1,128.5,290.52,1,2,Kasual (Low Spending)
James Roach DDS,602.66,1,74.05,602.66,1,2,Kasual (Low Spending)
James Robinson,191.54,2,44.55,95.77,1,3,Potensial (Average Spending)
James Robinson Jr.,180.22,1,60.76,180.22,1,2,Kasual (Low Spending)
James Rodriguez,4167.88,6,770.39,598.165,2,1,VIP (Top Buyers & High Quantity)
James Roman,211.44,1,61.38,211.44,1,2,Kasual (Low Spending)
James Romero,129.11,1,37.58,129.11,1,2,Kasual (Low Spending)
James Ross,1297.47,2,195.53,648.735,2,3,Potensial (Average Spending)
James Rush,609.8,1,199.45,609.8,1,2,Kasual (Low Spending)
James Russo,660.02,2,197.96,330.01,1,3,Potensial (Average Spending)
James Ryan,731.71,2,189.33999999999997,365.855,2,3,Potensial (Average Spending)
James Sanchez,3594.2000000000003,7,739.23,546.725,2,1,VIP (Top Buyers & High Quantity)
James Sanders,392.02,2,80.89,196.01,1,3,Potensial (Average Spending)
James Santos,591.28,1,113.65,591.28,1,2,Kasual (Low Spending)
James Schneider,757.14,1,215.63,757.14,1,2,Kasual (Low Spending)
James Scott,269.72,1,116.02,269.72,1,2,Kasual (Low Spending)
James Shields,724.23,3,265.25,241.41,1,3,Potensial (Average Spending)
James Smith,8794.75,15,1977.1,463.6357142857143,7,1,VIP (Top Buyers & High Quantity)
James Snyder,388.87,1,163.85,388.87,1,2,Kasual (Low Spending)
James Steele,193.49,1,33.16,193.49,1,2,Kasual (Low Spending)
James Stein,133.37,1,39.96,133.37,1,2,Kasual (Low Spending)
James Stone,1805.93,4,643.77,371.085,2,0,Premium (High Spending)
James Sutton,1687.93,2,423.48,843.965,2,0,Premium (High Spending)
James Sweeney,434.66,2,129.8,217.33,1,3,Potensial (Average Spending)
James Thomas,134.06,2,39.56,67.03,1,3,Potensial (Average Spending)
James Thompson,2649.85,7,544.38,281.42333333333335,3,1,VIP (Top Buyers & High Quantity)
James Torres,478.58,2,169.09,239.29,1,3,Potensial (Average Spending)
James Tucker,802.75,1,192.05,802.75,1,2,Kasual (Low Spending)
James Tyler,732.36,3,252.06,244.12,1,3,Potensial (Average Spending)
James Valenzuela,692.2,2,222.17,346.1,1,3,Potensial (Average Spending)
James Wade,3051.75,5,413.31,610.35,1,1,VIP (Top Buyers & High Quantity)
James Wagner,233.69,1,49.65,233.69,1,2,Kasual (Low Spending)
James Walker,725.58,2,142.57,362.79,2,3,Potensial (Average Spending)
James Walsh,425.51,1,182.41,425.51,1,2,Kasual (Low Spending)
James Walters,749.79,1,98.08,749.79,1,2,Kasual (Low Spending)
James Warner,2995.53,3,565.23,998.51,1,0,Premium (High Spending)
James Watkins,1019.56,2,191.42,509.78,1,3,Potensial (Average Spending)
James Watson,381.17,1,163.7,381.17,1,2,Kasual (Low Spending)
James Watts,180.54,1,66.96,180.54,1,2,Kasual (Low Spending)
James Webb,491.76,4,174.8,122.94,1,3,Potensial (Average Spending)
James Welch,713.91,1,137.14,713.91,1,2,Kasual (Low Spending)
James Wells,493.72,4,87.43,123.43,1,3,Potensial (Average Spending)
James Werner,117.62,2,21.65,58.81,1,3,Potensial (Average Spending)
James West,128.86,2,58.26,64.43,1,3,Potensial (Average Spending)
James White,705.42,1,105.96,705.42,1,2,Kasual (Low Spending)
James Whitehead,2589.12,3,393.92,863.04,1,0,Premium (High Spending)
James Wiggins,3452.0699999999997,4,321.63,802.925,2,0,Premium (High Spending)
James Wilkinson,269.55,1,92.81,269.55,1,2,Kasual (Low Spending)
James Williams,6486.99,8,1109.65,708.0360000000001,5,1,VIP (Top Buyers & High Quantity)
James Wilson,617.36,4,129.46,154.34,1,3,Potensial (Average Spending)
James Wood,1880.54,5,408.1,344.0466666666666,3,0,Premium (High Spending)
Jamie Barker,320.0,2,57.86,160.0,1,3,Potensial (Average Spending)
Jamie Blackburn,325.96,1,68.41,325.96,1,2,Kasual (Low Spending)
Jamie Brown,1010.05,3,158.35999999999999,340.23,2,3,Potensial (Average Spending)
Jamie Campbell,112.2,1,29.49,112.2,1,2,Kasual (Low Spending)
Jamie Carroll,1873.52,2,451.59,936.76,1,0,Premium (High Spending)
Jamie Case,869.12,4,185.07,217.28,1,0,Premium (High Spending)
Jamie Cook,315.64,2,59.12,157.82,1,3,Potensial (Average Spending)
Jamie Cruz,501.47,1,117.33,501.47,1,2,Kasual (Low Spending)
Jamie Curtis,360.26,1,73.34,360.26,1,2,Kasual (Low Spending)
Jamie Davis,396.04,2,177.31,198.02,1,3,Potensial (Average Spending)
Jamie Deleon,2094.56,6,434.86,456.15500000000003,2,1,VIP (Top Buyers & High Quantity)
Jamie Foster,683.21,1,204.62,683.21,1,2,Kasual (Low Spending)
Jamie Gallagher,237.48,1,57.82,237.48,1,2,Kasual (Low Spending)
Jamie Garcia,382.78,1,67.16,382.78,1,2,Kasual (Low Spending)
Jamie Garrett,1101.96,2,205.63,550.98,1,3,Potensial (Average Spending)
Jamie Hall,1068.67,1,289.51,1068.67,1,2,Kasual (Low Spending)
Jamie Hardy,826.15,1,80.51,826.15,1,2,Kasual (Low Spending)
Jamie Kelly,673.49,1,124.01,673.49,1,2,Kasual (Low Spending)
Jamie Kim,2541.69,3,680.59,847.23,1,0,Premium (High Spending)
Jamie Little,583.31,1,66.83,583.31,1,2,Kasual (Low Spending)
Jamie Lucas,999.19,1,140.54,999.19,1,2,Kasual (Low Spending)
Jamie Martin,1008.53,1,128.95,1008.53,1,2,Kasual (Low Spending)
Jamie Martinez,260.64,1,66.72,260.64,1,2,Kasual (Low Spending)
Jamie Michael,301.29,1,41.57,301.29,1,2,Kasual (Low Spending)
Jamie Middleton,361.72,2,163.71,180.86,1,3,Potensial (Average Spending)
Jamie Murray,230.46,1,28.01,230.46,1,2,Kasual (Low Spending)
Jamie Nunez,1015.96,1,144.48,1015.96,1,2,Kasual (Low Spending)
Jamie Phillips,346.68,2,117.36999999999999,173.34,2,3,Potensial (Average Spending)
Jamie Pineda,829.32,1,112.25,829.32,1,2,Kasual (Low Spending)
Jamie Poole,1285.72,1,386.81,1285.72,1,2,Kasual (Low Spending)
Jamie Roberts,579.98,1,144.66,579.98,1,2,Kasual (Low Spending)
Jamie Sanchez,133.51,1,38.0,133.51,1,2,Kasual (Low Spending)
Jamie Smith,496.9,1,110.96,496.9,1,2,Kasual (Low Spending)
Jamie Stanley,504.31,1,149.19,504.31,1,2,Kasual (Low Spending)
Jamie Stewart,551.84,1,99.71,551.84,1,2,Kasual (Low Spending)
Jamie Stone,171.59,1,42.3,171.59,1,2,Kasual (Low Spending)
Jamie Strickland,796.34,2,260.14,398.17,1,3,Potensial (Average Spending)
Jamie Thompson,624.02,2,153.87,312.01,1,3,Potensial (Average Spending)
Jamie Tran,473.35,5,201.44,94.67,1,0,Premium (High Spending)
Jamie Turner,872.93,1,172.57,872.93,1,2,Kasual (Low Spending)
Jamie Valencia,2363.55,3,653.47,787.85,1,0,Premium (High Spending)
Jamie Vega MD,1456.44,3,152.74,485.48,1,3,Potensial (Average Spending)
Jamie Webster DDS,782.24,1,152.01,782.24,1,2,Kasual (Low Spending)
Jamie Williams,330.59000000000003,2,98.2,165.29500000000002,2,3,Potensial (Average Spending)
Jane Blair,200.56,1,37.93,200.56,1,2,Kasual (Low Spending)
Jane Brooks,930.76,2,196.82,465.38,1,3,Potensial (Average Spending)
Jane Brown,1337.1,2,222.26,668.55,1,3,Potensial (Average Spending)
Jane Cox,511.88,1,53.93,511.88,1,2,Kasual (Low Spending)
Jane Duffy,207.15,1,49.4,207.15,1,2,Kasual (Low Spending)
Jane Evans,514.22,2,102.93,257.11,1,3,Potensial (Average Spending)
Jane Fisher,2401.96,4,530.9,600.49,1,0,Premium (High Spending)
Jane Garcia,574.62,1,156.64,574.62,1,2,Kasual (Low Spending)
Jane Mckay,1672.02,2,238.02,836.01,1,3,Potensial (Average Spending)
Jane Mitchell,297.93,3,88.98,99.31,1,3,Potensial (Average Spending)
Jane Potter,115.62,2,28.88,57.81,1,3,Potensial (Average Spending)
Jane Simon,868.34,2,255.43,434.17,1,3,Potensial (Average Spending)
Jane Walsh,405.55,1,88.51,405.55,1,2,Kasual (Low Spending)
Jane Wang DDS,1025.68,4,228.62,256.42,1,0,Premium (High Spending)
Janet Arroyo,748.78,2,307.96,374.39,1,3,Potensial (Average Spending)
Janet Berry,486.64,4,205.53,121.66,1,3,Potensial (Average Spending)
Janet Calhoun,260.44,2,64.35,130.22,1,3,Potensial (Average Spending)
Janet Collins,440.28,1,117.94,440.28,1,2,Kasual (Low Spending)
Janet Dean,101.35,1,32.38,101.35,1,2,Kasual (Low Spending)
Janet Edwards,604.63,1,106.32,604.63,1,2,Kasual (Low Spending)
Janet Elliott,592.72,4,87.88,148.18,1,3,Potensial (Average Spending)
Janet Fisher,1302.42,2,204.75,651.21,1,3,Potensial (Average Spending)
Janet Fitzgerald,208.75,1,39.3,208.75,1,2,Kasual (Low Spending)
Janet Garza,396.02,2,149.87,198.01,1,3,Potensial (Average Spending)
Janet Gonzalez,517.84,2,71.36,258.92,1,3,Potensial (Average Spending)
Janet Hamilton,3966.87,3,1249.05,1322.29,1,1,VIP (Top Buyers & High Quantity)
Janet Lewis,202.92,1,80.93,202.92,1,2,Kasual (Low Spending)
Janet Martinez,942.51,5,272.4,182.885,2,0,Premium (High Spending)
Janet Navarro,2964.84,3,409.77,988.28,1,0,Premium (High Spending)
Janet Ramirez,74.78,1,28.17,74.78,1,2,Kasual (Low Spending)
Janet Reynolds,1275.72,3,374.33,425.24,1,0,Premium (High Spending)
Janet Richards,123.69,1,39.34,123.69,1,2,Kasual (Low Spending)
Janet Rivera,2551.92,2,374.25,1275.96,1,0,Premium (High Spending)
Janet Ross,292.8,2,63.42,146.4,1,3,Potensial (Average Spending)
Janet Singh,551.51,1,68.95,551.51,1,2,Kasual (Low Spending)
Janet Smith,2334.3,3,393.88,778.1,1,0,Premium (High Spending)
Janet Thomas,1712.98,2,274.82,856.49,1,0,Premium (High Spending)
Janet Vaughn,554.95,1,77.34,554.95,1,2,Kasual (Low Spending)
Janet Wallace,168.95,1,64.38,168.95,1,2,Kasual (Low Spending)
Janet Wang,223.1,1,106.93,223.1,1,2,Kasual (Low Spending)
Janice Burke,328.71,1,66.21,328.71,1,2,Kasual (Low Spending)
Janice Gray,712.17,3,134.74,237.39,1,3,Potensial (Average Spending)
Janice Johnson,1324.3400000000001,4,220.45,353.3,2,0,Premium (High Spending)
Janice Lawrence,144.06,1,49.72,144.06,1,2,Kasual (Low Spending)
Janice Mclaughlin,121.79,1,51.23,121.79,1,2,Kasual (Low Spending)
Janice Perez,331.45,1,107.18,331.45,1,2,Kasual (Low Spending)
Janice Smith,2235.69,3,444.62,607.79,2,0,Premium (High Spending)
Janice Williams,855.07,1,167.23,855.07,1,2,Kasual (Low Spending)
Janice Wilson PhD,111.25,1,14.73,111.25,1,2,Kasual (Low Spending)
Jared Blackburn,1719.24,4,318.98,429.81,1,0,Premium (High Spending)
Jared Bowman,1814.12,4,339.75,453.53,1,0,Premium (High Spending)
Jared Butler,1511.48,2,223.44,755.74,1,3,Potensial (Average Spending)
Jared Campbell,1614.32,2,235.12,807.16,1,3,Potensial (Average Spending)
Jared Costa,671.92,2,193.45,335.96,1,3,Potensial (Average Spending)
Jared Dorsey,110.49,1,9.64,110.49,1,2,Kasual (Low Spending)
Jared Edwards,297.2,4,97.09,74.3,1,3,Potensial (Average Spending)
Jared Fox,1535.52,4,423.06,383.88,1,0,Premium (High Spending)
Jared Frey,1290.32,2,136.82,645.16,1,3,Potensial (Average Spending)
Jared Heath,76.38,1,20.0,76.38,1,2,Kasual (Low Spending)
Jared Henderson,330.82,1,74.69,330.82,1,2,Kasual (Low Spending)
Jared Higgins,819.38,1,107.5,819.38,1,2,Kasual (Low Spending)
Jared Jenkins,369.08,1,32.55,369.08,1,2,Kasual (Low Spending)
Jared Johnson,217.84,2,34.91,108.92,1,3,Potensial (Average Spending)
Jared Lewis,2265.12,2,285.13,1132.56,1,0,Premium (High Spending)
Jared Li,1487.4,2,205.49,743.7,1,3,Potensial (Average Spending)
Jared Long,1657.3,2,139.11,828.65,1,3,Potensial (Average Spending)
Jared Martin,312.84,3,137.9,104.28,1,3,Potensial (Average Spending)
Jared Miller,161.05,1,49.95,161.05,1,2,Kasual (Low Spending)
Jared Mills,995.5,5,292.43,199.1,1,0,Premium (High Spending)
Jared Montgomery,305.79,1,49.35,305.79,1,2,Kasual (Low Spending)
Jared Nichols,1465.32,2,271.26,732.66,1,3,Potensial (Average Spending)
Jared Rodriguez,374.52,3,49.0,124.84,1,3,Potensial (Average Spending)
Jared Rosario,1973.46,2,344.11,986.73,1,0,Premium (High Spending)
Jared Stephens,3367.17,3,276.59,1122.39,1,0,Premium (High Spending)
Jared Walter,621.78,2,146.99,310.89,1,3,Potensial (Average Spending)
Jared White,338.55,3,96.82,112.85,1,3,Potensial (Average Spending)
Jared Wilkerson,327.38,2,109.19,163.69,1,3,Potensial (Average Spending)
Jared Wolfe,2921.16,3,437.22,973.72,1,0,Premium (High Spending)
Jasmin Hart,2136.21,3,370.33,712.07,1,0,Premium (High Spending)
Jasmin Johnson,825.46,2,230.79,412.73,1,3,Potensial (Average Spending)
Jasmin Phillips,116.23,1,37.61,116.23,1,2,Kasual (Low Spending)
Jasmin Wright,640.96,1,219.84,640.96,1,2,Kasual (Low Spending)
Jasmine Baker,632.58,2,191.4,316.29,1,3,Potensial (Average Spending)
Jasmine Buchanan,843.51,1,110.89,843.51,1,2,Kasual (Low Spending)
Jasmine Cabrera,358.75,1,139.11,358.75,1,2,Kasual (Low Spending)
Jasmine Flynn,387.22,2,91.25,193.61,1,3,Potensial (Average Spending)
Jasmine Gardner,1571.3,2,365.24,785.65,1,0,Premium (High Spending)
Jasmine Garza,1712.8,2,270.69,856.4,1,0,Premium (High Spending)
Jasmine Gonzalez,915.55,1,113.46,915.55,1,2,Kasual (Low Spending)
Jasmine Hancock,577.72,2,234.93,288.86,1,3,Potensial (Average Spending)
Jasmine Higgins,172.69,1,74.97,172.69,1,2,Kasual (Low Spending)
Jasmine Lopez,414.04,4,141.39,103.51,1,3,Potensial (Average Spending)
Jasmine Patton,826.0,2,345.22,413.0,1,3,Potensial (Average Spending)
Jasmine Powell MD,115.07,1,33.96,115.07,1,2,Kasual (Low Spending)
Jasmine Taylor,309.28,1,62.57,309.28,1,2,Kasual (Low Spending)
Jasmine Velazquez,465.04,2,92.29,232.52,1,3,Potensial (Average Spending)
Jasmine Walker,250.91,1,78.07,250.91,1,2,Kasual (Low Spending)
Jasmine Weiss,252.92,2,52.49,126.46,1,3,Potensial (Average Spending)
Jasmine Williams,846.66,2,171.07,423.33,1,3,Potensial (Average Spending)
Jason Aguilar,1582.38,3,248.04,527.46,1,0,Premium (High Spending)
Jason Ali,514.7,2,114.41,257.35,1,3,Potensial (Average Spending)
Jason Anderson,295.28,1,28.7,295.28,1,2,Kasual (Low Spending)
Jason Arias,694.16,1,74.22,694.16,1,2,Kasual (Low Spending)
Jason Barnes,162.86,1,64.82,162.86,1,2,Kasual (Low Spending)
Jason Boyd,359.0,1,81.73,359.0,1,2,Kasual (Low Spending)
Jason Brown,2039.02,6,475.31,362.735,4,1,VIP (Top Buyers & High Quantity)
Jason Carroll,819.74,2,150.89,409.87,1,3,Potensial (Average Spending)
Jason Carter,802.92,2,85.25,401.46,2,3,Potensial (Average Spending)
Jason Chapman,1347.92,2,178.52,673.96,1,3,Potensial (Average Spending)
Jason Clark,1238.51,5,231.24,293.76,2,0,Premium (High Spending)
Jason Coleman,508.24,2,41.21,254.12,1,3,Potensial (Average Spending)
Jason Cox,358.6,2,150.24,179.3,1,3,Potensial (Average Spending)
Jason Crawford,597.72,2,230.21,298.86,1,3,Potensial (Average Spending)
Jason Crosby,357.12,4,76.11,89.28,1,3,Potensial (Average Spending)
Jason Davidson,610.0,1,179.12,610.0,1,2,Kasual (Low Spending)
Jason Dawson,790.74,6,241.59,131.685,2,0,Premium (High Spending)
Jason Dean,1974.36,2,353.77,987.18,1,0,Premium (High Spending)
Jason Edwards,177.16,1,75.26,177.16,1,2,Kasual (Low Spending)
Jason Elliott,121.66,1,60.37,121.66,1,2,Kasual (Low Spending)
Jason Evans,470.63,1,144.17,470.63,1,2,Kasual (Low Spending)
Jason Ewing,992.52,3,236.02,330.84,1,3,Potensial (Average Spending)
Jason Fisher,165.11,1,39.51,165.11,1,2,Kasual (Low Spending)
Jason Garza,856.34,1,129.97,856.34,1,2,Kasual (Low Spending)
Jason Gibbs,353.27,1,128.27,353.27,1,2,Kasual (Low Spending)
Jason Gonzalez,2159.98,8,496.02,217.7975,4,1,VIP (Top Buyers & High Quantity)
Jason Gray,199.21,1,48.06,199.21,1,2,Kasual (Low Spending)
Jason Green,512.08,2,212.96,256.04,1,3,Potensial (Average Spending)
Jason Gutierrez,109.58,1,49.1,109.58,1,2,Kasual (Low Spending)
Jason Hall,849.4200000000001,3,143.46,311.385,2,3,Potensial (Average Spending)
Jason Harmon,181.84,1,53.83,181.84,1,2,Kasual (Low Spending)
Jason Harrell,814.74,1,162.03,814.74,1,2,Kasual (Low Spending)
Jason Harris,112.2,1,16.5,112.2,1,2,Kasual (Low Spending)
Jason Harrison,758.54,2,333.98,379.27,1,3,Potensial (Average Spending)
Jason Hernandez,743.2900000000001,3,130.57,326.5,2,3,Potensial (Average Spending)
Jason Holmes,824.76,4,207.79,206.19,1,0,Premium (High Spending)
Jason Hopkins,394.14,1,96.18,394.14,1,2,Kasual (Low Spending)
Jason Horne,2520.08,4,371.65,630.02,1,0,Premium (High Spending)
Jason Howell,1059.3,3,324.29,353.1,1,0,Premium (High Spending)
Jason Hudson,1319.1399999999999,4,218.61,498.23,2,0,Premium (High Spending)
Jason Huffman,352.36,2,96.59,176.18,1,3,Potensial (Average Spending)
Jason Humphrey,137.24,2,25.22,68.62,1,3,Potensial (Average Spending)
Jason James,785.88,1,152.95,785.88,1,2,Kasual (Low Spending)
Jason Johnson,211.68,1,38.98,211.68,1,2,Kasual (Low Spending)
Jason Jones,829.82,2,337.63,414.91,1,3,Potensial (Average Spending)
Jason Keith,77.99,1,23.66,77.99,1,2,Kasual (Low Spending)
Jason Kelley,1179.9,6,255.79,196.65,1,0,Premium (High Spending)
Jason Lang,587.03,1,88.04,587.03,1,2,Kasual (Low Spending)
Jason Lee,478.98,1,59.07,478.98,1,2,Kasual (Low Spending)
Jason Lee PhD,845.41,1,152.22,845.41,1,2,Kasual (Low Spending)
Jason Leon,578.64,3,158.09,192.88,1,3,Potensial (Average Spending)
Jason Levy,349.98,3,41.52,116.66,1,3,Potensial (Average Spending)
Jason Little,178.37,1,71.91,178.37,1,2,Kasual (Low Spending)
Jason Luna,338.6,4,48.55,84.65,1,3,Potensial (Average Spending)
Jason Martin,405.6,1,101.48,405.6,1,2,Kasual (Low Spending)
Jason Martinez,821.16,1,141.25,821.16,1,2,Kasual (Low Spending)
Jason Mason,518.82,1,80.34,518.82,1,2,Kasual (Low Spending)
Jason Mayer,735.03,3,277.15,245.01,1,3,Potensial (Average Spending)
Jason Mccarthy,223.0,1,97.09,223.0,1,2,Kasual (Low Spending)
Jason Mejia,261.9,2,47.09,130.95,1,3,Potensial (Average Spending)
Jason Mercado,1464.0,2,185.73,732.0,1,3,Potensial (Average Spending)
Jason Meyers,106.8,1,22.65,106.8,1,2,Kasual (Low Spending)
Jason Miller,492.68,4,149.4,122.69,2,3,Potensial (Average Spending)
Jason Mitchell,3543.04,6,851.0799999999999,563.22,3,1,VIP (Top Buyers & High Quantity)
Jason Molina,1445.1,2,283.29,722.55,1,3,Potensial (Average Spending)
Jason Moore,485.63,3,217.86,187.25,2,3,Potensial (Average Spending)
Jason Navarro,2848.29,3,510.8,949.43,1,0,Premium (High Spending)
Jason Nguyen,169.89,1,66.08,169.89,1,2,Kasual (Low Spending)
Jason Pace PhD,198.4,4,44.91,49.6,1,3,Potensial (Average Spending)
Jason Parks,472.29,3,119.34,157.43,1,3,Potensial (Average Spending)
Jason Patel,217.97,1,85.65,217.97,1,2,Kasual (Low Spending)
Jason Pena,175.05,1,74.59,175.05,1,2,Kasual (Low Spending)
Jason Perez,1851.2800000000002,4,333.66,462.82000000000005,2,0,Premium (High Spending)
Jason Perry,71.66,1,24.46,71.66,1,2,Kasual (Low Spending)
Jason Peterson,243.84,1,78.08,243.84,1,2,Kasual (Low Spending)
Jason Price,724.03,1,155.58,724.03,1,2,Kasual (Low Spending)
Jason Quinn,1214.91,3,425.8,404.97,1,0,Premium (High Spending)
Jason Ramirez,158.06,1,62.7,158.06,1,2,Kasual (Low Spending)
Jason Ramos,568.63,1,91.24,568.63,1,2,Kasual (Low Spending)
Jason Reed,817.23,3,309.3,272.41,1,0,Premium (High Spending)
Jason Reyes,3264.28,4,434.54,816.07,1,0,Premium (High Spending)
Jason Reynolds,1793.5,2,564.66,896.75,1,0,Premium (High Spending)
Jason Richardson,117.64,2,49.4,58.82,1,3,Potensial (Average Spending)
Jason Robertson,2101.85,3,472.16,571.55,2,0,Premium (High Spending)
Jason Rose,339.27,2,131.54,169.635,2,3,Potensial (Average Spending)
Jason Salazar,2813.0,4,592.91,703.25,1,1,VIP (Top Buyers & High Quantity)
Jason Salinas,947.31,1,139.77,947.31,1,2,Kasual (Low Spending)
Jason Sanchez,395.9,2,181.96,197.95,1,3,Potensial (Average Spending)
Jason Schaefer,340.14,3,81.18,113.38,1,3,Potensial (Average Spending)
Jason Simon,429.78,2,189.54,214.89,1,3,Potensial (Average Spending)
Jason Smith,2904.62,13,758.14,267.0828571428571,7,1,VIP (Top Buyers & High Quantity)
Jason Sullivan,1877.04,2,233.04,938.52,1,0,Premium (High Spending)
Jason Summers,124.16,1,51.79,124.16,1,2,Kasual (Low Spending)
Jason Thompson,1572.12,3,405.36,524.04,1,0,Premium (High Spending)
Jason Torres,643.32,3,208.06,214.44,1,3,Potensial (Average Spending)
Jason Underwood,217.34,2,46.08,108.67,1,3,Potensial (Average Spending)
Jason Vazquez,874.86,3,226.59,291.62,1,3,Potensial (Average Spending)
Jason Wagner,246.45,1,103.29,246.45,1,2,Kasual (Low Spending)
Jason Walker,349.79,1,89.51,349.79,1,2,Kasual (Low Spending)
Jason Ward,334.66,1,118.43,334.66,1,2,Kasual (Low Spending)
Jason Washington,456.26,1,70.83,456.26,1,2,Kasual (Low Spending)
Jason Webb,410.67,1,153.62,410.67,1,2,Kasual (Low Spending)
Jason Welch,635.51,1,108.36,635.51,1,2,Kasual (Low Spending)
Jason Whitaker,916.04,1,176.2,916.04,1,2,Kasual (Low Spending)
Jason White DDS,492.82,2,126.39,246.41,1,3,Potensial (Average Spending)
Jason Wilkinson,206.71,1,58.47,206.71,1,2,Kasual (Low Spending)
Jason Williams,419.72,1,171.73,419.72,1,2,Kasual (Low Spending)
Jason Woodward,149.02,1,44.81,149.02,1,2,Kasual (Low Spending)
Jason Young,500.27,1,47.88,500.27,1,2,Kasual (Low Spending)
Javier Best,895.97,1,178.44,895.97,1,2,Kasual (Low Spending)
Javier Bryant,724.84,1,79.76,724.84,1,2,Kasual (Low Spending)
Javier Gould,581.74,2,143.39,290.87,1,3,Potensial (Average Spending)
Javier Parks,86.02,2,25.35,43.01,1,3,Potensial (Average Spending)
Javier Schmidt,427.52,1,130.7,427.52,1,2,Kasual (Low Spending)
Jay Ali,264.21,1,110.43,264.21,1,2,Kasual (Low Spending)
Jay Alvarado,105.82,1,38.35,105.82,1,2,Kasual (Low Spending)
Jay Keith,1306.4,2,121.6,653.2,1,3,Potensial (Average Spending)
Jay Pittman,207.51,3,47.69,69.17,1,3,Potensial (Average Spending)
Jay Rodriguez,135.75,1,28.75,135.75,1,2,Kasual (Low Spending)
Jay Scott,451.82,2,131.94,225.91,1,3,Potensial (Average Spending)
Jay Watts,696.8,1,71.89,696.8,1,2,Kasual (Low Spending)
Jay Yu,1080.12,4,403.56,270.03,1,0,Premium (High Spending)
Jean Chavez,278.9,2,127.61,139.45,1,3,Potensial (Average Spending)
Jean Griffin,2137.2,5,322.59,427.44,1,0,Premium (High Spending)
Jean Hoffman,454.05,1,153.08,454.05,1,2,Kasual (Low Spending)
Jean Murphy,590.81,1,103.03,590.81,1,2,Kasual (Low Spending)
Jean Scott,193.09,1,68.01,193.09,1,2,Kasual (Low Spending)
Jean Silva,3742.74,6,801.03,623.79,1,1,VIP (Top Buyers & High Quantity)
Jeanette Garcia,651.28,2,104.4,325.64,1,3,Potensial (Average Spending)
Jeanette Jackson,252.62,1,81.78,252.62,1,2,Kasual (Low Spending)
Jeanette Lutz,204.86,1,24.25,204.86,1,2,Kasual (Low Spending)
Jeanette Martinez,54.7,1,12.88,54.7,1,2,Kasual (Low Spending)
Jeanette Ortega,1926.96,2,468.53,963.48,1,0,Premium (High Spending)
Jeanette Rose,420.51,1,116.89,420.51,1,2,Kasual (Low Spending)
Jeanne Aguirre,454.62,1,107.11,454.62,1,2,Kasual (Low Spending)
Jeanne Patterson,1842.72,4,478.56,460.68,1,0,Premium (High Spending)
Jeanne Sanchez,833.4,1,128.95,833.4,1,2,Kasual (Low Spending)
Jeanne Simon,1369.08,4,263.91,342.27,1,0,Premium (High Spending)
Jeff Aguirre II,230.82,3,63.14,76.94,1,3,Potensial (Average Spending)
Jeff Gutierrez,388.53,1,161.0,388.53,1,2,Kasual (Low Spending)
Jeff Shepard,87.56,1,40.23,87.56,1,2,Kasual (Low Spending)
Jeffery Adams,271.72,1,106.2,271.72,1,2,Kasual (Low Spending)
Jeffery Anderson,354.1,1,146.04,354.1,1,2,Kasual (Low Spending)
Jeffery Browning,896.11,1,183.35,896.11,1,2,Kasual (Low Spending)
Jeffery Conner,590.62,2,125.22,295.31,1,3,Potensial (Average Spending)
Jeffery Fuller,2496.04,2,611.29,1248.02,1,0,Premium (High Spending)
Jeffery Goodman,1068.42,3,310.98,356.14,1,0,Premium (High Spending)
Jeffery Jimenez,493.99,1,141.67,493.99,1,2,Kasual (Low Spending)
Jeffery Johnson,1778.16,3,390.67,592.72,1,0,Premium (High Spending)
Jeffery Kemp,1050.1,1,115.88,1050.1,1,2,Kasual (Low Spending)
Jeffery Morris,596.08,2,138.3,298.04,1,3,Potensial (Average Spending)
Jeffery Myers,1192.95,3,415.57,397.65,1,0,Premium (High Spending)
Jeffery Nelson,2410.89,3,425.45,803.63,1,0,Premium (High Spending)
Jeffery Stevenson,250.83,1,73.08,250.83,1,2,Kasual (Low Spending)
Jeffery Velasquez,953.24,2,137.65,476.62,1,3,Potensial (Average Spending)
Jeffery Warner,2450.56,4,246.12,612.64,1,0,Premium (High Spending)
Jeffery Weeks,202.08,3,38.64,67.36,1,3,Potensial (Average Spending)
Jeffery Wilson,1221.84,3,387.82,407.28,1,0,Premium (High Spending)
Jeffrey Aguilar,555.54,2,181.04,277.77,1,3,Potensial (Average Spending)
Jeffrey Anderson,438.03999999999996,3,127.75,163.275,2,3,Potensial (Average Spending)
Jeffrey Banks,353.36,1,77.84,353.36,1,2,Kasual (Low Spending)
Jeffrey Barnes,788.72,4,275.78,197.18,1,0,Premium (High Spending)
Jeffrey Black,387.48,2,80.91,193.74,1,3,Potensial (Average Spending)
Jeffrey Brown,1192.88,5,243.3,214.51,2,0,Premium (High Spending)
Jeffrey Burns,270.9,3,82.3,90.3,1,3,Potensial (Average Spending)
Jeffrey Calderon,316.08,2,40.06,158.04,1,3,Potensial (Average Spending)
Jeffrey Carroll,405.87,1,110.08,405.87,1,2,Kasual (Low Spending)
Jeffrey Cervantes,1648.4,2,250.14,824.2,1,3,Potensial (Average Spending)
Jeffrey Chase,160.65,1,21.26,160.65,1,2,Kasual (Low Spending)
Jeffrey Clark,393.46,1,144.21,393.46,1,2,Kasual (Low Spending)
Jeffrey Clarke,356.39,1,140.73,356.39,1,2,Kasual (Low Spending)
Jeffrey Costa,1788.06,2,193.41,894.03,1,3,Potensial (Average Spending)
Jeffrey Cruz,603.74,1,77.62,603.74,1,2,Kasual (Low Spending)
Jeffrey Davis,1385.05,5,307.05,534.23,2,0,Premium (High Spending)
Jeffrey Delacruz,235.8,1,72.88,235.8,1,2,Kasual (Low Spending)
Jeffrey Everett,723.36,4,216.44,180.84,1,0,Premium (High Spending)
Jeffrey Fisher MD,717.12,3,91.36,239.04,1,3,Potensial (Average Spending)
Jeffrey Fleming,182.37,1,67.44,182.37,1,2,Kasual (Low Spending)
Jeffrey Flores,984.08,1,180.39,984.08,1,2,Kasual (Low Spending)
Jeffrey Fritz,688.87,1,128.19,688.87,1,2,Kasual (Low Spending)
Jeffrey Fuller,1857.25,5,577.38,371.45,1,1,VIP (Top Buyers & High Quantity)
Jeffrey Garcia,2708.39,5,416.52,383.42333333333335,3,0,Premium (High Spending)
Jeffrey George,1101.48,3,219.27,380.805,2,3,Potensial (Average Spending)
Jeffrey Grant,488.67,1,79.17,488.67,1,2,Kasual (Low Spending)
Jeffrey Guerrero,514.89,1,69.67,514.89,1,2,Kasual (Low Spending)
Jeffrey Hahn,340.7,2,91.25,170.35,1,3,Potensial (Average Spending)
Jeffrey Haley,940.15,1,80.62,940.15,1,2,Kasual (Low Spending)
Jeffrey Hall,3147.41,11,849.77,265.0025,4,1,VIP (Top Buyers & High Quantity)
Jeffrey Harris,239.4,1,71.11,239.4,1,2,Kasual (Low Spending)
Jeffrey Harrison,1372.72,2,268.37,686.36,1,3,Potensial (Average Spending)
Jeffrey Harvey,992.44,2,88.1,496.22,1,3,Potensial (Average Spending)
Jeffrey Hatfield,35.16,1,13.68,35.16,1,2,Kasual (Low Spending)
Jeffrey Hernandez,4924.240000000001,6,846.64,569.6800000000001,2,1,VIP (Top Buyers & High Quantity)
Jeffrey Hogan,479.85,1,78.32,479.85,1,2,Kasual (Low Spending)
Jeffrey House PhD,724.72,1,219.12,724.72,1,2,Kasual (Low Spending)
Jeffrey Howard,313.07,1,77.07,313.07,1,2,Kasual (Low Spending)
Jeffrey Johns MD,337.06,2,138.32,168.53,1,3,Potensial (Average Spending)
Jeffrey Johnson,68.26,1,12.62,68.26,1,2,Kasual (Low Spending)
Jeffrey King,485.48,2,183.53,242.74,1,3,Potensial (Average Spending)
Jeffrey Lara,707.61,1,81.94,707.61,1,2,Kasual (Low Spending)
Jeffrey Lee,54.76,1,18.83,54.76,1,2,Kasual (Low Spending)
Jeffrey Lloyd,62.22,2,16.27,31.11,1,3,Potensial (Average Spending)
Jeffrey Marshall,1037.62,2,206.23,518.81,1,3,Potensial (Average Spending)
Jeffrey Martin,442.94,1,189.87,442.94,1,2,Kasual (Low Spending)
Jeffrey Martinez,530.9,2,223.58,265.45,1,3,Potensial (Average Spending)
Jeffrey Mathis,78.19,1,27.76,78.19,1,2,Kasual (Low Spending)
Jeffrey Mills,216.82,1,101.61,216.82,1,2,Kasual (Low Spending)
Jeffrey Mitchell,394.2,1,104.15,394.2,1,2,Kasual (Low Spending)
Jeffrey Morgan,117.08,1,24.81,117.08,1,2,Kasual (Low Spending)
Jeffrey Morris,3846.6,3,677.01,1282.2,1,1,VIP (Top Buyers & High Quantity)
Jeffrey Murphy,579.8100000000001,2,135.71,289.90500000000003,2,3,Potensial (Average Spending)
Jeffrey Nguyen,290.75,1,60.39,290.75,1,2,Kasual (Low Spending)
Jeffrey Oliver,1473.99,3,119.78,491.33,1,3,Potensial (Average Spending)
Jeffrey Osborne,136.54,1,42.3,136.54,1,2,Kasual (Low Spending)
Jeffrey Preston,343.92,3,140.14,114.64,1,3,Potensial (Average Spending)
Jeffrey Ramirez,100.57,1,21.88,100.57,1,2,Kasual (Low Spending)
Jeffrey Randolph,783.53,1,186.95,783.53,1,2,Kasual (Low Spending)
Jeffrey Riley,57.21,1,19.43,57.21,1,2,Kasual (Low Spending)
Jeffrey Rivera,760.04,2,201.45,380.02,1,3,Potensial (Average Spending)
Jeffrey Rocha,187.66,2,51.62,93.83,1,3,Potensial (Average Spending)
Jeffrey Rollins,594.29,1,104.39,594.29,1,2,Kasual (Low Spending)
Jeffrey Roth,1898.92,2,424.71,949.46,1,0,Premium (High Spending)
Jeffrey Rowe,458.0,2,218.3,229.0,1,3,Potensial (Average Spending)
Jeffrey Sawyer,55.09,1,23.82,55.09,1,2,Kasual (Low Spending)
Jeffrey Schwartz,163.88,1,71.6,163.88,1,2,Kasual (Low Spending)
Jeffrey Scott,2080.5,3,176.05,693.5,1,0,Premium (High Spending)
Jeffrey Smith,1761.6100000000001,3,263.43,473.565,2,0,Premium (High Spending)
Jeffrey Soto,55.49,1,9.85,55.49,1,2,Kasual (Low Spending)
Jeffrey Stark,559.32,3,63.33,186.44,1,3,Potensial (Average Spending)
Jeffrey Steele,269.98,1,56.36,269.98,1,2,Kasual (Low Spending)
Jeffrey Thomas,2183.6000000000004,6,325.76,414.19000000000005,2,0,Premium (High Spending)
Jeffrey Thompson,1587.94,2,156.93,793.97,1,3,Potensial (Average Spending)
Jeffrey Turner,105.47,1,25.11,105.47,1,2,Kasual (Low Spending)
Jeffrey Underwood,840.5,1,100.32,840.5,1,2,Kasual (Low Spending)
Jeffrey Vaughn,1747.26,6,722.15,291.21,1,1,VIP (Top Buyers & High Quantity)
Jeffrey Walker,359.2,2,147.53,179.6,1,3,Potensial (Average Spending)
Jeffrey Ward,927.35,2,277.6,463.675,2,3,Potensial (Average Spending)
Jeffrey Waters MD,833.02,1,160.13,833.02,1,2,Kasual (Low Spending)
Jeffrey Wilson,753.6,4,333.72,188.4,1,0,Premium (High Spending)
Jeffrey Wong,1018.7,1,193.53,1018.7,1,2,Kasual (Low Spending)
Jeffrey Wood,1384.26,2,313.27,692.13,1,0,Premium (High Spending)
Jeffrey Young,1247.2,2,287.03,623.6,1,3,Potensial (Average Spending)
Jeffrey Zimmerman,115.21,1,18.55,115.21,1,2,Kasual (Low Spending)
Jenna Baird,110.25,1,34.64,110.25,1,2,Kasual (Low Spending)
Jenna Bennett,1497.8,2,133.82,748.9,1,3,Potensial (Average Spending)
Jenna Edwards,655.56,1,105.95,655.56,1,2,Kasual (Low Spending)
Jenna Jones,428.84,2,146.16,214.42,1,3,Potensial (Average Spending)
Jenna Mcfarland,101.78,1,47.63,101.78,1,2,Kasual (Low Spending)
Jenna Pollard,183.15,3,54.14,61.05,1,3,Potensial (Average Spending)
Jenna Williams,1266.7,3,266.77,378.06,2,0,Premium (High Spending)
Jennifer Adams,683.68,1,133.66,683.68,1,2,Kasual (Low Spending)
Jennifer Aguirre,1066.14,2,367.18,533.07,1,0,Premium (High Spending)
Jennifer Allen,1254.6,3,384.25,418.2,1,0,Premium (High Spending)
Jennifer Alvarez,1202.65,5,345.52,240.53,1,0,Premium (High Spending)
Jennifer Anderson,386.96,1,124.09,386.96,1,2,Kasual (Low Spending)
Jennifer Arnold,515.43,1,79.49,515.43,1,2,Kasual (Low Spending)
Jennifer Bailey,642.95,1,111.76,642.95,1,2,Kasual (Low Spending)
Jennifer Barber,1790.34,2,258.37,895.17,1,0,Premium (High Spending)
Jennifer Bates,79.41,1,18.11,79.41,1,2,Kasual (Low Spending)
Jennifer Bautista,229.7,1,51.48,229.7,1,2,Kasual (Low Spending)
Jennifer Baxter,175.87,1,68.51,175.87,1,2,Kasual (Low Spending)
Jennifer Bell,177.68,1,59.21,177.68,1,2,Kasual (Low Spending)
Jennifer Bender,269.72,1,49.81,269.72,1,2,Kasual (Low Spending)
Jennifer Berger,863.94,2,103.47,431.97,1,3,Potensial (Average Spending)
Jennifer Bradley,494.56,2,196.93,247.28,1,3,Potensial (Average Spending)
Jennifer Bright,1022.68,2,340.44,511.34,1,3,Potensial (Average Spending)
Jennifer Brooks,293.33,1,115.51,293.33,1,2,Kasual (Low Spending)
Jennifer Brown,654.38,3,234.51,248.285,2,3,Potensial (Average Spending)
Jennifer Burton,96.81,1,22.57,96.81,1,2,Kasual (Low Spending)
Jennifer Bush,446.0,1,78.23,446.0,1,2,Kasual (Low Spending)
Jennifer Campos,662.72,2,147.99,331.36,1,3,Potensial (Average Spending)
Jennifer Cantu,306.73,1,25.09,306.73,1,2,Kasual (Low Spending)
Jennifer Carroll,131.56,1,40.98,131.56,1,2,Kasual (Low Spending)
Jennifer Casey,148.04,2,27.93,74.02,1,3,Potensial (Average Spending)
Jennifer Castillo,185.37,1,56.29,185.37,1,2,Kasual (Low Spending)
Jennifer Chang,467.42,2,138.75,233.71,1,3,Potensial (Average Spending)
Jennifer Chapman,407.78,1,124.4,407.78,1,2,Kasual (Low Spending)
Jennifer Clark,826.95,5,176.15,189.14999999999998,2,0,Premium (High Spending)
Jennifer Cole,384.8,2,118.61,192.4,1,3,Potensial (Average Spending)
Jennifer Coleman,1637.53,3,274.28999999999996,638.92,2,0,Premium (High Spending)
Jennifer Collins,97.95,3,23.84,32.65,1,3,Potensial (Average Spending)
Jennifer Conley,1427.22,3,581.85,475.74,1,0,Premium (High Spending)
Jennifer Conrad,2734.44,3,393.24,911.48,1,0,Premium (High Spending)
Jennifer Contreras,1175.16,1,225.03,1175.16,1,2,Kasual (Low Spending)
Jennifer Cooper,521.8,4,110.92,130.45,1,3,Potensial (Average Spending)
Jennifer Cox,550.1,1,150.9,550.1,1,2,Kasual (Low Spending)
Jennifer Cruz,1702.75,8,597.67,259.135,2,1,VIP (Top Buyers & High Quantity)
Jennifer Cunningham,166.04,1,47.7,166.04,1,2,Kasual (Low Spending)
Jennifer Curry,525.12,3,51.81,175.04,1,3,Potensial (Average Spending)
Jennifer Daniels,328.04,1,31.16,328.04,1,2,Kasual (Low Spending)
Jennifer David,674.84,2,172.76,337.42,1,3,Potensial (Average Spending)
Jennifer Decker,820.94,2,99.28,410.47,1,3,Potensial (Average Spending)
Jennifer Deleon,619.25,5,165.13,123.85,1,0,Premium (High Spending)
Jennifer Donaldson,1023.62,2,343.65,511.81,1,3,Potensial (Average Spending)
Jennifer Doyle,83.18,1,20.55,83.18,1,2,Kasual (Low Spending)
Jennifer Duncan,304.02,3,72.76,101.34,1,3,Potensial (Average Spending)
Jennifer Dunn,453.84,3,122.98,151.28,1,3,Potensial (Average Spending)
Jennifer Duran,949.83,3,96.81,316.61,1,3,Potensial (Average Spending)
Jennifer Erickson,1017.81,3,250.99,339.27,1,3,Potensial (Average Spending)
Jennifer Espinoza,1187.48,1,214.34,1187.48,1,2,Kasual (Low Spending)
Jennifer Farrell,690.4,4,300.3,172.6,1,0,Premium (High Spending)
Jennifer Fisher,180.28,1,20.17,180.28,1,2,Kasual (Low Spending)
Jennifer Ford,223.23,1,82.04,223.23,1,2,Kasual (Low Spending)
Jennifer Foster,792.81,3,280.69,264.27,1,3,Potensial (Average Spending)
Jennifer Gaines,1186.92,2,122.53,593.46,1,3,Potensial (Average Spending)
Jennifer Gamble,224.15,1,86.48,224.15,1,2,Kasual (Low Spending)
Jennifer Garcia,801.8,4,143.42000000000002,325.47999999999996,2,3,Potensial (Average Spending)
Jennifer Gardner,49.6,1,13.31,49.6,1,2,Kasual (Low Spending)
Jennifer Garza,457.41,1,93.57,457.41,1,2,Kasual (Low Spending)
Jennifer George,1574.72,4,498.31,393.68,1,0,Premium (High Spending)
Jennifer Gibson,2545.44,3,864.31,848.48,1,1,VIP (Top Buyers & High Quantity)
Jennifer Glover,352.79,1,80.29,352.79,1,2,Kasual (Low Spending)
Jennifer Gomez,376.03,1,80.68,376.03,1,2,Kasual (Low Spending)
Jennifer Gonzales,2432.52,3,202.25,810.84,1,0,Premium (High Spending)
Jennifer Gonzalez,697.12,1,238.63,697.12,1,2,Kasual (Low Spending)
Jennifer Goodwin,162.93,1,62.99,162.93,1,2,Kasual (Low Spending)
Jennifer Grant,382.7,1,77.09,382.7,1,2,Kasual (Low Spending)
Jennifer Green,800.8399999999999,4,159.11,164.61,2,3,Potensial (Average Spending)
Jennifer Gross,568.52,2,98.93,284.26,1,3,Potensial (Average Spending)
Jennifer Guerrero,345.93,1,105.5,345.93,1,2,Kasual (Low Spending)
Jennifer Haley MD,79.49,1,16.02,79.49,1,2,Kasual (Low Spending)
Jennifer Hall,290.22,1,31.23,290.22,1,2,Kasual (Low Spending)
Jennifer Hampton,475.58,2,140.88,237.79,1,3,Potensial (Average Spending)
Jennifer Hansen,2687.13,3,443.06,895.71,1,0,Premium (High Spending)
Jennifer Hardy,370.96,1,134.15,370.96,1,2,Kasual (Low Spending)
Jennifer Harris,1288.62,3,283.41,429.54,1,0,Premium (High Spending)
Jennifer Hart DDS,2125.32,3,426.54,708.44,1,0,Premium (High Spending)
Jennifer Hayes,2791.15,5,918.1,558.23,1,1,VIP (Top Buyers & High Quantity)
Jennifer Henderson,714.26,2,185.77,357.13,1,3,Potensial (Average Spending)
Jennifer Hernandez,233.58,1,83.93,233.58,1,2,Kasual (Low Spending)
Jennifer Holt,207.85,1,76.2,207.85,1,2,Kasual (Low Spending)
Jennifer Houston,60.94,1,17.61,60.94,1,2,Kasual (Low Spending)
Jennifer Hurst,641.28,1,95.54,641.28,1,2,Kasual (Low Spending)
Jennifer Hutchinson,556.15,1,116.75,556.15,1,2,Kasual (Low Spending)
Jennifer Jackson,709.52,2,212.65,354.76,1,3,Potensial (Average Spending)
Jennifer Jacobson,269.34,3,55.33,89.78,1,3,Potensial (Average Spending)
Jennifer Jenkins,166.96,4,62.49,41.74,1,3,Potensial (Average Spending)
Jennifer Jennings,459.59,1,107.36,459.59,1,2,Kasual (Low Spending)
Jennifer Johnson,2415.58,7,526.78,447.205,4,1,VIP (Top Buyers & High Quantity)
Jennifer Jones,334.77,3,75.89,111.59,1,3,Potensial (Average Spending)
Jennifer Kemp,517.9,2,65.83,258.95,1,3,Potensial (Average Spending)
Jennifer Kennedy,2649.48,3,507.3,883.16,1,0,Premium (High Spending)
Jennifer Knight,1839.42,5,337.05,340.16,3,0,Premium (High Spending)
Jennifer Larson,340.36,1,28.8,340.36,1,2,Kasual (Low Spending)
Jennifer Lawrence,323.15,1,127.94,323.15,1,2,Kasual (Low Spending)
Jennifer Le,526.08,2,151.57,263.04,1,3,Potensial (Average Spending)
Jennifer Livingston,1755.4,2,350.47,877.7,1,0,Premium (High Spending)
Jennifer Lopez,269.7,1,111.54,269.7,1,2,Kasual (Low Spending)
Jennifer Lynch,2896.8,3,277.57,965.6,1,0,Premium (High Spending)
Jennifer Lyons,436.38,2,196.01,218.19,1,3,Potensial (Average Spending)
Jennifer Marshall,257.26,2,82.31,128.63,1,3,Potensial (Average Spending)
Jennifer Martin,333.42,2,147.56,166.71,1,3,Potensial (Average Spending)
Jennifer Martinez,670.22,3,201.10999999999999,217.175,2,3,Potensial (Average Spending)
Jennifer May,331.47,1,138.93,331.47,1,2,Kasual (Low Spending)
Jennifer Maynard,1203.56,2,205.91,601.78,1,3,Potensial (Average Spending)
Jennifer Mccarthy,83.0,1,20.79,83.0,1,2,Kasual (Low Spending)
Jennifer Mccoy,919.87,1,165.17,919.87,1,2,Kasual (Low Spending)
Jennifer Mcdonald,2586.57,3,389.01,862.19,1,0,Premium (High Spending)
Jennifer Mcintyre,199.59,3,56.81,66.53,1,3,Potensial (Average Spending)
Jennifer Mendoza,769.62,1,245.99,769.62,1,2,Kasual (Low Spending)
Jennifer Meza,247.49,1,49.9,247.49,1,2,Kasual (Low Spending)
Jennifer Miller,2853.3500000000004,5,418.14,603.53,4,1,VIP (Top Buyers & High Quantity)
Jennifer Mills,80.01,1,22.28,80.01,1,2,Kasual (Low Spending)
Jennifer Mitchell,197.7,3,93.91,65.9,1,3,Potensial (Average Spending)
Jennifer Moore,148.59,1,73.24,148.59,1,2,Kasual (Low Spending)
Jennifer Morris,5000.92,4,935.35,1250.23,1,1,VIP (Top Buyers & High Quantity)
Jennifer Morrow,547.02,2,137.92,273.51,1,3,Potensial (Average Spending)
Jennifer Morton,429.82000000000005,4,185.11,107.45500000000001,2,3,Potensial (Average Spending)
Jennifer Mueller,1868.3,5,826.63,373.66,1,1,VIP (Top Buyers & High Quantity)
Jennifer Mullins,847.14,1,107.49,847.14,1,2,Kasual (Low Spending)
Jennifer Murray,377.23,3,137.95999999999998,116.165,2,3,Potensial (Average Spending)
Jennifer Myers,1403.44,2,235.58,701.72,2,3,Potensial (Average Spending)
Jennifer Nash,497.32,4,113.88,124.33,1,3,Potensial (Average Spending)
Jennifer Nelson,1365.86,4,456.21999999999997,341.465,2,0,Premium (High Spending)
Jennifer Nichols,1040.38,2,160.98,520.19,1,3,Potensial (Average Spending)
Jennifer Olson,899.23,5,240.24,297.635,2,0,Premium (High Spending)
Jennifer Owens,1378.92,6,538.55,229.82,1,1,VIP (Top Buyers & High Quantity)
Jennifer Page,138.57,1,32.86,138.57,1,2,Kasual (Low Spending)
Jennifer Palmer,864.02,3,214.14999999999998,332.43,2,3,Potensial (Average Spending)
Jennifer Parker,1347.42,2,124.43,673.71,1,3,Potensial (Average Spending)
Jennifer Peterson,318.78,1,59.28,318.78,1,2,Kasual (Low Spending)
Jennifer Phillips,888.22,2,100.56,444.11,2,3,Potensial (Average Spending)
Jennifer Pierce,826.21,2,229.66,413.105,2,3,Potensial (Average Spending)
Jennifer Pitts,164.16,2,46.65,82.08,1,3,Potensial (Average Spending)
Jennifer Porter,148.38,1,31.66,148.38,1,2,Kasual (Low Spending)
Jennifer Pratt,1280.61,3,294.94,426.87,1,0,Premium (High Spending)
Jennifer Quinn,873.3,3,297.76,291.1,1,0,Premium (High Spending)
Jennifer Ramirez,157.16,1,30.63,157.16,1,2,Kasual (Low Spending)
Jennifer Reese,1703.74,2,269.1,851.87,1,0,Premium (High Spending)
Jennifer Reid,144.48,1,38.07,144.48,1,2,Kasual (Low Spending)
Jennifer Reyes,329.36,2,93.18,164.68,1,3,Potensial (Average Spending)
Jennifer Reynolds,3634.07,4,644.9399999999999,877.125,2,1,VIP (Top Buyers & High Quantity)
Jennifer Richmond,182.23,1,89.21,182.23,1,2,Kasual (Low Spending)
Jennifer Riley,724.5,2,201.75,362.25,1,3,Potensial (Average Spending)
Jennifer Robinson,2732.72,7,829.15,427.57333333333327,3,1,VIP (Top Buyers & High Quantity)
Jennifer Rodriguez,3490.17,3,483.65,1163.39,1,0,Premium (High Spending)
Jennifer Rose,967.16,1,338.13,967.16,1,2,Kasual (Low Spending)
Jennifer Ruiz,750.29,1,121.93,750.29,1,2,Kasual (Low Spending)
Jennifer Russell,830.44,1,253.93,830.44,1,2,Kasual (Low Spending)
Jennifer Sanchez,1058.3799999999999,6,324.22,201.95999999999998,2,0,Premium (High Spending)
Jennifer Santos,633.2,1,117.59,633.2,1,2,Kasual (Low Spending)
Jennifer Savage,1343.0,2,222.68,671.5,1,3,Potensial (Average Spending)
Jennifer Sharp,906.73,1,302.44,906.73,1,2,Kasual (Low Spending)
Jennifer Shaw,982.78,2,305.39,491.39,1,3,Potensial (Average Spending)
Jennifer Shields,518.16,2,117.45,259.08,1,3,Potensial (Average Spending)
Jennifer Simmons,394.98,2,152.86,197.49,1,3,Potensial (Average Spending)
Jennifer Singleton,193.15,1,82.9,193.15,1,2,Kasual (Low Spending)
Jennifer Sloan MD,300.42,1,93.87,300.42,1,2,Kasual (Low Spending)
Jennifer Smith,4125.08,11,1104.16,342.92,7,1,VIP (Top Buyers & High Quantity)
Jennifer Solis,88.46,1,32.93,88.46,1,2,Kasual (Low Spending)
Jennifer Stanton,575.92,1,169.23,575.92,1,2,Kasual (Low Spending)
Jennifer Stephens,94.25,1,25.53,94.25,1,2,Kasual (Low Spending)
Jennifer Stevenson,2821.74,3,229.27,940.58,1,0,Premium (High Spending)
Jennifer Stokes,671.49,1,109.2,671.49,1,2,Kasual (Low Spending)
Jennifer Stone,606.78,2,227.94,303.39,2,3,Potensial (Average Spending)
Jennifer Taylor,445.34,2,98.04,222.67,1,3,Potensial (Average Spending)
Jennifer Thomas,2339.1400000000003,5,244.65,479.875,2,0,Premium (High Spending)
Jennifer Tran,1664.35,3,408.51,566.4649999999999,2,0,Premium (High Spending)
Jennifer Trujillo,2570.41,5,844.52,503.425,2,1,VIP (Top Buyers & High Quantity)
Jennifer Tucker,755.28,2,166.28,377.64,1,3,Potensial (Average Spending)
Jennifer Vega,1434.86,2,266.27,717.43,1,3,Potensial (Average Spending)
Jennifer Walsh,532.61,1,168.92,532.61,1,2,Kasual (Low Spending)
Jennifer Walter,1509.56,2,274.27,754.78,1,3,Potensial (Average Spending)
Jennifer Walters,3327.6,4,416.63,831.9,1,0,Premium (High Spending)
Jennifer Warner,872.18,2,216.91,436.09,1,3,Potensial (Average Spending)
Jennifer Watson,334.11,1,113.88,334.11,1,2,Kasual (Low Spending)
Jennifer White,494.57,1,128.44,494.57,1,2,Kasual (Low Spending)
Jennifer Whitehead,611.06,2,156.55,305.53,1,3,Potensial (Average Spending)
Jennifer Wiggins,715.68,3,146.91,238.56,1,3,Potensial (Average Spending)
Jennifer Williams,2119.95,7,375.43,408.165,4,1,VIP (Top Buyers & High Quantity)
Jennifer Wilson,2526.22,6,416.89,324.235,2,1,VIP (Top Buyers & High Quantity)
Jennifer Wright,1607.19,3,530.77,535.73,1,0,Premium (High Spending)
Jennifer Yang,206.87,1,80.03,206.87,1,2,Kasual (Low Spending)
Jennifer York,144.85,1,33.1,144.85,1,2,Kasual (Low Spending)
Jenny Carter,294.12,2,68.41,147.06,1,3,Potensial (Average Spending)
Jenny Huff,723.07,1,213.87,723.07,1,2,Kasual (Low Spending)
Jenny Myers,192.11,1,80.43,192.11,1,2,Kasual (Low Spending)
Jeremiah Blankenship,222.24,1,83.54,222.24,1,2,Kasual (Low Spending)
Jeremiah Brown,1406.55,3,231.35,468.85,1,0,Premium (High Spending)
Jeremiah Edwards,1576.54,2,281.41,788.27,1,0,Premium (High Spending)
Jeremiah Elliott,402.4,1,81.08,402.4,1,2,Kasual (Low Spending)
Jeremiah Gill,730.85,1,121.61,730.85,1,2,Kasual (Low Spending)
Jeremiah Miller DVM,1314.0,4,373.97,328.5,1,0,Premium (High Spending)
Jeremiah Moore,1837.41,3,288.83,612.47,1,0,Premium (High Spending)
Jeremiah Patterson,86.88,1,31.41,86.88,1,2,Kasual (Low Spending)
Jeremiah Thompson,361.46,1,141.71,361.46,1,2,Kasual (Low Spending)
Jeremy Avila,220.6,1,24.82,220.6,1,2,Kasual (Low Spending)
Jeremy Benson,233.54,2,72.46,116.77,1,3,Potensial (Average Spending)
Jeremy Black,257.66,2,96.78,128.83,1,3,Potensial (Average Spending)
Jeremy Brewer,435.12,2,162.55,217.56,1,3,Potensial (Average Spending)
Jeremy Cole,1953.9,3,622.18,651.3,1,0,Premium (High Spending)
Jeremy Collier,1465.1,2,492.3,732.55,1,0,Premium (High Spending)
Jeremy Ellis,119.18,1,52.86,119.18,1,2,Kasual (Low Spending)
Jeremy Fisher,113.09,1,34.61,113.09,1,2,Kasual (Low Spending)
Jeremy Gonzales,555.29,1,62.02,555.29,1,2,Kasual (Low Spending)
Jeremy Hall,411.99,1,168.29,411.99,1,2,Kasual (Low Spending)
Jeremy Hendrix,2933.65,5,477.83,586.73,1,1,VIP (Top Buyers & High Quantity)
Jeremy Jones,1603.1,6,333.64,364.99666666666667,3,0,Premium (High Spending)
Jeremy Joseph,748.44,2,104.12,374.22,1,3,Potensial (Average Spending)
Jeremy Lee,927.9,1,183.86,927.9,1,2,Kasual (Low Spending)
Jeremy Long,711.08,1,125.12,711.08,1,2,Kasual (Low Spending)
Jeremy Maldonado,247.94,2,57.92,123.97,1,3,Potensial (Average Spending)
Jeremy Mejia,388.09,1,56.43,388.09,1,2,Kasual (Low Spending)
Jeremy Mitchell,1099.26,5,226.20999999999998,236.82,2,0,Premium (High Spending)
Jeremy Morgan,305.66,2,72.5,152.83,1,3,Potensial (Average Spending)
Jeremy Munoz,825.67,1,130.4,825.67,1,2,Kasual (Low Spending)
Jeremy Orr,446.45,1,82.23,446.45,1,2,Kasual (Low Spending)
Jeremy Owen,959.21,1,309.28,959.21,1,2,Kasual (Low Spending)
Jeremy Owens,343.22,1,153.08,343.22,1,2,Kasual (Low Spending)
Jeremy Pena,719.24,4,171.11,179.81,1,3,Potensial (Average Spending)
Jeremy Phillips,1359.21,3,246.13,453.07,1,0,Premium (High Spending)
Jeremy Potter,1288.38,2,179.81,644.19,1,3,Potensial (Average Spending)
Jeremy Powell,547.22,2,100.87,273.61,1,3,Potensial (Average Spending)
Jeremy Price,936.36,3,381.63,312.12,1,0,Premium (High Spending)
Jeremy Ray,188.13,1,38.05,188.13,1,2,Kasual (Low Spending)
Jeremy Richmond,280.97,1,40.09,280.97,1,2,Kasual (Low Spending)
Jeremy Rivera,1786.98,3,222.22,595.66,1,0,Premium (High Spending)
Jeremy Robbins,142.38,1,51.6,142.38,1,2,Kasual (Low Spending)
Jeremy Rodriguez,189.55,1,72.21,189.55,1,2,Kasual (Low Spending)
Jeremy Rosario,727.76,2,313.48,363.88,1,3,Potensial (Average Spending)
Jeremy Shelton,670.61,1,207.41,670.61,1,2,Kasual (Low Spending)
Jeremy Smith,1690.26,5,385.73,355.93,2,0,Premium (High Spending)
Jeremy Snyder,183.17,1,63.98,183.17,1,2,Kasual (Low Spending)
Jeremy Stephenson,1765.9,2,148.98,882.95,1,3,Potensial (Average Spending)
Jeremy Stewart,118.15,1,16.87,118.15,1,2,Kasual (Low Spending)
Jeremy Stokes,743.12,4,215.66,185.78,1,0,Premium (High Spending)
Jeremy Thomas,1164.62,1,139.78,1164.62,1,2,Kasual (Low Spending)
Jeremy Vargas,663.16,1,63.43,663.16,1,2,Kasual (Low Spending)
Jeremy Vega,29.62,1,9.9,29.62,1,2,Kasual (Low Spending)
Jeremy Watson,153.73,1,41.35,153.73,1,2,Kasual (Low Spending)
Jeremy White,439.29,1,68.92,439.29,1,2,Kasual (Low Spending)
Jeremy Williams,1197.68,3,299.37,393.72,2,0,Premium (High Spending)
Jeremy Willis,661.06,1,81.78,661.06,1,2,Kasual (Low Spending)
Jermaine Martin,205.84,1,51.71,205.84,1,2,Kasual (Low Spending)
Jermaine Poole,145.09,1,54.13,145.09,1,2,Kasual (Low Spending)
Jermaine Reese,300.92,1,34.9,300.92,1,2,Kasual (Low Spending)
Jermaine Smith,564.53,1,96.12,564.53,1,2,Kasual (Low Spending)
Jerome Bailey,250.94,2,51.96,125.47,1,3,Potensial (Average Spending)
Jerome Gardner,1103.98,2,177.96,551.99,1,3,Potensial (Average Spending)
Jerome Gonzalez,1030.25,1,203.33,1030.25,1,2,Kasual (Low Spending)
Jerome Randolph,2202.75,5,403.62,440.55,1,0,Premium (High Spending)
Jerome Williams,1495.52,2,216.48,747.76,1,3,Potensial (Average Spending)
Jerry Baird,560.5,1,82.97,560.5,1,2,Kasual (Low Spending)
Jerry Barnett,280.56,1,125.66,280.56,1,2,Kasual (Low Spending)
Jerry Chandler,319.25,1,40.64,319.25,1,2,Kasual (Low Spending)
Jerry Chavez,51.42,1,25.41,51.42,1,2,Kasual (Low Spending)
Jerry Chung,728.14,1,62.2,728.14,1,2,Kasual (Low Spending)
Jerry Collins,182.54,2,74.28,91.27,1,3,Potensial (Average Spending)
Jerry Cox,1803.81,3,296.44,601.27,1,0,Premium (High Spending)
Jerry Dominguez,840.53,1,164.07,840.53,1,2,Kasual (Low Spending)
Jerry Eaton,136.76,2,36.25,68.38,1,3,Potensial (Average Spending)
Jerry French,3154.6,5,852.69,630.92,1,1,VIP (Top Buyers & High Quantity)
Jerry Gutierrez,347.31,1,119.69,347.31,1,2,Kasual (Low Spending)
Jerry Hamilton,1035.45,3,322.56,345.15,1,0,Premium (High Spending)
Jerry Herring,566.72,4,145.57,141.68,1,3,Potensial (Average Spending)
Jerry Jones,768.7,1,129.12,768.7,1,2,Kasual (Low Spending)
Jerry Perry,635.51,1,70.28,635.51,1,2,Kasual (Low Spending)
Jerry Price,166.16,1,30.38,166.16,1,2,Kasual (Low Spending)
Jerry Randolph,116.53,1,38.44,116.53,1,2,Kasual (Low Spending)
Jerry Richmond,894.31,1,156.67,894.31,1,2,Kasual (Low Spending)
Jerry Thomas,1097.61,3,102.25,365.87,1,3,Potensial (Average Spending)
Jerry Wang,1396.44,4,410.9,349.11,1,0,Premium (High Spending)
Jerry Wells,3154.98,3,938.59,1051.66,1,1,VIP (Top Buyers & High Quantity)
Jerry White,255.1,1,62.82,255.1,1,2,Kasual (Low Spending)
Jerry Williams,626.53,2,219.38,313.265,2,3,Potensial (Average Spending)
Jerry Zavala,34.15,1,4.36,34.15,1,2,Kasual (Low Spending)
Jerry Zimmerman,924.96,4,203.84,231.24,1,0,Premium (High Spending)
Jesse Bowman,1473.7,2,264.39,736.85,1,3,Potensial (Average Spending)
Jesse Burke,381.24,4,81.82,95.31,1,3,Potensial (Average Spending)
Jesse Cole,776.01,1,141.19,776.01,1,2,Kasual (Low Spending)
Jesse Cooper,3727.19,5,728.86,522.46,2,1,VIP (Top Buyers & High Quantity)
Jesse Cuevas,288.5,1,60.09,288.5,1,2,Kasual (Low Spending)
Jesse Edwards,789.84,2,98.36,394.92,1,3,Potensial (Average Spending)
Jesse Graham,121.15,1,52.12,121.15,1,2,Kasual (Low Spending)
Jesse Hall,407.16,1,71.8,407.16,1,2,Kasual (Low Spending)
Jesse Harding,3057.95,5,298.85,611.59,1,0,Premium (High Spending)
Jesse Harris,112.05,1,33.51,112.05,1,2,Kasual (Low Spending)
Jesse Harvey,643.36,1,89.54,643.36,1,2,Kasual (Low Spending)
Jesse Hays,1126.23,1,122.32,1126.23,1,2,Kasual (Low Spending)
Jesse Henderson,727.46,1,133.23,727.46,1,2,Kasual (Low Spending)
Jesse Hill,229.44,1,101.38,229.44,1,2,Kasual (Low Spending)
Jesse Maxwell,1744.46,2,458.09,872.23,1,0,Premium (High Spending)
Jesse Moon,41.61,1,13.78,41.61,1,2,Kasual (Low Spending)
Jesse Moore,321.72,1,36.23,321.72,1,2,Kasual (Low Spending)
Jesse Ochoa,189.95,1,50.17,189.95,1,2,Kasual (Low Spending)
Jesse Poole,986.37,3,167.28,328.79,1,3,Potensial (Average Spending)
Jesse Reynolds,1005.6,3,296.95,335.2,1,0,Premium (High Spending)
Jesse Schmitt,503.89,1,68.97,503.89,1,2,Kasual (Low Spending)
Jesse Sutton,1518.2,2,322.43,759.1,1,0,Premium (High Spending)
Jesse Taylor,4196.84,4,877.04,1049.21,1,1,VIP (Top Buyers & High Quantity)
Jesse Thompson,1886.94,4,515.71,511.8766666666667,3,0,Premium (High Spending)
Jesse Vazquez,1513.06,2,218.37,756.53,1,3,Potensial (Average Spending)
Jesse Ward,902.2,2,211.71,451.1,1,3,Potensial (Average Spending)
Jesse Williams,220.33,1,23.83,220.33,1,2,Kasual (Low Spending)
Jesse Wilson,266.41,1,37.3,266.41,1,2,Kasual (Low Spending)
Jesse Yang,384.98,1,172.28,384.98,1,2,Kasual (Low Spending)
Jessica Adams,856.84,4,313.06,214.21,1,0,Premium (High Spending)
Jessica Alvarez,2119.99,4,596.4100000000001,708.1949999999999,2,0,Premium (High Spending)
Jessica Anderson,489.07,3,181.91,163.02333333333334,3,3,Potensial (Average Spending)
Jessica Baker,1889.42,5,542.27,324.28,2,0,Premium (High Spending)
Jessica Bauer,2449.49,3,453.04999999999995,818.175,2,0,Premium (High Spending)
Jessica Beck,411.7,2,112.98,205.85,1,3,Potensial (Average Spending)
Jessica Beltran,369.85,1,124.44,369.85,1,2,Kasual (Low Spending)
Jessica Benson,827.06,2,255.84,413.53,1,3,Potensial (Average Spending)
Jessica Berry,219.55,1,96.36,219.55,1,2,Kasual (Low Spending)
Jessica Black,511.4,2,153.47,255.7,1,3,Potensial (Average Spending)
Jessica Bowen,791.85,3,321.89,263.95,1,0,Premium (High Spending)
Jessica Brock,307.67,1,103.37,307.67,1,2,Kasual (Low Spending)
Jessica Brooks,1206.57,3,265.28,402.19,1,0,Premium (High Spending)
Jessica Brown,2205.95,4,521.5,508.485,2,0,Premium (High Spending)
Jessica Bryant,352.97,1,61.38,352.97,1,2,Kasual (Low Spending)
Jessica Bush,383.14,1,163.78,383.14,1,2,Kasual (Low Spending)
Jessica Calhoun,340.75,1,89.48,340.75,1,2,Kasual (Low Spending)
Jessica Casey,458.2,2,134.96,229.1,1,3,Potensial (Average Spending)
Jessica Castillo,1185.25,2,393.8,592.625,2,0,Premium (High Spending)
Jessica Castro,489.3,3,217.48,163.1,1,3,Potensial (Average Spending)
Jessica Choi,390.88,1,109.15,390.88,1,2,Kasual (Low Spending)
Jessica Clark,1368.12,2,349.23,684.06,1,0,Premium (High Spending)
Jessica Cole,968.76,4,389.47,242.19,1,0,Premium (High Spending)
Jessica Compton,955.84,2,220.87,477.92,1,3,Potensial (Average Spending)
Jessica Contreras,612.3,3,174.81,204.1,1,3,Potensial (Average Spending)
Jessica Davis,174.79,1,18.79,174.79,1,2,Kasual (Low Spending)
Jessica Dixon,237.71,1,99.26,237.71,1,2,Kasual (Low Spending)
Jessica Douglas,2297.72,4,452.38,574.43,1,0,Premium (High Spending)
Jessica Eaton,162.36,1,35.5,162.36,1,2,Kasual (Low Spending)
Jessica Erickson,694.6700000000001,3,204.4,264.48,2,3,Potensial (Average Spending)
Jessica Estrada,634.5,3,69.52,211.5,1,3,Potensial (Average Spending)
Jessica Ferrell,340.5,1,60.23,340.5,1,2,Kasual (Low Spending)
Jessica Fields,270.75,1,30.37,270.75,1,2,Kasual (Low Spending)
Jessica Ford,111.55,1,45.7,111.55,1,2,Kasual (Low Spending)
Jessica Fry,257.04,1,69.94,257.04,1,2,Kasual (Low Spending)
Jessica Garcia,426.66,4,137.8,106.665,2,3,Potensial (Average Spending)
Jessica Garrison,411.81,1,119.87,411.81,1,2,Kasual (Low Spending)
Jessica Gomez,62.34,2,12.77,31.17,1,3,Potensial (Average Spending)
Jessica Gonzales,164.66,1,37.2,164.66,1,2,Kasual (Low Spending)
Jessica Gonzalez,148.26,1,47.87,148.26,1,2,Kasual (Low Spending)
Jessica Griffin,289.91,1,67.71,289.91,1,2,Kasual (Low Spending)
Jessica Hall,2428.32,9,654.13,302.8,3,1,VIP (Top Buyers & High Quantity)
Jessica Harrison,1033.56,3,355.32,344.52,1,0,Premium (High Spending)
Jessica Hartman,716.82,3,179.13,238.94,1,3,Potensial (Average Spending)
Jessica Henderson,568.58,2,112.2,284.29,1,3,Potensial (Average Spending)
Jessica Hernandez,238.17,3,98.55,79.39,1,3,Potensial (Average Spending)
Jessica Hickman,349.28,2,137.51,174.64,1,3,Potensial (Average Spending)
Jessica Hill,133.08,1,60.89,133.08,1,2,Kasual (Low Spending)
Jessica House,873.72,4,418.41,218.43,1,0,Premium (High Spending)
Jessica Howard,1256.46,3,295.96,418.82,1,0,Premium (High Spending)
Jessica Hughes,208.39,1,50.63,208.39,1,2,Kasual (Low Spending)
Jessica Hutchinson,1356.92,2,193.71,678.46,1,3,Potensial (Average Spending)
Jessica Johnson,1198.42,6,278.08,189.41,2,0,Premium (High Spending)
Jessica Jones,3815.24,4,596.62,953.81,1,1,VIP (Top Buyers & High Quantity)
Jessica Kane,679.96,4,114.23,169.99,1,3,Potensial (Average Spending)
Jessica Keith,50.01,1,10.97,50.01,1,2,Kasual (Low Spending)
Jessica Larsen,477.12,1,59.12,477.12,1,2,Kasual (Low Spending)
Jessica Le,1157.76,4,355.85,289.44,1,0,Premium (High Spending)
Jessica Levine,2247.2,5,620.41,449.44,1,1,VIP (Top Buyers & High Quantity)
Jessica Lewis,144.66,2,33.17,72.33,1,3,Potensial (Average Spending)
Jessica Lynch,303.38,2,59.74,151.69,1,3,Potensial (Average Spending)
Jessica Marquez,321.0,1,74.76,321.0,1,2,Kasual (Low Spending)
Jessica Martin,1587.24,4,652.47,396.81,1,0,Premium (High Spending)
Jessica Martinez,2486.61,4,458.15,590.4733333333334,3,0,Premium (High Spending)
Jessica Mcdowell,409.66,1,86.6,409.66,1,2,Kasual (Low Spending)
Jessica Mcguire,46.85,1,10.77,46.85,1,2,Kasual (Low Spending)
Jessica Mckenzie,68.03,1,15.41,68.03,1,2,Kasual (Low Spending)
Jessica Mendoza,762.69,3,214.45,254.23,1,3,Potensial (Average Spending)
Jessica Miller,2724.57,3,425.03,908.19,1,0,Premium (High Spending)
Jessica Mills,805.18,1,147.09,805.18,1,2,Kasual (Low Spending)
Jessica Moody,807.62,2,215.27,403.81,1,3,Potensial (Average Spending)
Jessica Moore,1868.0,8,758.73,233.73333333333335,3,1,VIP (Top Buyers & High Quantity)
Jessica Morales,2393.43,3,698.87,800.56,2,0,Premium (High Spending)
Jessica Olson,799.58,1,194.65,799.58,1,2,Kasual (Low Spending)
Jessica Palmer,846.14,2,346.63,423.07,1,3,Potensial (Average Spending)
Jessica Pearson,310.1,5,67.88,62.02,1,3,Potensial (Average Spending)
Jessica Perez,3356.6400000000003,5,663.04,580.935,2,1,VIP (Top Buyers & High Quantity)
Jessica Porter,231.39,1,20.4,231.39,1,2,Kasual (Low Spending)
Jessica Pruitt,449.42,1,138.63,449.42,1,2,Kasual (Low Spending)
Jessica Quinn,2030.68,4,238.58,507.67,1,0,Premium (High Spending)
Jessica Ramirez,2474.0600000000004,4,478.15999999999997,618.5150000000001,2,0,Premium (High Spending)
Jessica Reed,4253.9,6,999.22,634.395,2,1,VIP (Top Buyers & High Quantity)
Jessica Reid,854.04,1,272.04,854.04,1,2,Kasual (Low Spending)
Jessica Riggs,1559.2,5,214.92,311.84,1,0,Premium (High Spending)
Jessica Riley,350.79,3,103.48,116.93,1,3,Potensial (Average Spending)
Jessica Robles,750.88,1,134.42,750.88,1,2,Kasual (Low Spending)
Jessica Ruiz,159.44,4,71.74,39.86,1,3,Potensial (Average Spending)
Jessica Sanders,700.08,3,293.35,233.36,1,3,Potensial (Average Spending)
Jessica Schroeder,854.75,1,156.7,854.75,1,2,Kasual (Low Spending)
Jessica Scott,300.2,1,54.55,300.2,1,2,Kasual (Low Spending)
Jessica Simpson,442.58,2,92.68,221.29,1,3,Potensial (Average Spending)
Jessica Smith,1096.56,3,175.38,365.52,1,3,Potensial (Average Spending)
Jessica Spencer,656.28,1,119.86,656.28,1,2,Kasual (Low Spending)
Jessica Sweeney,387.04,2,71.77,193.52,1,3,Potensial (Average Spending)
Jessica Taylor,1098.07,3,316.09000000000003,299.77,2,0,Premium (High Spending)
Jessica Thomas,473.66,2,189.29,236.83,1,3,Potensial (Average Spending)
Jessica Thompson,95.17,1,37.1,95.17,1,2,Kasual (Low Spending)
Jessica Torres,85.11,1,34.42,85.11,1,2,Kasual (Low Spending)
Jessica Trujillo MD,467.84,2,218.77,233.92,1,3,Potensial (Average Spending)
Jessica Turner MD,338.32,1,120.41,338.32,1,2,Kasual (Low Spending)
Jessica Vargas,475.85,1,71.25,475.85,1,2,Kasual (Low Spending)
Jessica Vaughn,602.86,1,132.7,602.86,1,2,Kasual (Low Spending)
Jessica Walker,2182.26,4,449.11,445.14,2,0,Premium (High Spending)
Jessica Wang,169.61,1,36.99,169.61,1,2,Kasual (Low Spending)
Jessica Watson,1359.95,5,191.28,271.99,1,0,Premium (High Spending)
Jessica Wheeler,260.38,2,63.16,130.19,2,3,Potensial (Average Spending)
Jessica Williams,1500.86,2,222.36,750.43,1,3,Potensial (Average Spending)
Jessica Wilson,1215.48,2,181.41,607.74,1,3,Potensial (Average Spending)
Jessica Wright,414.22,2,61.61,207.11,1,3,Potensial (Average Spending)
Jessica Young,1349.55,3,436.86,449.85,1,0,Premium (High Spending)
Jesus Adams,555.4,1,192.39,555.4,1,2,Kasual (Low Spending)
Jesus Browning,38.7,1,11.04,38.7,1,2,Kasual (Low Spending)
Jesus Cannon,232.73,1,45.69,232.73,1,2,Kasual (Low Spending)
Jesus Freeman,2338.38,3,335.12,779.46,1,0,Premium (High Spending)
Jesus Holder,237.3,3,60.99,79.1,1,3,Potensial (Average Spending)
Jesus Houston,344.48,2,49.36,172.24,1,3,Potensial (Average Spending)
Jesus Le,296.52,3,91.33,98.84,1,3,Potensial (Average Spending)
Jesus Martin,285.03,1,112.1,285.03,1,2,Kasual (Low Spending)
Jesus Orr,400.82,2,151.59,200.41,1,3,Potensial (Average Spending)
Jesus Salinas,255.66,2,101.82,127.83,1,3,Potensial (Average Spending)
Jesus Skinner,195.66,2,67.89,97.83,1,3,Potensial (Average Spending)
Jesus Stout,420.24,1,97.68,420.24,1,2,Kasual (Low Spending)
Jesus Tyler,410.58,1,79.76,410.58,1,2,Kasual (Low Spending)
Jill Armstrong,540.99,1,58.04,540.99,1,2,Kasual (Low Spending)
Jill Bradley,1076.77,1,157.42,1076.77,1,2,Kasual (Low Spending)
Jill Brady,56.63,1,16.37,56.63,1,2,Kasual (Low Spending)
Jill Brown,329.9,1,102.74,329.9,1,2,Kasual (Low Spending)
Jill Collins,484.34,2,121.6,242.17,1,3,Potensial (Average Spending)
Jill Dixon,1167.32,1,185.5,1167.32,1,2,Kasual (Low Spending)
Jill Ford,1963.65,3,276.99,654.55,1,0,Premium (High Spending)
Jill Freeman,1268.56,4,454.23,317.14,1,0,Premium (High Spending)
Jill Garcia,2617.54,2,355.31,1308.77,1,0,Premium (High Spending)
Jill Gilbert,481.0,2,76.25,240.5,1,3,Potensial (Average Spending)
Jill Howard,263.71,1,66.37,263.71,1,2,Kasual (Low Spending)
Jill Jones,124.39,1,46.68,124.39,1,2,Kasual (Low Spending)
Jill Mccormick,3524.58,3,718.13,1174.86,1,1,VIP (Top Buyers & High Quantity)
Jill Morton,1689.58,2,323.05,844.79,1,0,Premium (High Spending)
Jill Murphy,1002.76,4,357.21,250.69,1,0,Premium (High Spending)
Jill Peck,1220.88,3,262.75,406.96,1,0,Premium (High Spending)
Jill Powers,1661.08,2,427.48,830.54,1,0,Premium (High Spending)
Jill Rodriguez,921.7,5,297.08,184.34,1,0,Premium (High Spending)
Jill Snyder,1062.45,5,387.61,212.49,1,0,Premium (High Spending)
Jill Turner,193.92,1,15.92,193.92,1,2,Kasual (Low Spending)
Jill Wallace,1162.28,4,232.72,290.57,1,0,Premium (High Spending)
Jillian Adkins,736.4,5,225.48,147.28,1,0,Premium (High Spending)
Jillian Cardenas,102.93,1,25.09,102.93,1,2,Kasual (Low Spending)
Jillian Carpenter,1366.16,2,394.5,683.08,1,0,Premium (High Spending)
Jillian Fisher,723.24,2,252.52,361.62,1,3,Potensial (Average Spending)
Jillian Haley,273.94,1,83.87,273.94,1,2,Kasual (Low Spending)
Jillian Miller,118.0,1,30.1,118.0,1,2,Kasual (Low Spending)
Jillian Molina,771.58,1,101.89,771.58,1,2,Kasual (Low Spending)
Jillian Smith,363.12,3,66.49,121.04,1,3,Potensial (Average Spending)
Jillian Thompson,559.85,1,152.0,559.85,1,2,Kasual (Low Spending)
Jillian Wilson,126.62,1,33.62,126.62,1,2,Kasual (Low Spending)
Jim Morrison,199.84,2,64.48,99.92,1,3,Potensial (Average Spending)
Jim Wheeler,984.83,1,82.2,984.83,1,2,Kasual (Low Spending)
Jimmy Butler,691.75,1,100.03,691.75,1,2,Kasual (Low Spending)
Jimmy Chandler,729.84,1,121.26,729.84,1,2,Kasual (Low Spending)
Jimmy Galvan,391.8,1,154.22,391.8,1,2,Kasual (Low Spending)
Jimmy Hamilton,1487.6,2,209.64,743.8,1,3,Potensial (Average Spending)
Jimmy Hardin,1248.78,3,510.0,416.26,1,0,Premium (High Spending)
Jimmy Lee,63.24,3,14.71,21.08,1,3,Potensial (Average Spending)
Jimmy Richards,811.2,3,133.66,270.4,1,3,Potensial (Average Spending)
Jimmy Simmons,522.87,1,153.42,522.87,1,2,Kasual (Low Spending)
Jimmy Sullivan,582.92,2,122.8,291.46,1,3,Potensial (Average Spending)
Jimmy Thomas,2208.2200000000003,5,536.47,395.895,2,1,VIP (Top Buyers & High Quantity)
Jo Smith,1480.42,2,352.01,740.21,1,0,Premium (High Spending)
Jo Stokes,1701.92,2,420.18,850.96,1,0,Premium (High Spending)
Jo White,164.55,1,56.64,164.55,1,2,Kasual (Low Spending)
Joan Gay,3531.75,3,477.84,1177.25,1,0,Premium (High Spending)
Joan Hill,48.46,1,16.4,48.46,1,2,Kasual (Low Spending)
Joan Kelley,510.78,2,104.85,255.39,1,3,Potensial (Average Spending)
Joan Kim,824.63,1,111.37,824.63,1,2,Kasual (Low Spending)
Joan Miller,902.86,1,227.21,902.86,1,2,Kasual (Low Spending)
Joan Navarro,1834.96,4,770.64,458.74,1,1,VIP (Top Buyers & High Quantity)
Joan Smith,183.72,3,42.01,61.24,1,3,Potensial (Average Spending)
Joan Snyder,431.55,3,111.08,143.85,1,3,Potensial (Average Spending)
Joan Wright,697.95,3,195.71,232.65,1,3,Potensial (Average Spending)
Joann Ball,530.73,1,72.37,530.73,1,2,Kasual (Low Spending)
Joann Cochran,994.52,4,386.31,248.63,1,0,Premium (High Spending)
Joann Roberts,525.2,1,62.29,525.2,1,2,Kasual (Low Spending)
Joanna Aguirre,184.14,2,77.57,92.07,1,3,Potensial (Average Spending)
Joanna Chavez,484.54,7,193.64,69.22,1,0,Premium (High Spending)
Joanna Conrad,188.96,2,77.98,94.48,1,3,Potensial (Average Spending)
Joanna Gilbert,371.06,2,105.72,185.53,1,3,Potensial (Average Spending)
Joanna Gomez,188.45,1,72.65,188.45,1,2,Kasual (Low Spending)
Joanna Gross,890.64,4,112.2,222.66,1,3,Potensial (Average Spending)
Joanna Reed,1398.64,4,337.84,349.66,1,0,Premium (High Spending)
Joanna Ross,61.82,1,17.43,61.82,1,2,Kasual (Low Spending)
Joanna Taylor,767.16,2,217.41,383.58,1,3,Potensial (Average Spending)
Joanna Williams,1242.9,2,223.74,621.45,1,3,Potensial (Average Spending)
Joanne Baker,69.86,1,31.42,69.86,1,2,Kasual (Low Spending)
Joanne Barrera,501.87,3,159.07,167.29,1,3,Potensial (Average Spending)
Joanne Mcknight,529.62,3,167.68,176.54,1,3,Potensial (Average Spending)
Joanne Robinson,269.47,1,112.01,269.47,1,2,Kasual (Low Spending)
Jocelyn Chambers,483.63,3,211.4,161.21,1,3,Potensial (Average Spending)
Jocelyn Eaton,2705.22,3,515.37,901.74,1,0,Premium (High Spending)
Jocelyn Roberson,245.93,1,75.5,245.93,1,2,Kasual (Low Spending)
Jocelyn Taylor,444.1,2,146.29,222.05,1,3,Potensial (Average Spending)
Jocelyn Thompson,613.45,1,156.36,613.45,1,2,Kasual (Low Spending)
Jocelyn Woods,266.88,3,101.3,88.96,1,3,Potensial (Average Spending)
Jodi Adkins,1057.62,2,225.28,528.81,1,3,Potensial (Average Spending)
Jodi Bell,625.73,1,117.54,625.73,1,2,Kasual (Low Spending)
Jodi Hernandez,122.81,1,41.08,122.81,1,2,Kasual (Low Spending)
Jodi Jackson,1235.43,3,415.18,411.81,1,0,Premium (High Spending)
Jodi Jones,250.48,1,110.34,250.48,1,2,Kasual (Low Spending)
Jodi Oliver,318.36,4,80.63,79.59,1,3,Potensial (Average Spending)
Jodi Smith,1118.84,2,350.98,559.42,1,0,Premium (High Spending)
Jodi Strickland,100.1,1,29.19,100.1,1,2,Kasual (Low Spending)
Jodi Wilson,1000.98,3,173.66,333.66,1,3,Potensial (Average Spending)
Jody Delgado,717.0,1,238.4,717.0,1,2,Kasual (Low Spending)
Jody Gomez,304.96,1,43.45,304.96,1,2,Kasual (Low Spending)
Joe Arroyo,220.42,1,92.55,220.42,1,2,Kasual (Low Spending)
Joe Campbell,692.18,2,193.09,346.09,1,3,Potensial (Average Spending)
Joe Clark,975.92,2,333.33,487.96,1,3,Potensial (Average Spending)
Joe Coleman,261.47,1,53.59,261.47,1,2,Kasual (Low Spending)
Joe Hendricks,1592.82,2,154.11,796.41,1,3,Potensial (Average Spending)
Joe Jones,439.27,1,150.86,439.27,1,2,Kasual (Low Spending)
Joe Mcfarland,564.62,1,170.06,564.62,1,2,Kasual (Low Spending)
Joe Myers,403.78,2,73.5,201.89,1,3,Potensial (Average Spending)
Joe Park,575.28,2,179.83,287.64,1,3,Potensial (Average Spending)
Joe Perez,665.08,2,258.53,332.54,1,3,Potensial (Average Spending)
Joe Ramirez,3110.84,4,578.7,777.71,1,1,VIP (Top Buyers & High Quantity)
Joe Scott,1141.44,3,227.98,380.48,1,3,Potensial (Average Spending)
Joe Smith,325.8,2,116.89,162.9,1,3,Potensial (Average Spending)
Joe Torres,258.72,2,58.79,129.36,1,3,Potensial (Average Spending)
Joe Zimmerman,1618.17,3,212.09,539.39,1,0,Premium (High Spending)
Joel Allen,244.86,3,87.38,81.62,1,3,Potensial (Average Spending)
Joel Brown,1134.39,1,348.73,1134.39,1,2,Kasual (Low Spending)
Joel Doyle,1230.34,2,120.54,615.17,1,3,Potensial (Average Spending)
Joel Eaton,835.81,1,216.99,835.81,1,2,Kasual (Low Spending)
Joel Frank,583.02,2,161.06,291.51,1,3,Potensial (Average Spending)
Joel Juarez,75.79,1,32.34,75.79,1,2,Kasual (Low Spending)
Joel Lambert,234.24,1,88.92,234.24,1,2,Kasual (Low Spending)
Joel Moran,1291.9,2,188.37,645.95,1,3,Potensial (Average Spending)
Joel Morse,785.61,1,107.44,785.61,1,2,Kasual (Low Spending)
Joel Olson,197.49,1,87.81,197.49,1,2,Kasual (Low Spending)
Joel Prince DVM,339.28,1,78.33,339.28,1,2,Kasual (Low Spending)
Joel Ramirez,465.33,3,106.38,155.11,1,3,Potensial (Average Spending)
Joel Randall,669.42,1,105.91,669.42,1,2,Kasual (Low Spending)
Joel Reed,5005.68,4,409.77,1251.42,1,1,VIP (Top Buyers & High Quantity)
Joel Smith,2086.77,3,309.14,695.59,1,0,Premium (High Spending)
Joel Walton,572.46,1,61.43,572.46,1,2,Kasual (Low Spending)
Joel Williams,704.2,1,245.47,704.2,1,2,Kasual (Low Spending)
John Allen,935.28,1,163.58,935.28,1,2,Kasual (Low Spending)
John Alvarado,100.33,1,19.62,100.33,1,2,Kasual (Low Spending)
John Anderson,457.07,1,58.8,457.07,1,2,Kasual (Low Spending)
John Andrade,1635.21,3,252.43,545.07,1,0,Premium (High Spending)
John Armstrong,3774.75,3,697.7,1258.25,1,1,VIP (Top Buyers & High Quantity)
John Bailey,1665.44,2,245.47,832.72,1,3,Potensial (Average Spending)
John Baker,341.01,1,90.11,341.01,1,2,Kasual (Low Spending)
John Barber,53.99,1,11.58,53.99,1,2,Kasual (Low Spending)
John Barker,1131.98,2,161.02,565.99,1,3,Potensial (Average Spending)
John Barnes,683.54,2,151.78,341.77,1,3,Potensial (Average Spending)
John Barrett,375.58,1,60.01,375.58,1,2,Kasual (Low Spending)
John Barry,276.7,1,97.52,276.7,1,2,Kasual (Low Spending)
John Bartlett,3264.16,4,607.36,816.04,1,1,VIP (Top Buyers & High Quantity)
John Bell,215.58,1,87.58,215.58,1,2,Kasual (Low Spending)
John Bennett,706.69,3,132.03,329.005,2,3,Potensial (Average Spending)
John Blair,904.03,1,231.54,904.03,1,2,Kasual (Low Spending)
John Booth,179.78,1,34.62,179.78,1,2,Kasual (Low Spending)
John Boyd,1119.09,3,276.48,329.605,2,0,Premium (High Spending)
John Brooks,1719.95,5,667.04,343.99,1,1,VIP (Top Buyers & High Quantity)
John Brown,1282.11,3,145.6,427.37,1,3,Potensial (Average Spending)
John Browning,3567.32,4,355.59,891.83,1,0,Premium (High Spending)
John Bryan,1244.55,3,252.3,414.85,1,0,Premium (High Spending)
John Bryant,1598.31,3,236.02,532.77,1,0,Premium (High Spending)
John Burns,695.2,2,271.96,347.6,1,3,Potensial (Average Spending)
John Burton,929.21,1,104.09,929.21,1,2,Kasual (Low Spending)
John Bush,1151.91,3,504.93,383.97,1,0,Premium (High Spending)
John Butler,923.22,3,276.57,307.74,1,0,Premium (High Spending)
John Cameron,305.43,3,70.26,101.81,1,3,Potensial (Average Spending)
John Campbell,140.29,1,45.07,140.29,1,2,Kasual (Low Spending)
John Cardenas,715.28,4,176.89,209.15999999999997,2,3,Potensial (Average Spending)
John Carson,299.98,2,92.52,149.99,2,3,Potensial (Average Spending)
John Carter,349.73,1,61.61,349.73,1,2,Kasual (Low Spending)
John Chung,342.44,1,71.21,342.44,1,2,Kasual (Low Spending)
John Clark,728.25,4,243.8,266.105,2,0,Premium (High Spending)
John Cline,985.32,2,330.19,492.66,1,3,Potensial (Average Spending)
John Cole,2560.38,4,236.92000000000002,634.7,2,0,Premium (High Spending)
John Collins,1537.78,2,168.51,768.89,1,3,Potensial (Average Spending)
John Combs,132.72,2,53.19,66.36,1,3,Potensial (Average Spending)
John Cook,447.27000000000004,2,159.04,223.63500000000002,2,3,Potensial (Average Spending)
John Cooley,205.0,2,70.66,102.5,1,3,Potensial (Average Spending)
John Cortez,483.01,1,96.5,483.01,1,2,Kasual (Low Spending)
John Cruz,3732.5,4,608.97,933.125,2,1,VIP (Top Buyers & High Quantity)
John Curry,167.76,1,68.0,167.76,1,2,Kasual (Low Spending)
John Davis,329.29,1,65.91,329.29,1,2,Kasual (Low Spending)
John Dean,1164.68,1,225.78,1164.68,1,2,Kasual (Low Spending)
John Delacruz,894.88,2,130.14,447.44,1,3,Potensial (Average Spending)
John Dunn,277.71000000000004,2,69.61000000000001,138.85500000000002,2,3,Potensial (Average Spending)
John Ellis,39.72,1,12.14,39.72,1,2,Kasual (Low Spending)
John English,57.18,1,22.59,57.18,1,2,Kasual (Low Spending)
John Escobar,1983.0,3,281.27,661.0,1,0,Premium (High Spending)
John Espinoza,435.74,2,91.89,217.87,1,3,Potensial (Average Spending)
John Estes,4494.8,4,424.26,1123.7,1,1,VIP (Top Buyers & High Quantity)
John Flores,342.66,2,99.91,171.33,1,3,Potensial (Average Spending)
John Ford,779.05,1,202.93,779.05,1,2,Kasual (Low Spending)
John Franco,679.48,1,134.95,679.48,1,2,Kasual (Low Spending)
John Frye,1144.9,5,293.6,228.98,1,0,Premium (High Spending)
John Galvan,822.56,4,222.68,205.64,1,0,Premium (High Spending)
John Garcia,248.6,1,53.91,248.6,1,2,Kasual (Low Spending)
John Gates,555.56,4,225.46,138.89,1,0,Premium (High Spending)
John George,241.41,1,113.21,241.41,1,2,Kasual (Low Spending)
John Gilmore,1436.64,2,454.86,718.32,1,0,Premium (High Spending)
John Glenn,676.64,1,106.65,676.64,1,2,Kasual (Low Spending)
John Gonzales,164.87,2,63.04,82.435,2,3,Potensial (Average Spending)
John Gordon,1086.07,1,292.07,1086.07,1,2,Kasual (Low Spending)
John Graham,1518.18,2,453.6,759.09,1,0,Premium (High Spending)
John Gray,1687.92,2,200.84,843.96,1,3,Potensial (Average Spending)
John Greene,267.92,1,56.93,267.92,1,2,Kasual (Low Spending)
John Guerrero,194.18,2,23.13,97.09,1,3,Potensial (Average Spending)
John Gutierrez,213.93,3,102.22,71.31,1,3,Potensial (Average Spending)
John Hall,281.78,2,43.48,140.89,1,3,Potensial (Average Spending)
John Hansen,90.03,1,29.84,90.03,1,2,Kasual (Low Spending)
John Harding,1413.24,3,223.98,471.08,1,0,Premium (High Spending)
John Harris,2372.45,5,654.14,474.49,1,1,VIP (Top Buyers & High Quantity)
John Hawkins,219.37,1,68.69,219.37,1,2,Kasual (Low Spending)
John Henderson,3182.44,5,383.4,726.375,2,1,VIP (Top Buyers & High Quantity)
John Ho,800.83,1,97.69,800.83,1,2,Kasual (Low Spending)
John Hodges,894.39,1,154.67,894.39,1,2,Kasual (Low Spending)
John Howard,187.44,1,62.64,187.44,1,2,Kasual (Low Spending)
John Howell,754.97,1,114.59,754.97,1,2,Kasual (Low Spending)
John Hubbard,1307.26,2,253.2,653.63,1,3,Potensial (Average Spending)
John Hunt,762.42,3,224.16,254.14,1,3,Potensial (Average Spending)
John Hunter,1104.78,3,184.05,502.815,2,3,Potensial (Average Spending)
John Ingram,147.61,1,37.05,147.61,1,2,Kasual (Low Spending)
John Jackson,2445.87,3,806.6800000000001,770.1400000000001,2,1,VIP (Top Buyers & High Quantity)
John Jacobson,210.31,1,58.78,210.31,1,2,Kasual (Low Spending)
John Jenkins,2148.27,3,303.48,716.09,1,0,Premium (High Spending)
John Jennings,621.6700000000001,2,179.85,310.83500000000004,2,3,Potensial (Average Spending)
John Jimenez,442.05,3,220.5,147.35,1,3,Potensial (Average Spending)
John Johnson,1860.0099999999998,8,528.27,233.45999999999998,7,1,VIP (Top Buyers & High Quantity)
John Johnston,222.89,1,56.44,222.89,1,2,Kasual (Low Spending)
John Jones,998.7,3,159.49,332.90000000000003,3,3,Potensial (Average Spending)
John Jones DVM,457.64,1,118.84,457.64,1,2,Kasual (Low Spending)
John Joyce,1281.86,2,255.44,640.93,1,3,Potensial (Average Spending)
John Kane,433.96,2,77.75,216.98,1,3,Potensial (Average Spending)
John Kelly,147.53,1,12.35,147.53,1,2,Kasual (Low Spending)
John Kennedy,146.83,1,22.11,146.83,1,2,Kasual (Low Spending)
John Khan,426.16,2,161.57,213.08,1,3,Potensial (Average Spending)
John King,860.25,1,74.07,860.25,1,2,Kasual (Low Spending)
John Lamb,840.93,1,91.43,840.93,1,2,Kasual (Low Spending)
John Lewis,1596.1799999999998,4,247.55,313.32,2,0,Premium (High Spending)
John Little,2358.21,3,350.22,786.07,1,0,Premium (High Spending)
John Lopez,1159.17,3,272.85,386.39,1,0,Premium (High Spending)
John Lucas,264.57,1,70.63,264.57,1,2,Kasual (Low Spending)
John Lyons,1228.2,2,296.5,614.1,1,3,Potensial (Average Spending)
John Mack,457.77,3,197.27,152.59,1,3,Potensial (Average Spending)
John Maddox,380.54,1,75.61,380.54,1,2,Kasual (Low Spending)
John Martinez,896.48,2,350.45,448.24,1,3,Potensial (Average Spending)
John Mcbride,2198.08,4,293.52,549.52,1,0,Premium (High Spending)
John Mcdonald,1151.91,3,116.22,383.97,1,3,Potensial (Average Spending)
John Mclaughlin,3173.57,7,425.14,612.885,2,1,VIP (Top Buyers & High Quantity)
John Medina,443.12,2,181.05,221.56,1,3,Potensial (Average Spending)
John Mendoza,275.4,2,98.51,137.7,1,3,Potensial (Average Spending)
John Miller,984.04,5,241.88,216.47333333333336,3,0,Premium (High Spending)
John Mills,1346.37,3,383.2,448.78999999999996,3,0,Premium (High Spending)
John Mitchell,722.06,3,272.03999999999996,252.575,2,3,Potensial (Average Spending)
John Moore,779.3399999999999,3,193.87,213.165,2,3,Potensial (Average Spending)
John Morrison,816.84,4,174.83,204.21,1,3,Potensial (Average Spending)
John Munoz,270.89,1,46.15,270.89,1,2,Kasual (Low Spending)
John Murphy,319.36,1,25.55,319.36,1,2,Kasual (Low Spending)
John Nash,697.07,1,137.24,697.07,1,2,Kasual (Low Spending)
John Newton,1001.26,2,90.78,500.63,1,3,Potensial (Average Spending)
John Nguyen,1324.11,6,468.89,209.18999999999997,3,0,Premium (High Spending)
John Ochoa,281.2,1,39.53,281.2,1,2,Kasual (Low Spending)
John Oconnor,309.12,2,119.13,154.56,1,3,Potensial (Average Spending)
John Odom,823.85,1,126.53,823.85,1,2,Kasual (Low Spending)
John Odonnell,98.33,1,25.49,98.33,1,2,Kasual (Low Spending)
John Ortega,677.28,2,182.74,338.64,1,3,Potensial (Average Spending)
John Ortiz DVM,637.05,1,83.16,637.05,1,2,Kasual (Low Spending)
John Park,1336.94,3,201.22,362.015,2,0,Premium (High Spending)
John Patterson,242.55,1,74.05,242.55,1,2,Kasual (Low Spending)
John Porter,1461.07,4,423.83,317.495,2,0,Premium (High Spending)
John Powell,1632.01,4,214.75,400.405,2,0,Premium (High Spending)
John Price,2532.4,2,615.36,1266.2,1,0,Premium (High Spending)
John Ramirez,1294.38,3,224.36,391.275,2,0,Premium (High Spending)
John Reed,515.23,1,65.92,515.23,1,2,Kasual (Low Spending)
John Richardson,1316.25,5,577.35,263.25,1,0,Premium (High Spending)
John Robertson,40.22,1,12.3,40.22,1,2,Kasual (Low Spending)
John Robinson,902.34,1,112.97,902.34,1,2,Kasual (Low Spending)
John Robles,39.56,2,9.16,19.78,1,3,Potensial (Average Spending)
John Rogers,2630.22,2,344.75,1315.11,1,0,Premium (High Spending)
John Rollins,484.14,3,95.77,161.38,1,3,Potensial (Average Spending)
John Roth,232.75,1,69.79,232.75,1,2,Kasual (Low Spending)
John Ruiz,706.94,1,134.51,706.94,1,2,Kasual (Low Spending)
John Santos,461.38,1,152.37,461.38,1,2,Kasual (Low Spending)
John Scott,568.63,1,183.69,568.63,1,2,Kasual (Low Spending)
John Shaffer,746.84,1,101.83,746.84,1,2,Kasual (Low Spending)
John Shields,839.88,2,343.37,419.94,1,3,Potensial (Average Spending)
John Sims,802.44,2,334.7,401.22,1,3,Potensial (Average Spending)
John Singh,692.88,3,339.44,230.96,1,0,Premium (High Spending)
John Smith,5949.15,10,1652.1,422.3325,4,1,VIP (Top Buyers & High Quantity)
John Smith PhD,1219.02,2,140.42,609.51,1,3,Potensial (Average Spending)
John Spencer,642.29,1,151.61,642.29,1,2,Kasual (Low Spending)
John Stevens,499.31,1,73.89,499.31,1,2,Kasual (Low Spending)
John Stewart,3491.64,5,756.3299999999999,691.6400000000001,2,1,VIP (Top Buyers & High Quantity)
John Strickland,460.48,1,196.94,460.48,1,2,Kasual (Low Spending)
John Sullivan,268.04,1,23.44,268.04,1,2,Kasual (Low Spending)
John Swanson,4825.280000000001,8,784.1500000000001,641.94,2,1,VIP (Top Buyers & High Quantity)
John Taylor,2373.3,4,471.24,593.325,2,0,Premium (High Spending)
John Tran,187.17,3,88.32,62.39,1,3,Potensial (Average Spending)
John Trujillo,64.74,2,18.17,32.37,1,3,Potensial (Average Spending)
John Underwood,1278.53,1,162.97,1278.53,1,2,Kasual (Low Spending)
John Vaughn,128.86,1,35.7,128.86,1,2,Kasual (Low Spending)
John Ward,168.88,2,60.29,84.44,1,3,Potensial (Average Spending)
John Watson,2718.25,5,454.6,543.65,1,1,VIP (Top Buyers & High Quantity)
John Webb,430.77,1,116.16,430.77,1,2,Kasual (Low Spending)
John Weber,302.58,2,103.61,151.29,1,3,Potensial (Average Spending)
John White,106.89,1,29.32,106.89,1,2,Kasual (Low Spending)
John Williams,5004.58,6,607.7,675.6733333333333,3,1,VIP (Top Buyers & High Quantity)
John Wilson,1056.1,2,173.93,528.05,1,3,Potensial (Average Spending)
John Wolfe,4571.35,5,945.17,914.27,1,1,VIP (Top Buyers & High Quantity)
John Wood,875.0,2,222.67000000000002,437.5,2,3,Potensial (Average Spending)
John Young,201.63,3,39.77,67.21,1,3,Potensial (Average Spending)
Johnathan Carter,2078.49,3,180.95,692.83,1,0,Premium (High Spending)
Johnathan Cooper,258.51,1,30.66,258.51,1,2,Kasual (Low Spending)
Johnathan Edwards,1109.92,2,261.59,554.96,1,3,Potensial (Average Spending)
Johnathan Gilmore,720.53,1,169.3,720.53,1,2,Kasual (Low Spending)
Johnathan Perkins,88.71,1,40.84,88.71,1,2,Kasual (Low Spending)
Johnathan Shaw,730.94,1,106.69,730.94,1,2,Kasual (Low Spending)
Johnathan Sparks,118.13,1,24.27,118.13,1,2,Kasual (Low Spending)
Johnathan Turner,643.46,2,233.5,321.73,1,3,Potensial (Average Spending)
Johnny Aguirre,371.24,1,88.88,371.24,1,2,Kasual (Low Spending)
Johnny Church,524.95,1,145.3,524.95,1,2,Kasual (Low Spending)
Johnny Collins,498.7,2,168.46,249.35,1,3,Potensial (Average Spending)
Johnny Crawford,994.14,3,225.62,331.38,1,3,Potensial (Average Spending)
Johnny Faulkner,760.67,1,110.14,760.67,1,2,Kasual (Low Spending)
Johnny Foley,425.92,1,141.87,425.92,1,2,Kasual (Low Spending)
Johnny Hernandez,536.9,2,81.11,268.45,1,3,Potensial (Average Spending)
Johnny Ramirez,243.98,2,69.24,121.99,1,3,Potensial (Average Spending)
Johnny Richardson,1086.32,2,214.35,543.16,1,3,Potensial (Average Spending)
Johnny Wang,446.84,2,134.16,223.42,1,3,Potensial (Average Spending)
Johnny Wilson,1579.78,2,143.31,789.89,1,3,Potensial (Average Spending)
Jon Anderson,747.74,2,221.53,373.87,1,3,Potensial (Average Spending)
Jon Cox,1615.66,2,251.41,807.83,1,3,Potensial (Average Spending)
Jon Evans,968.0,4,228.46,242.0,2,0,Premium (High Spending)
Jon Fuller,942.99,3,239.0,314.33,1,3,Potensial (Average Spending)
Jon Greene,1522.2,2,388.51,761.1,1,0,Premium (High Spending)
Jon Jones,1503.94,2,243.96,751.97,1,3,Potensial (Average Spending)
Jon Little,104.02,1,48.07,104.02,1,2,Kasual (Low Spending)
Jon Mann,752.26,2,61.74,376.13,1,3,Potensial (Average Spending)
Jon Payne,2289.04,2,670.38,1144.52,1,0,Premium (High Spending)
Jon Roberts,675.9,5,215.3,135.18,1,0,Premium (High Spending)
Jon Shaw,815.48,4,284.48,203.87,1,0,Premium (High Spending)
Jon Whitaker,957.44,2,144.36,478.72,1,3,Potensial (Average Spending)
Jonathan Alvarez,1229.16,2,429.14,614.58,1,0,Premium (High Spending)
Jonathan Andrade,1393.76,4,124.44,348.44,1,0,Premium (High Spending)
Jonathan Armstrong,709.64,4,91.02,177.41,1,3,Potensial (Average Spending)
Jonathan Bailey,121.39,1,55.25,121.39,1,2,Kasual (Low Spending)
Jonathan Boyd MD,72.88,1,35.14,72.88,1,2,Kasual (Low Spending)
Jonathan Bray,87.18,1,18.43,87.18,1,2,Kasual (Low Spending)
Jonathan Carter,876.84,3,232.12,292.28,1,3,Potensial (Average Spending)
Jonathan Chambers,90.14,1,36.82,90.14,1,2,Kasual (Low Spending)
Jonathan Clark,580.24,4,141.82,145.06,1,3,Potensial (Average Spending)
Jonathan Cobb,342.51,1,65.7,342.51,1,2,Kasual (Low Spending)
Jonathan Cooper,315.9,2,103.79,157.95,1,3,Potensial (Average Spending)
Jonathan Curry,470.2,2,109.69,235.1,1,3,Potensial (Average Spending)
Jonathan Davis,2981.96,4,531.78,745.49,1,1,VIP (Top Buyers & High Quantity)
Jonathan Estrada,208.54,2,71.54,104.27,1,3,Potensial (Average Spending)
Jonathan Evans,193.13,1,25.79,193.13,1,2,Kasual (Low Spending)
Jonathan Fernandez,482.91,3,168.38,160.97,1,3,Potensial (Average Spending)
Jonathan Figueroa,360.92,2,97.66,180.46,1,3,Potensial (Average Spending)
Jonathan Fitzgerald Jr.,945.93,1,123.2,945.93,1,2,Kasual (Low Spending)
Jonathan Foley,339.26,2,130.61,169.63,1,3,Potensial (Average Spending)
Jonathan Frazier,78.29,1,24.99,78.29,1,2,Kasual (Low Spending)
Jonathan French,279.84,4,116.26,69.96,1,3,Potensial (Average Spending)
Jonathan Frost,470.98,2,141.27,235.49,1,3,Potensial (Average Spending)
Jonathan Garrett,219.69,3,54.57,73.23,1,3,Potensial (Average Spending)
Jonathan Gonzalez,316.86,2,86.35,158.43,1,3,Potensial (Average Spending)
Jonathan Goodwin,4132.75,5,508.48,826.55,1,1,VIP (Top Buyers & High Quantity)
Jonathan Green,65.94,1,16.68,65.94,1,2,Kasual (Low Spending)
Jonathan Hall,105.52,1,30.9,105.52,1,2,Kasual (Low Spending)
Jonathan Hardy,245.64,1,51.63,245.64,1,2,Kasual (Low Spending)
Jonathan Harris,565.04,1,148.85,565.04,1,2,Kasual (Low Spending)
Jonathan Hendrix,245.89,1,81.8,245.89,1,2,Kasual (Low Spending)
Jonathan Henry,203.96,1,54.56,203.96,1,2,Kasual (Low Spending)
Jonathan Hernandez,908.66,4,254.54000000000002,227.165,2,0,Premium (High Spending)
Jonathan Hooper,1254.6,3,305.76,418.2,1,0,Premium (High Spending)
Jonathan Humphrey,329.91,1,76.01,329.91,1,2,Kasual (Low Spending)
Jonathan Jackson,318.27,1,73.22,318.27,1,2,Kasual (Low Spending)
Jonathan Jones,585.24,1,69.14,585.24,1,2,Kasual (Low Spending)
Jonathan Kaufman,940.75,2,156.17000000000002,470.375,2,3,Potensial (Average Spending)
Jonathan Knapp,181.37,1,60.5,181.37,1,2,Kasual (Low Spending)
Jonathan Lamb,193.13,1,26.9,193.13,1,2,Kasual (Low Spending)
Jonathan Le,655.61,1,107.04,655.61,1,2,Kasual (Low Spending)
Jonathan Lindsey,80.49,1,38.96,80.49,1,2,Kasual (Low Spending)
Jonathan Lopez,2314.11,3,350.85,771.37,1,0,Premium (High Spending)
Jonathan Lynch,773.43,3,235.89,257.81,1,3,Potensial (Average Spending)
Jonathan Martinez,109.18,1,24.82,109.18,1,2,Kasual (Low Spending)
Jonathan Massey,304.82,1,33.29,304.82,1,2,Kasual (Low Spending)
Jonathan Mcclain,966.27,3,420.55,322.09,1,0,Premium (High Spending)
Jonathan Miranda DVM,1279.17,3,265.27,426.39,1,0,Premium (High Spending)
Jonathan Morris,793.46,1,70.91,793.46,1,2,Kasual (Low Spending)
Jonathan Nguyen,617.01,3,224.8,205.67,1,3,Potensial (Average Spending)
Jonathan Owen,1248.28,2,206.42,624.14,1,3,Potensial (Average Spending)
Jonathan Perez,84.79,1,17.53,84.79,1,2,Kasual (Low Spending)
Jonathan Price,392.2,1,47.53,392.2,1,2,Kasual (Low Spending)
Jonathan Ramos,247.66,1,65.62,247.66,1,2,Kasual (Low Spending)
Jonathan Rangel,371.99,1,55.87,371.99,1,2,Kasual (Low Spending)
Jonathan Richardson,299.17,1,102.62,299.17,1,2,Kasual (Low Spending)
Jonathan Robertson,183.62,2,82.37,91.81,1,3,Potensial (Average Spending)
Jonathan Sandoval,413.68,1,109.79,413.68,1,2,Kasual (Low Spending)
Jonathan Smith,178.51,1,35.23,178.51,1,2,Kasual (Low Spending)
Jonathan Stevens,341.19,3,150.45,113.73,1,3,Potensial (Average Spending)
Jonathan Stevenson,73.8,1,36.54,73.8,1,2,Kasual (Low Spending)
Jonathan Stewart,2257.29,3,771.81,752.43,1,1,VIP (Top Buyers & High Quantity)
Jonathan Walker,1688.06,2,240.07,844.03,1,3,Potensial (Average Spending)
Jonathan Weeks,525.86,1,138.87,525.86,1,2,Kasual (Low Spending)
Jonathan Wilson,533.35,1,110.41,533.35,1,2,Kasual (Low Spending)
Jonathan Wright,345.46,1,142.97,345.46,1,2,Kasual (Low Spending)
Jonathan Yoder,615.96,4,257.84,153.99,1,0,Premium (High Spending)
Jonathan Young,719.37,1,79.95,719.37,1,2,Kasual (Low Spending)
Jonathon Chase,444.91,1,66.75,444.91,1,2,Kasual (Low Spending)
Jonathon Cisneros,354.18,2,101.52,177.09,1,3,Potensial (Average Spending)
Jonathon George,847.83,3,301.95,282.61,1,0,Premium (High Spending)
Jonathon Holden,177.69,1,19.02,177.69,1,2,Kasual (Low Spending)
Jonathon Nichols,776.38,1,78.21,776.38,1,2,Kasual (Low Spending)
Jonathon Tyler,2017.28,2,169.96,1008.64,1,3,Potensial (Average Spending)
Jonathon Wiley,1187.96,2,102.33,593.98,1,3,Potensial (Average Spending)
Jordan Allen,77.82,3,26.07,25.94,1,3,Potensial (Average Spending)
Jordan Anderson,1632.02,2,311.5,816.01,1,0,Premium (High Spending)
Jordan Anderson DDS,404.98,1,168.62,404.98,1,2,Kasual (Low Spending)
Jordan Baker,623.4,1,194.0,623.4,1,2,Kasual (Low Spending)
Jordan Barber,1303.72,4,195.6,325.93,1,0,Premium (High Spending)
Jordan Bell,3751.6,4,595.94,937.9,1,1,VIP (Top Buyers & High Quantity)
Jordan Bennett,190.44,1,45.92,190.44,1,2,Kasual (Low Spending)
Jordan Benton,2584.8,5,352.24,516.96,1,0,Premium (High Spending)
Jordan Bush,328.59,1,118.87,328.59,1,2,Kasual (Low Spending)
Jordan Carpenter,290.46,2,34.72,145.23,1,3,Potensial (Average Spending)
Jordan Carr,257.64,2,110.12,128.82,1,3,Potensial (Average Spending)
Jordan Crawford,712.44,3,211.96,237.48,1,3,Potensial (Average Spending)
Jordan Daniels,988.19,1,255.94,988.19,1,2,Kasual (Low Spending)
Jordan Diaz,208.24,1,17.85,208.24,1,2,Kasual (Low Spending)
Jordan Fitzgerald,577.58,2,99.47,288.79,1,3,Potensial (Average Spending)
Jordan Goodman,792.27,3,324.12,264.09,1,0,Premium (High Spending)
Jordan Gordon,725.7,5,241.08,145.14,1,0,Premium (High Spending)
Jordan Harvey,102.96,1,32.49,102.96,1,2,Kasual (Low Spending)
Jordan Herrera,88.1,1,19.85,88.1,1,2,Kasual (Low Spending)
Jordan Hicks,563.72,4,281.73,140.93,1,0,Premium (High Spending)
Jordan Love,795.68,1,96.83,795.68,1,2,Kasual (Low Spending)
Jordan Miller,2323.35,3,277.13,774.45,1,0,Premium (High Spending)
Jordan Moore,1293.54,2,150.76,646.77,1,3,Potensial (Average Spending)
Jordan Murphy,145.84,2,63.82,72.92,1,3,Potensial (Average Spending)
Jordan Oneal,305.76,4,108.96,76.44,1,3,Potensial (Average Spending)
Jordan Osborn,637.38,3,106.68,212.46,1,3,Potensial (Average Spending)
Jordan Perez,229.49,1,75.76,229.49,1,2,Kasual (Low Spending)
Jordan Reed,173.76,2,42.92,86.88,1,3,Potensial (Average Spending)
Jordan Rodriguez,959.6199999999999,4,320.24,239.90499999999997,2,0,Premium (High Spending)
Jordan Ruiz,638.7,3,195.17,212.9,1,3,Potensial (Average Spending)
Jordan Scott,326.37,3,83.72,108.79,1,3,Potensial (Average Spending)
Jordan Smith,607.92,3,246.95,202.64,1,3,Potensial (Average Spending)
Jordan Thompson,442.04,1,73.86,442.04,1,2,Kasual (Low Spending)
Jordan Tran,119.75,1,39.03,119.75,1,2,Kasual (Low Spending)
Jordan Valencia,245.2,1,74.18,245.2,1,2,Kasual (Low Spending)
Jordan Vincent,415.67,1,143.39,415.67,1,2,Kasual (Low Spending)
Jordan Walker MD,476.45,5,160.26,95.29,1,0,Premium (High Spending)
Jordan Weaver,375.58,2,98.63,187.79,1,3,Potensial (Average Spending)
Jordan White,153.09,1,53.31,153.09,1,2,Kasual (Low Spending)
Jordan Williams,203.16,1,58.69,203.16,1,2,Kasual (Low Spending)
Jordan Wolf,130.2,1,38.45,130.2,1,2,Kasual (Low Spending)
Jordan Zamora,901.13,1,159.04,901.13,1,2,Kasual (Low Spending)
Jorge Austin,1187.85,3,194.86,395.95,1,3,Potensial (Average Spending)
Jorge Burch,892.84,2,97.63,446.42,1,3,Potensial (Average Spending)
Jorge Burke,225.67,1,46.28,225.67,1,2,Kasual (Low Spending)
Jorge Contreras,117.12,1,53.36,117.12,1,2,Kasual (Low Spending)
Jorge Cooper,277.28,1,79.97,277.28,1,2,Kasual (Low Spending)
Jorge Franklin,93.47,1,32.69,93.47,1,2,Kasual (Low Spending)
Jorge Gardner,2293.05,3,609.49,764.35,1,0,Premium (High Spending)
Jorge Hart,102.01,1,26.93,102.01,1,2,Kasual (Low Spending)
Jorge Jackson,581.2,4,273.72,145.3,1,0,Premium (High Spending)
Jorge Lyons,566.07,1,91.1,566.07,1,2,Kasual (Low Spending)
Jorge Rivera,811.62,2,265.26,405.81,1,3,Potensial (Average Spending)
Jorge Sandoval,175.01,1,34.58,175.01,1,2,Kasual (Low Spending)
Jorge Taylor,1367.72,2,401.59,683.86,1,0,Premium (High Spending)
Jorge Webb,640.14,2,282.67,320.07,1,3,Potensial (Average Spending)
Jorge Williams,888.5,5,323.8,177.7,1,0,Premium (High Spending)
Jose Adams,172.56,2,64.0,86.28,1,3,Potensial (Average Spending)
Jose Anderson,1143.24,4,317.56,285.95666666666665,3,0,Premium (High Spending)
Jose Atkins,372.48,3,157.93,124.16,1,3,Potensial (Average Spending)
Jose Baker,1906.24,2,351.49,953.12,1,0,Premium (High Spending)
Jose Campbell,2579.46,3,389.98,859.82,1,0,Premium (High Spending)
Jose Carr,240.91,1,75.83,240.91,1,2,Kasual (Low Spending)
Jose Collins,719.9699999999999,2,220.73,359.98499999999996,2,3,Potensial (Average Spending)
Jose Daniels,55.72,1,17.02,55.72,1,2,Kasual (Low Spending)
Jose Gutierrez,216.04,2,53.28,108.02,1,3,Potensial (Average Spending)
Jose Hernandez,457.92,3,99.08,152.64,1,3,Potensial (Average Spending)
Jose Hill,939.87,3,342.56,313.29,1,0,Premium (High Spending)
Jose Johnson,554.58,2,170.62,277.29,1,3,Potensial (Average Spending)
Jose Kennedy,237.37,1,56.86,237.37,1,2,Kasual (Low Spending)
Jose Mccormick,884.69,1,114.0,884.69,1,2,Kasual (Low Spending)
Jose Pace,284.31,3,78.75,94.77,1,3,Potensial (Average Spending)
Jose Perez,67.73,1,17.26,67.73,1,2,Kasual (Low Spending)
Jose Peterson,1133.43,3,270.07,377.81,1,0,Premium (High Spending)
Jose Porter,392.35,1,152.54,392.35,1,2,Kasual (Low Spending)
Jose Ramirez,430.72,2,152.15,215.36,1,3,Potensial (Average Spending)
Jose Ray,3720.9,6,302.8,620.15,1,1,VIP (Top Buyers & High Quantity)
Jose Reynolds,94.03,1,35.45,94.03,1,2,Kasual (Low Spending)
Jose Rice,642.08,1,101.64,642.08,1,2,Kasual (Low Spending)
Jose Riddle,97.03,1,24.24,97.03,1,2,Kasual (Low Spending)
Jose Robinson,2300.79,3,514.57,766.93,1,0,Premium (High Spending)
Jose Shepherd,1637.68,4,482.47,409.42,1,0,Premium (High Spending)
Jose Sherman,583.77,3,204.27,194.59,1,3,Potensial (Average Spending)
Jose Smith MD,167.82,3,67.96,55.94,1,3,Potensial (Average Spending)
Jose Sutton,325.18,1,129.18,325.18,1,2,Kasual (Low Spending)
Jose Terry,1066.5,2,251.78,533.25,1,3,Potensial (Average Spending)
Jose Torres,253.49,1,84.84,253.49,1,2,Kasual (Low Spending)
Jose Warner,726.12,3,309.1,242.04,1,0,Premium (High Spending)
Jose Williams,1292.94,3,238.74,444.32,2,0,Premium (High Spending)
Jose Wilson,251.92,1,107.55,251.92,1,2,Kasual (Low Spending)
Jose Yang,839.98,2,182.64,419.99,1,3,Potensial (Average Spending)
Joseph Adams,133.38,1,27.07,133.38,1,2,Kasual (Low Spending)
Joseph Allen,845.53,1,136.92,845.53,1,2,Kasual (Low Spending)
Joseph Alvarez,228.69,1,53.75,228.69,1,2,Kasual (Low Spending)
Joseph Baker,191.03,1,57.9,191.03,1,2,Kasual (Low Spending)
Joseph Bell,1550.08,4,494.17,387.52,1,0,Premium (High Spending)
Joseph Bentley,254.64,2,85.71,127.32,1,3,Potensial (Average Spending)
Joseph Berg,187.08,1,47.8,187.08,1,2,Kasual (Low Spending)
Joseph Bishop,309.0,1,101.13,309.0,1,2,Kasual (Low Spending)
Joseph Brady,1802.8,2,164.18,901.4,1,3,Potensial (Average Spending)
Joseph Brewer,4054.48,4,1100.25,1013.62,1,1,VIP (Top Buyers & High Quantity)
Joseph Brown,523.2,2,129.82999999999998,261.6,2,3,Potensial (Average Spending)
Joseph Burns,1864.35,3,266.24,621.45,1,0,Premium (High Spending)
Joseph Burton,575.22,1,74.31,575.22,1,2,Kasual (Low Spending)
Joseph Butler,234.39,3,89.17,78.13,1,3,Potensial (Average Spending)
Joseph Cannon,364.24,4,91.45,91.06,1,3,Potensial (Average Spending)
Joseph Cantu,2524.84,4,716.62,631.21,1,1,VIP (Top Buyers & High Quantity)
Joseph Carter,673.71,1,157.08,673.71,1,2,Kasual (Low Spending)
Joseph Clark,917.32,4,289.18,240.23666666666668,3,0,Premium (High Spending)
Joseph Compton,230.89,1,69.96,230.89,1,2,Kasual (Low Spending)
Joseph Crawford,842.96,2,245.66,421.48,1,3,Potensial (Average Spending)
Joseph Davidson,257.15,1,56.37,257.15,1,2,Kasual (Low Spending)
Joseph Ferguson,993.88,1,141.33,993.88,1,2,Kasual (Low Spending)
Joseph Fernandez,1227.06,2,165.85,613.53,1,3,Potensial (Average Spending)
Joseph Garcia,180.68,2,60.97,90.34,1,3,Potensial (Average Spending)
Joseph Garza,237.87,1,89.6,237.87,1,2,Kasual (Low Spending)
Joseph Gonzalez,414.28,1,65.27,414.28,1,2,Kasual (Low Spending)
Joseph Graham,60.5,2,26.34,30.25,1,3,Potensial (Average Spending)
Joseph Hall,1512.77,4,339.17,508.665,2,0,Premium (High Spending)
Joseph Hampton,249.0,4,57.71,62.25,1,3,Potensial (Average Spending)
Joseph Harris,2295.24,4,570.38,509.00666666666666,3,0,Premium (High Spending)
Joseph Hatfield,630.12,3,246.04,210.04,1,3,Potensial (Average Spending)
Joseph Hernandez,1400.49,3,383.4,466.83,1,0,Premium (High Spending)
Joseph Houston,345.38,1,104.41,345.38,1,2,Kasual (Low Spending)
Joseph Howard,380.49,1,139.83,380.49,1,2,Kasual (Low Spending)
Joseph Johnson,2008.96,8,491.22,249.35,5,1,VIP (Top Buyers & High Quantity)
Joseph Jones,2263.47,3,604.31,779.2149999999999,2,0,Premium (High Spending)
Joseph Larson,347.26,1,153.12,347.26,1,2,Kasual (Low Spending)
Joseph Le,57.34,1,17.51,57.34,1,2,Kasual (Low Spending)
Joseph Lee,2417.5,5,439.13,407.57,3,0,Premium (High Spending)
Joseph Lewis,380.66,2,48.5,190.33,1,3,Potensial (Average Spending)
Joseph Logan,107.74,2,47.36,53.87,1,3,Potensial (Average Spending)
Joseph Lopez,71.67,1,21.4,71.67,1,2,Kasual (Low Spending)
Joseph Lutz,608.04,2,145.06,304.02,1,3,Potensial (Average Spending)
Joseph Mathews,50.26,1,15.01,50.26,1,2,Kasual (Low Spending)
Joseph Meyers,215.73,1,99.13,215.73,1,2,Kasual (Low Spending)
Joseph Mitchell,897.52,1,82.98,897.52,1,2,Kasual (Low Spending)
Joseph Moore,1242.5,2,332.7,621.25,2,0,Premium (High Spending)
Joseph Navarro,957.44,1,132.73,957.44,1,2,Kasual (Low Spending)
Joseph Nicholson,967.92,2,249.31,483.96,1,3,Potensial (Average Spending)
Joseph Orozco,770.13,1,94.58,770.13,1,2,Kasual (Low Spending)
Joseph Ortega,614.84,2,149.4,307.42,1,3,Potensial (Average Spending)
Joseph Ortiz,545.99,1,50.22,545.99,1,2,Kasual (Low Spending)
Joseph Peterson,1322.52,2,339.55,661.26,1,0,Premium (High Spending)
Joseph Phillips,1059.4,1,275.11,1059.4,1,2,Kasual (Low Spending)
Joseph Powell,528.02,2,86.73,264.01,1,3,Potensial (Average Spending)
Joseph Quinn,894.48,2,107.89,447.24,1,3,Potensial (Average Spending)
Joseph Reyes,537.05,1,69.34,537.05,1,2,Kasual (Low Spending)
Joseph Reynolds,574.55,1,47.89,574.55,1,2,Kasual (Low Spending)
Joseph Riggs,180.87,1,45.63,180.87,1,2,Kasual (Low Spending)
Joseph Robinson,2806.39,3,443.44,908.415,2,0,Premium (High Spending)
Joseph Rogers,1928.23,3,377.71000000000004,704.75,2,0,Premium (High Spending)
Joseph Santiago Jr.,398.0,1,128.85,398.0,1,2,Kasual (Low Spending)
Joseph Schmidt PhD,250.66,1,53.15,250.66,1,2,Kasual (Low Spending)
Joseph Schneider,1552.59,5,384.28,237.495,2,0,Premium (High Spending)
Joseph Scott,111.49,1,33.07,111.49,1,2,Kasual (Low Spending)
Joseph Sexton,653.28,3,89.74,217.76,1,3,Potensial (Average Spending)
Joseph Simmons,1478.27,3,302.39,412.195,2,0,Premium (High Spending)
Joseph Smith,3261.79,6,551.19,558.16,4,1,VIP (Top Buyers & High Quantity)
Joseph Spencer DDS,1408.74,2,343.02,704.37,1,0,Premium (High Spending)
Joseph Stark,160.41,3,69.17,53.47,1,3,Potensial (Average Spending)
Joseph Stout,1211.88,4,268.41,302.97,1,0,Premium (High Spending)
Joseph Taylor,1722.42,3,297.23,574.14,1,0,Premium (High Spending)
Joseph Thomas,589.2,3,58.66,196.4,1,3,Potensial (Average Spending)
Joseph Thompson,2595.03,5,775.67,368.865,2,1,VIP (Top Buyers & High Quantity)
Joseph Turner,85.28,1,18.45,85.28,1,2,Kasual (Low Spending)
Joseph Vazquez,256.84,4,57.13,64.21,1,3,Potensial (Average Spending)
Joseph Vega,785.3,2,311.37,392.65,1,3,Potensial (Average Spending)
Joseph Velazquez,291.09,1,42.46,291.09,1,2,Kasual (Low Spending)
Joseph Villarreal,818.28,4,80.97,204.57,1,3,Potensial (Average Spending)
Joseph Wagner,1128.89,2,191.34,564.445,2,3,Potensial (Average Spending)
Joseph Wall,117.78,1,42.32,117.78,1,2,Kasual (Low Spending)
Joseph Walters,192.99,1,64.5,192.99,1,2,Kasual (Low Spending)
Joseph White,154.49,1,32.86,154.49,1,2,Kasual (Low Spending)
Joseph Williams,750.18,2,248.68,375.09,1,3,Potensial (Average Spending)
Joseph Wilson,281.12,4,87.58,70.28,1,3,Potensial (Average Spending)
Joseph Winters,232.02,1,67.01,232.02,1,2,Kasual (Low Spending)
Joseph Wong,825.96,4,358.23,206.49,1,0,Premium (High Spending)
Joseph Woods,480.39,3,162.89,160.13,1,3,Potensial (Average Spending)
Joseph Wright,88.3,1,30.21,88.3,1,2,Kasual (Low Spending)
Joseph Young,1444.33,7,357.57,205.09,2,0,Premium (High Spending)
Joshua Acevedo,5021.8,5,575.31,1004.36,1,1,VIP (Top Buyers & High Quantity)
Joshua Anderson,1483.62,2,148.73,741.81,1,3,Potensial (Average Spending)
Joshua Arias,1762.3700000000001,5,356.85,400.89,2,0,Premium (High Spending)
Joshua Baldwin,509.11,1,69.51,509.11,1,2,Kasual (Low Spending)
Joshua Barnes,368.07,1,138.07,368.07,1,2,Kasual (Low Spending)
Joshua Bentley,1678.52,2,317.06,839.26,1,0,Premium (High Spending)
Joshua Bowers,636.92,1,120.28,636.92,1,2,Kasual (Low Spending)
Joshua Brady,199.45,1,87.94,199.45,1,2,Kasual (Low Spending)
Joshua Brown,3186.45,8,604.51,527.0225,4,1,VIP (Top Buyers & High Quantity)
Joshua Burton,987.96,3,248.97,329.32,1,3,Potensial (Average Spending)
Joshua Byrd,246.06,3,73.89,82.02,1,3,Potensial (Average Spending)
Joshua Caldwell,771.14,2,139.63,385.57,1,3,Potensial (Average Spending)
Joshua Campbell,1750.2,3,487.43,583.4,1,0,Premium (High Spending)
Joshua Carroll,1166.72,4,343.35,291.68,1,0,Premium (High Spending)
Joshua Carter,286.24,1,115.1,286.24,1,2,Kasual (Low Spending)
Joshua Chaney,619.05,1,113.52,619.05,1,2,Kasual (Low Spending)
Joshua Chavez,164.9,2,73.82,82.45,1,3,Potensial (Average Spending)
Joshua Chavez II,163.06,1,70.17,163.06,1,2,Kasual (Low Spending)
Joshua Cook,506.33000000000004,4,139.0,143.965,2,3,Potensial (Average Spending)
Joshua Cowan,521.66,1,95.83,521.66,1,2,Kasual (Low Spending)
Joshua Cox,83.99,1,18.73,83.99,1,2,Kasual (Low Spending)
Joshua Davis,81.11,1,16.23,81.11,1,2,Kasual (Low Spending)
Joshua Dean,480.76,1,112.36,480.76,1,2,Kasual (Low Spending)
Joshua Duarte,267.52,2,85.88,133.76,1,3,Potensial (Average Spending)
Joshua Ellis,392.37,1,131.86,392.37,1,2,Kasual (Low Spending)
Joshua Evans,552.14,1,125.32,552.14,1,2,Kasual (Low Spending)
Joshua Ferguson,1135.02,2,145.81,567.51,1,3,Potensial (Average Spending)
Joshua Flores,373.37,1,110.74,373.37,1,2,Kasual (Low Spending)
Joshua Ford,101.01,1,43.23,101.01,1,2,Kasual (Low Spending)
Joshua Garcia,403.66,1,80.16,403.66,1,2,Kasual (Low Spending)
Joshua Garza,612.09,1,80.5,612.09,1,2,Kasual (Low Spending)
Joshua Gay,2366.07,3,490.1,788.69,1,0,Premium (High Spending)
Joshua Green,937.22,1,290.69,937.22,1,2,Kasual (Low Spending)
Joshua Greene,214.0,1,79.07,214.0,1,2,Kasual (Low Spending)
Joshua Hamilton,1521.72,4,517.49,380.43,1,0,Premium (High Spending)
Joshua Hardin,1920.75,3,625.06,640.25,1,0,Premium (High Spending)
Joshua Henderson,220.06,2,64.09,110.03,1,3,Potensial (Average Spending)
Joshua Hernandez,180.82,1,37.48,180.82,1,2,Kasual (Low Spending)
Joshua Hill,3262.6,4,1086.71,815.65,1,1,VIP (Top Buyers & High Quantity)
Joshua Hunter,824.54,1,245.52,824.54,1,2,Kasual (Low Spending)
Joshua Johnson,2163.3,5,253.26,361.38,2,0,Premium (High Spending)
Joshua Jones,368.81,1,123.58,368.81,1,2,Kasual (Low Spending)
Joshua Kelly DDS,213.18,1,56.5,213.18,1,2,Kasual (Low Spending)
Joshua Kim,4222.85,5,588.78,844.57,1,1,VIP (Top Buyers & High Quantity)
Joshua King,614.21,1,201.94,614.21,1,2,Kasual (Low Spending)
Joshua Le,717.12,2,153.18,358.56,1,3,Potensial (Average Spending)
Joshua Lee,628.05,1,119.66,628.05,1,2,Kasual (Low Spending)
Joshua Lindsey,307.53,1,124.2,307.53,1,2,Kasual (Low Spending)
Joshua Livingston,525.45,1,81.47,525.45,1,2,Kasual (Low Spending)
Joshua Logan,145.4,1,38.63,145.4,1,2,Kasual (Low Spending)
Joshua Manning,1868.4,3,259.95,622.8,1,0,Premium (High Spending)
Joshua Martin Jr.,44.42,2,14.63,22.21,1,3,Potensial (Average Spending)
Joshua Martinez,723.11,1,98.78,723.11,1,2,Kasual (Low Spending)
Joshua Massey,719.4,1,162.97,719.4,1,2,Kasual (Low Spending)
Joshua Mathews,71.1,1,35.05,71.1,1,2,Kasual (Low Spending)
Joshua Mcguire,123.45,1,42.48,123.45,1,2,Kasual (Low Spending)
Joshua Mcintosh,578.33,1,47.43,578.33,1,2,Kasual (Low Spending)
Joshua Mcintyre,953.44,2,200.51,476.72,1,3,Potensial (Average Spending)
Joshua Meza,99.24,2,19.97,49.62,1,3,Potensial (Average Spending)
Joshua Miller,365.24,3,115.95,138.06,2,3,Potensial (Average Spending)
Joshua Moore,571.4,1,195.05,571.4,1,2,Kasual (Low Spending)
Joshua Morgan,1461.39,3,189.77,487.13,1,0,Premium (High Spending)
Joshua Murphy,2030.76,3,267.21,676.92,1,0,Premium (High Spending)
Joshua Myers,807.16,1,64.84,807.16,1,2,Kasual (Low Spending)
Joshua Nelson,1233.78,2,248.58999999999997,616.89,2,3,Potensial (Average Spending)
Joshua Nunez,1050.4,5,277.58,210.08,1,0,Premium (High Spending)
Joshua Odonnell,669.91,1,104.65,669.91,1,2,Kasual (Low Spending)
Joshua Ortega,616.28,2,203.74,308.14,1,3,Potensial (Average Spending)
Joshua Osborne,540.38,1,188.76,540.38,1,2,Kasual (Low Spending)
Joshua Pena,183.8,1,58.35,183.8,1,2,Kasual (Low Spending)
Joshua Peters,424.25,1,172.25,424.25,1,2,Kasual (Low Spending)
Joshua Pierce,301.36,1,135.46,301.36,1,2,Kasual (Low Spending)
Joshua Ramirez,729.56,4,313.61,182.39,1,0,Premium (High Spending)
Joshua Reeves,211.78,2,58.9,105.89,1,3,Potensial (Average Spending)
Joshua Rice,4310.15,5,1270.01,862.03,1,1,VIP (Top Buyers & High Quantity)
Joshua Richmond,1833.54,2,271.62,916.77,1,0,Premium (High Spending)
Joshua Riddle,705.78,2,274.93,352.89,1,3,Potensial (Average Spending)
Joshua Rivera,874.37,1,270.38,874.37,1,2,Kasual (Low Spending)
Joshua Rogers,864.6,2,266.19,432.3,1,3,Potensial (Average Spending)
Joshua Romero,348.78,3,122.47,116.26,1,3,Potensial (Average Spending)
Joshua Ross,715.2,1,132.17,715.2,1,2,Kasual (Low Spending)
Joshua Sanchez,426.11,1,128.15,426.11,1,2,Kasual (Low Spending)
Joshua Sanford,332.13,1,53.27,332.13,1,2,Kasual (Low Spending)
Joshua Santiago,336.18,1,70.44,336.18,1,2,Kasual (Low Spending)
Joshua Schroeder,69.61,1,25.17,69.61,1,2,Kasual (Low Spending)
Joshua Sharp,142.37,1,36.31,142.37,1,2,Kasual (Low Spending)
Joshua Shaw,180.56,2,58.93,90.28,1,3,Potensial (Average Spending)
Joshua Simpson,2678.08,4,478.0,669.52,1,0,Premium (High Spending)
Joshua Smith,536.68,1,103.04,536.68,1,2,Kasual (Low Spending)
Joshua Stokes,1358.66,2,459.57,679.33,1,0,Premium (High Spending)
Joshua Taylor,937.26,2,103.97999999999999,468.63,2,3,Potensial (Average Spending)
Joshua Thomas,955.86,2,86.91,477.93,1,3,Potensial (Average Spending)
Joshua Walker,488.04999999999995,3,158.89,163.445,2,3,Potensial (Average Spending)
Joshua Ware,169.78,1,53.7,169.78,1,2,Kasual (Low Spending)
Joshua Washington,1132.24,2,334.5,566.12,1,3,Potensial (Average Spending)
Joshua Weaver,2062.5,2,278.93,1031.25,1,0,Premium (High Spending)
Joshua Weber,563.26,2,50.02,281.63,1,3,Potensial (Average Spending)
Joshua Williams,497.1,3,88.29,165.7,1,3,Potensial (Average Spending)
Joshua Wilson,768.22,1,132.18,768.22,1,2,Kasual (Low Spending)
Joshua Woods,668.75,1,59.25,668.75,1,2,Kasual (Low Spending)
Joshua Yang,307.47,3,99.07,102.49,1,3,Potensial (Average Spending)
Joy Collins,483.3,2,137.32,241.65,1,3,Potensial (Average Spending)
Joy Evans,140.78,1,46.2,140.78,1,2,Kasual (Low Spending)
Joy Flores,2235.18,3,306.24,745.06,1,0,Premium (High Spending)
Joy Hays,95.8,1,22.32,95.8,1,2,Kasual (Low Spending)
Joy Jones,309.12,2,52.64,154.56,1,3,Potensial (Average Spending)
Joy Lopez,2557.08,4,446.39,639.27,1,0,Premium (High Spending)
Joy Newman,399.46,2,53.93,199.73,1,3,Potensial (Average Spending)
Joy Schneider,699.56,2,270.48,349.78,1,3,Potensial (Average Spending)
Joy Watson,390.42,2,157.86,195.21,1,3,Potensial (Average Spending)
Joy Williams,2357.4,6,322.9,392.9,1,0,Premium (High Spending)
Joyce Allen,138.5,1,13.17,138.5,1,2,Kasual (Low Spending)
Joyce Evans,407.78,1,110.9,407.78,1,2,Kasual (Low Spending)
Joyce Marquez,1468.06,2,122.07,734.03,1,3,Potensial (Average Spending)
Joyce Sellers,49.32,1,14.52,49.32,1,2,Kasual (Low Spending)
Juan Brown,828.95,1,187.32,828.95,1,2,Kasual (Low Spending)
Juan Casey,471.98,1,162.91,471.98,1,2,Kasual (Low Spending)
Juan Cline,1253.28,3,194.0,417.76,1,3,Potensial (Average Spending)
Juan Costa,861.57,3,364.79,287.19,1,0,Premium (High Spending)
Juan Edwards,85.26,1,20.51,85.26,1,2,Kasual (Low Spending)
Juan Escobar,1290.65,1,215.69,1290.65,1,2,Kasual (Low Spending)
Juan Freeman,871.54,1,97.77,871.54,1,2,Kasual (Low Spending)
Juan Gregory,505.18,2,106.89,252.59,1,3,Potensial (Average Spending)
Juan Guerra,279.18,2,115.48,139.59,1,3,Potensial (Average Spending)
Juan Huff,1375.89,3,359.35,458.63,1,0,Premium (High Spending)
Juan Johnston,3500.68,4,993.02,875.17,1,1,VIP (Top Buyers & High Quantity)
Juan Jones,483.19000000000005,3,196.0,158.505,2,3,Potensial (Average Spending)
Juan Kelly,1077.33,3,133.7,359.11,1,3,Potensial (Average Spending)
Juan Lane,180.74,2,37.01,90.37,1,3,Potensial (Average Spending)
Juan Meyer,326.1,3,91.51,108.7,1,3,Potensial (Average Spending)
Juan Moran,369.01,1,43.82,369.01,1,2,Kasual (Low Spending)
Juan Moss,284.0,2,35.46,142.0,1,3,Potensial (Average Spending)
Juan Nelson,216.22,1,52.9,216.22,1,2,Kasual (Low Spending)
Juan Phillips,872.62,1,80.09,872.62,1,2,Kasual (Low Spending)
Juan Richardson,601.34,1,71.11,601.34,1,2,Kasual (Low Spending)
Juan Sawyer,786.68,2,211.45,393.34,1,3,Potensial (Average Spending)
Juan Scott,1075.84,2,154.45,537.92,1,3,Potensial (Average Spending)
Juan Smith,752.58,1,166.11,752.58,1,2,Kasual (Low Spending)
Juan Villanueva,988.98,2,118.55,494.49,1,3,Potensial (Average Spending)
Juan Wagner,1220.58,3,284.99,406.86,1,0,Premium (High Spending)
Judith Barrera,523.08,1,144.73,523.08,1,2,Kasual (Low Spending)
Judith Compton,544.8,2,224.87,272.4,1,3,Potensial (Average Spending)
Judith Cook,1179.25,5,484.1,235.85,1,0,Premium (High Spending)
Judith Hunt,501.54,2,75.7,250.77,1,3,Potensial (Average Spending)
Judith Jackson,1706.25,3,183.53,568.75,1,0,Premium (High Spending)
Judy Bell,1216.3,2,165.13,608.15,1,3,Potensial (Average Spending)
Judy Cooper,583.07,1,115.21,583.07,1,2,Kasual (Low Spending)
Judy Flores,2134.02,3,337.0,711.34,1,0,Premium (High Spending)
Judy Lewis,2587.74,2,607.32,1293.87,1,0,Premium (High Spending)
Judy Moore,544.02,3,167.49,181.34,1,3,Potensial (Average Spending)
Judy Nash,2171.25,3,312.45,723.75,1,0,Premium (High Spending)
Julia Andrews,128.48,1,63.8,128.48,1,2,Kasual (Low Spending)
Julia Bentley,4663.5,5,480.58,932.7,1,1,VIP (Top Buyers & High Quantity)
Julia Burke,69.15,1,15.8,69.15,1,2,Kasual (Low Spending)
Julia George,339.71,1,127.75,339.71,1,2,Kasual (Low Spending)
Julia Hernandez,2069.8,4,387.11,517.45,1,0,Premium (High Spending)
Julia Hines,648.81,3,167.82,216.27,1,3,Potensial (Average Spending)
Julia Hoffman,1096.92,2,96.87,548.46,1,3,Potensial (Average Spending)
Julia Kemp,168.35,1,55.33,168.35,1,2,Kasual (Low Spending)
Julia Key,1215.74,2,170.83,607.87,1,3,Potensial (Average Spending)
Julia Lee,2225.44,4,745.9,556.36,1,1,VIP (Top Buyers & High Quantity)
Julia Malone,124.85,1,22.27,124.85,1,2,Kasual (Low Spending)
Julia Mayer,551.95,1,83.5,551.95,1,2,Kasual (Low Spending)
Julia Miller,551.91,3,109.71,183.97,1,3,Potensial (Average Spending)
Julia Obrien,211.94,1,85.87,211.94,1,2,Kasual (Low Spending)
Julia Ortega,408.08,2,148.96,204.04,1,3,Potensial (Average Spending)
Julia Preston,635.88,3,143.86,211.96,1,3,Potensial (Average Spending)
Julia Rivas,323.01,1,45.29,323.01,1,2,Kasual (Low Spending)
Julia Sanchez,793.61,1,123.07,793.61,1,2,Kasual (Low Spending)
Julia Sloan,911.07,1,134.77,911.07,1,2,Kasual (Low Spending)
Julia Smith,175.35,1,45.98,175.35,1,2,Kasual (Low Spending)
Julia Wilson,280.54,1,72.65,280.54,1,2,Kasual (Low Spending)
Julian Hanna,455.5,2,177.62,227.75,1,3,Potensial (Average Spending)
Julian Hernandez,3834.9,6,820.53,639.15,1,1,VIP (Top Buyers & High Quantity)
Julian Patterson,840.22,2,329.02,420.11,1,3,Potensial (Average Spending)
Julian Solis,603.3,2,147.04,301.65,1,3,Potensial (Average Spending)
Julian Villanueva,402.58,1,133.75,402.58,1,2,Kasual (Low Spending)
Julie Anderson,1007.34,1,140.0,1007.34,1,2,Kasual (Low Spending)
Julie Andrade,426.52,1,54.28,426.52,1,2,Kasual (Low Spending)
Julie Banks,1078.98,1,142.63,1078.98,1,2,Kasual (Low Spending)
Julie Bennett,1040.7,1,174.1,1040.7,1,2,Kasual (Low Spending)
Julie Blankenship,594.18,3,110.85,198.06,1,3,Potensial (Average Spending)
Julie Carrillo,151.29,3,38.05,50.43,1,3,Potensial (Average Spending)
Julie Carter,928.14,2,243.65,464.07,1,3,Potensial (Average Spending)
Julie Cunningham,59.99,1,16.29,59.99,1,2,Kasual (Low Spending)
Julie Davila,418.6,1,174.52,418.6,1,2,Kasual (Low Spending)
Julie Deleon,51.65,1,19.55,51.65,1,2,Kasual (Low Spending)
Julie Dorsey,189.66,2,75.25,94.83,1,3,Potensial (Average Spending)
Julie Gardner,471.84,1,82.09,471.84,1,2,Kasual (Low Spending)
Julie Grant,218.9,1,54.12,218.9,1,2,Kasual (Low Spending)
Julie Grimes,3165.48,4,299.03,791.37,1,0,Premium (High Spending)
Julie Haas,416.52,3,151.81,138.84,1,3,Potensial (Average Spending)
Julie Harris,143.15,1,51.44,143.15,1,2,Kasual (Low Spending)
Julie Hester,43.06,1,15.28,43.06,1,2,Kasual (Low Spending)
Julie Howard,184.26,1,47.29,184.26,1,2,Kasual (Low Spending)
Julie Humphrey,707.95,5,330.53,141.59,1,0,Premium (High Spending)
Julie Johnson,2928.25,5,476.37,396.08,2,1,VIP (Top Buyers & High Quantity)
Julie Keller,386.39,3,174.93,127.755,2,3,Potensial (Average Spending)
Julie King,426.73,1,185.07,426.73,1,2,Kasual (Low Spending)
Julie May,3147.44,4,406.31,786.86,1,0,Premium (High Spending)
Julie Mcdonald,810.16,1,105.43,810.16,1,2,Kasual (Low Spending)
Julie Mcintosh,547.29,1,93.85,547.29,1,2,Kasual (Low Spending)
Julie Mcintyre,1326.57,3,512.73,442.19,1,0,Premium (High Spending)
Julie Mckinney,193.48,1,82.41,193.48,1,2,Kasual (Low Spending)
Julie Meza,455.5,2,125.3,227.75,1,3,Potensial (Average Spending)
Julie Miller,783.63,3,107.29,261.21,1,3,Potensial (Average Spending)
Julie Mitchell,1371.24,3,475.76,457.08,1,0,Premium (High Spending)
Julie Nelson,903.66,3,107.09,301.22,1,3,Potensial (Average Spending)
Julie Norman,372.65,1,120.05,372.65,1,2,Kasual (Low Spending)
Julie Oconnor,458.51,1,57.94,458.51,1,2,Kasual (Low Spending)
Julie Olsen,2007.81,3,681.83,669.27,1,0,Premium (High Spending)
Julie Ortiz,92.64,1,19.21,92.64,1,2,Kasual (Low Spending)
Julie Price,125.31,1,47.66,125.31,1,2,Kasual (Low Spending)
Julie Robles,364.48,2,93.84,182.24,1,3,Potensial (Average Spending)
Julie Rodgers,468.68,1,66.89,468.68,1,2,Kasual (Low Spending)
Julie Sanchez,1885.64,9,498.43,297.665,4,1,VIP (Top Buyers & High Quantity)
Julie Sanders,201.42,1,18.28,201.42,1,2,Kasual (Low Spending)
Julie Smith,1991.85,3,568.06,663.95,1,0,Premium (High Spending)
Julie Soto,414.24,2,92.25,207.12,1,3,Potensial (Average Spending)
Julie Suarez,901.52,2,248.51,450.76,1,3,Potensial (Average Spending)
Julie Taylor,468.81,1,147.79,468.81,1,2,Kasual (Low Spending)
Julie Thompson,1864.56,2,299.18,932.28,1,0,Premium (High Spending)
Julie Vasquez,341.62,1,53.04,341.62,1,2,Kasual (Low Spending)
Julie Watts,1682.2199999999998,3,372.95000000000005,676.0999999999999,2,0,Premium (High Spending)
Julie West,215.49,3,75.49,71.83,1,3,Potensial (Average Spending)
Julie Wilson,107.9,1,30.76,107.9,1,2,Kasual (Low Spending)
Julie Wood,466.28,1,78.19,466.28,1,2,Kasual (Low Spending)
Julie Woodard,904.71,1,145.19,904.71,1,2,Kasual (Low Spending)
Julie Yates,628.68,1,125.73,628.68,1,2,Kasual (Low Spending)
Julie Young,1203.72,3,481.81,401.24,1,0,Premium (High Spending)
Justin Anthony,1550.58,2,269.35,775.29,1,3,Potensial (Average Spending)
Justin Bailey,218.97,1,96.08,218.97,1,2,Kasual (Low Spending)
Justin Baker,116.88,1,31.26,116.88,1,2,Kasual (Low Spending)
Justin Ballard,164.96,1,31.0,164.96,1,2,Kasual (Low Spending)
Justin Banks,51.57,1,11.63,51.57,1,2,Kasual (Low Spending)
Justin Barry,974.76,3,131.69,324.92,1,3,Potensial (Average Spending)
Justin Boone,522.98,1,72.11,522.98,1,2,Kasual (Low Spending)
Justin Bradley,1145.26,2,134.2,572.63,1,3,Potensial (Average Spending)
Justin Bray,359.36,2,116.24,179.68,1,3,Potensial (Average Spending)
Justin Brown,943.58,2,236.82,471.79,1,3,Potensial (Average Spending)
Justin Carey,184.35,1,51.39,184.35,1,2,Kasual (Low Spending)
Justin Castro,3349.13,5,976.6200000000001,755.8900000000001,2,1,VIP (Top Buyers & High Quantity)
Justin Chambers,239.9,1,42.37,239.9,1,2,Kasual (Low Spending)
Justin Chandler,528.74,2,195.13,264.37,1,3,Potensial (Average Spending)
Justin Clark PhD,305.5,1,100.11,305.5,1,2,Kasual (Low Spending)
Justin Collier,179.32,1,61.57,179.32,1,2,Kasual (Low Spending)
Justin Collins,723.15,1,223.19,723.15,1,2,Kasual (Low Spending)
Justin Cook,877.01,1,102.19,877.01,1,2,Kasual (Low Spending)
Justin Dunn,395.82,1,60.98,395.82,1,2,Kasual (Low Spending)
Justin Erickson,2147.64,3,275.89,715.88,1,0,Premium (High Spending)
Justin Ferguson,19.77,1,5.3,19.77,1,2,Kasual (Low Spending)
Justin Fleming,398.98,1,64.03,398.98,1,2,Kasual (Low Spending)
Justin Freeman,64.77,1,32.32,64.77,1,2,Kasual (Low Spending)
Justin Gilmore,300.36,1,59.38,300.36,1,2,Kasual (Low Spending)
Justin Gomez,149.28,1,49.11,149.28,1,2,Kasual (Low Spending)
Justin Gonzalez,385.56,4,104.83,96.39,1,3,Potensial (Average Spending)
Justin Hale,67.37,1,21.33,67.37,1,2,Kasual (Low Spending)
Justin Haney,2277.6,3,410.06,759.2,1,0,Premium (High Spending)
Justin Hardin,703.59,1,90.08,703.59,1,2,Kasual (Low Spending)
Justin Horton,40.49,1,15.15,40.49,1,2,Kasual (Low Spending)
Justin Howe,365.13,1,74.1,365.13,1,2,Kasual (Low Spending)
Justin Huang,245.91,3,67.4,81.97,1,3,Potensial (Average Spending)
Justin Hughes,495.75,1,145.76,495.75,1,2,Kasual (Low Spending)
Justin Jackson,410.31,1,57.06,410.31,1,2,Kasual (Low Spending)
Justin Johnson,614.28,1,121.62,614.28,1,2,Kasual (Low Spending)
Justin Khan,509.6,2,90.4,254.8,1,3,Potensial (Average Spending)
Justin Lawrence,535.75,1,67.93,535.75,1,2,Kasual (Low Spending)
Justin Lucas,481.59,3,182.69,160.53,1,3,Potensial (Average Spending)
Justin Mack,1833.04,4,281.86,458.26,1,0,Premium (High Spending)
Justin Martin,248.24,4,101.47,62.06,1,3,Potensial (Average Spending)
Justin Mason,106.54,1,24.04,106.54,1,2,Kasual (Low Spending)
Justin Matthews,881.06,1,187.47,881.06,1,2,Kasual (Low Spending)
Justin Moody,219.68,1,54.33,219.68,1,2,Kasual (Low Spending)
Justin Moore,172.5,5,56.78,34.5,1,3,Potensial (Average Spending)
Justin Morgan,996.2,4,341.28999999999996,430.35,2,0,Premium (High Spending)
Justin Morrison DDS,369.26,2,41.83,184.63,1,3,Potensial (Average Spending)
Justin Nelson,61.01,1,26.99,61.01,1,2,Kasual (Low Spending)
Justin Nguyen,667.57,3,175.20999999999998,240.10500000000002,2,3,Potensial (Average Spending)
Justin Ortiz,768.78,2,188.76,384.39,1,3,Potensial (Average Spending)
Justin Parker,101.9,1,28.68,101.9,1,2,Kasual (Low Spending)
Justin Patterson,801.17,1,147.54,801.17,1,2,Kasual (Low Spending)
Justin Peck,769.4,2,231.13,384.7,1,3,Potensial (Average Spending)
Justin Perez,737.22,2,185.14999999999998,368.61,2,3,Potensial (Average Spending)
Justin Powers,633.93,3,145.18,211.31,1,3,Potensial (Average Spending)
Justin Ramirez,705.84,2,108.08,352.92,1,3,Potensial (Average Spending)
Justin Ramos,494.31,1,72.89,494.31,1,2,Kasual (Low Spending)
Justin Ramsey,442.77,3,90.83,147.59,1,3,Potensial (Average Spending)
Justin Riley,254.01,3,75.04,84.67,1,3,Potensial (Average Spending)
Justin Russell,138.08,1,36.34,138.08,1,2,Kasual (Low Spending)
Justin Schaefer,963.49,1,168.82,963.49,1,2,Kasual (Low Spending)
Justin Smith,2079.88,5,598.37,552.335,2,1,VIP (Top Buyers & High Quantity)
Justin Suarez,97.6,1,41.92,97.6,1,2,Kasual (Low Spending)
Justin Summers,1026.36,2,154.52,513.18,1,3,Potensial (Average Spending)
Justin Tapia,335.9,1,94.43,335.9,1,2,Kasual (Low Spending)
Justin Taylor,600.82,1,191.19,600.82,1,2,Kasual (Low Spending)
Justin Vaughan,437.9,1,124.19,437.9,1,2,Kasual (Low Spending)
Justin Villegas,407.66,2,195.42,203.83,1,3,Potensial (Average Spending)
Justin Ward,578.6800000000001,2,120.0,289.34000000000003,2,3,Potensial (Average Spending)
Justin White,1226.3,1,157.1,1226.3,1,2,Kasual (Low Spending)
Justin Wood,194.19,1,18.61,194.19,1,2,Kasual (Low Spending)
Justin Yoder,1096.43,5,363.88,221.96,2,0,Premium (High Spending)
Justin Yu,648.13,1,95.82,648.13,1,2,Kasual (Low Spending)
Kaitlin Davis,324.71,1,103.99,324.71,1,2,Kasual (Low Spending)
Kaitlin Hunter,279.9,1,118.33,279.9,1,2,Kasual (Low Spending)
Kaitlin York,485.54,2,192.81,242.77,1,3,Potensial (Average Spending)
Kaitlyn Baker,1273.56,2,382.05,636.78,1,0,Premium (High Spending)
Kaitlyn Burgess,1780.92,3,599.69,593.64,1,0,Premium (High Spending)
Kaitlyn Clark,270.38,1,69.69,270.38,1,2,Kasual (Low Spending)
Kaitlyn Davidson,167.73,1,73.91,167.73,1,2,Kasual (Low Spending)
Kaitlyn Davis,330.03,1,107.53,330.03,1,2,Kasual (Low Spending)
Kaitlyn Frank,256.86,1,89.35,256.86,1,2,Kasual (Low Spending)
Kaitlyn Hernandez,1361.7,5,254.07,272.34,1,0,Premium (High Spending)
Kaitlyn Kane,533.88,3,231.94,177.96,1,3,Potensial (Average Spending)
Kaitlyn Kelly,370.99,1,128.76,370.99,1,2,Kasual (Low Spending)
Kaitlyn Mcdowell,484.22,2,112.14,242.11,1,3,Potensial (Average Spending)
Kaitlyn Phillips,263.76,1,22.68,263.76,1,2,Kasual (Low Spending)
Kaitlyn Washington,585.15,3,277.72,195.05,1,3,Potensial (Average Spending)
Kaitlyn Wood,465.0,3,175.13,155.0,1,3,Potensial (Average Spending)
Kara Bruce,4254.36,4,1121.7,1063.59,1,1,VIP (Top Buyers & High Quantity)
Kara Copeland,646.52,2,167.27,323.26,1,3,Potensial (Average Spending)
Kara Freeman,208.16,2,82.33,104.08,1,3,Potensial (Average Spending)
Kara Gonzalez,2350.83,3,289.06,783.61,1,0,Premium (High Spending)
Kara Hill,339.69,1,34.47,339.69,1,2,Kasual (Low Spending)
Kara Jackson MD,485.12,4,93.74,121.28,1,3,Potensial (Average Spending)
Kara Johnson,722.38,1,200.0,722.38,1,2,Kasual (Low Spending)
Kara Owens,668.81,1,205.61,668.81,1,2,Kasual (Low Spending)
Kara Park,277.72,2,79.1,138.86,1,3,Potensial (Average Spending)
Kara Potter,166.72,1,41.16,166.72,1,2,Kasual (Low Spending)
Kara Rodriguez,3204.45,5,787.01,713.64,2,1,VIP (Top Buyers & High Quantity)
Kara Sanchez,708.1,1,132.85,708.1,1,2,Kasual (Low Spending)
Karen Allen,2381.28,6,591.45,396.88,1,1,VIP (Top Buyers & High Quantity)
Karen Bailey,48.02,1,17.83,48.02,1,2,Kasual (Low Spending)
Karen Baker,101.29,1,11.58,101.29,1,2,Kasual (Low Spending)
Karen Bond,1388.55,3,490.32,462.85,1,0,Premium (High Spending)
Karen Bowen,460.32,2,96.12,230.16,1,3,Potensial (Average Spending)
Karen Boyd,171.41,1,56.55,171.41,1,2,Kasual (Low Spending)
Karen Brady,804.36,2,144.34,402.18,2,3,Potensial (Average Spending)
Karen Burgess,136.4,4,53.44,34.1,1,3,Potensial (Average Spending)
Karen Crawford,971.61,3,362.72,323.87,1,0,Premium (High Spending)
Karen Cruz,1250.6,2,116.54,625.3,1,3,Potensial (Average Spending)
Karen Davidson,135.53,1,33.96,135.53,1,2,Kasual (Low Spending)
Karen Davis,442.28,2,107.47,221.14,2,3,Potensial (Average Spending)
Karen Duran,240.37,1,102.98,240.37,1,2,Kasual (Low Spending)
Karen Edwards,437.96,2,97.34,218.98,1,3,Potensial (Average Spending)
Karen Evans,818.02,1,105.01,818.02,1,2,Kasual (Low Spending)
Karen Floyd,738.4,1,145.81,738.4,1,2,Kasual (Low Spending)
Karen Foster,572.25,2,136.14,286.125,2,3,Potensial (Average Spending)
Karen Garcia,988.04,4,208.1,247.01,1,0,Premium (High Spending)
Karen Hall DDS,207.93,1,34.26,207.93,1,2,Kasual (Low Spending)
Karen Hamilton,357.45,2,154.92000000000002,178.725,2,3,Potensial (Average Spending)
Karen Haynes,306.25,1,103.83,306.25,1,2,Kasual (Low Spending)
Karen Hensley,309.41,1,89.02,309.41,1,2,Kasual (Low Spending)
Karen Hernandez,949.63,1,126.12,949.63,1,2,Kasual (Low Spending)
Karen Herring,830.79,3,171.66,276.93,1,3,Potensial (Average Spending)
Karen Howard,1046.0,2,310.66,523.0,1,3,Potensial (Average Spending)
Karen Jackson,1238.37,3,285.49,412.79,1,0,Premium (High Spending)
Karen Johnson,286.07,1,27.69,286.07,1,2,Kasual (Low Spending)
Karen Jones,2394.72,4,513.22,532.9133333333333,3,0,Premium (High Spending)
Karen Kelly,1554.4,2,245.54,777.2,1,3,Potensial (Average Spending)
Karen Lindsey,1092.48,4,365.09,273.12,1,0,Premium (High Spending)
Karen Mccormick,523.5,3,67.3,174.5,1,3,Potensial (Average Spending)
Karen Mercado,137.78,1,18.45,137.78,1,2,Kasual (Low Spending)
Karen Merritt,93.1,1,33.86,93.1,1,2,Kasual (Low Spending)
Karen Miller,532.74,3,142.82,177.58,1,3,Potensial (Average Spending)
Karen Moody MD,883.95,1,119.26,883.95,1,2,Kasual (Low Spending)
Karen Moreno,108.19,1,31.32,108.19,1,2,Kasual (Low Spending)
Karen Nelson DDS,706.66,1,115.45,706.66,1,2,Kasual (Low Spending)
Karen Newman,1294.44,2,371.92,647.22,1,0,Premium (High Spending)
Karen Oliver,601.5,2,267.36,300.75,1,3,Potensial (Average Spending)
Karen Pacheco,226.25,1,101.51,226.25,1,2,Kasual (Low Spending)
Karen Peck,451.6,2,97.96,225.8,1,3,Potensial (Average Spending)
Karen Pope,191.06,2,38.22,95.53,1,3,Potensial (Average Spending)
Karen Ramos,201.88,2,100.93,100.94,1,3,Potensial (Average Spending)
Karen Rivers,1752.36,4,286.01,438.09,1,0,Premium (High Spending)
Karen Rodriguez,178.06,2,49.97,89.03,1,3,Potensial (Average Spending)
Karen Rollins,354.66,3,159.21,118.22,1,3,Potensial (Average Spending)
Karen Romero,133.2,2,49.22,66.6,1,3,Potensial (Average Spending)
Karen Ruiz,520.84,2,233.14,260.42,1,3,Potensial (Average Spending)
Karen Ryan,251.97,1,74.71,251.97,1,2,Kasual (Low Spending)
Karen Savage,476.06,2,115.91,238.03,1,3,Potensial (Average Spending)
Karen Schneider,616.91,1,198.2,616.91,1,2,Kasual (Low Spending)
Karen Sherman,236.77,1,105.59,236.77,1,2,Kasual (Low Spending)
Karen Smith,970.36,3,197.62,250.16000000000003,2,3,Potensial (Average Spending)
Karen Spence,612.78,3,59.07,204.26,1,3,Potensial (Average Spending)
Karen Spencer,886.72,2,200.49,443.36,1,3,Potensial (Average Spending)
Karen Vang,330.55,1,70.19,330.55,1,2,Kasual (Low Spending)
Karen Welch,2015.16,4,652.83,503.79,1,0,Premium (High Spending)
Karen Williams,148.42,1,29.72,148.42,1,2,Kasual (Low Spending)
Kari Lucas,117.22,1,39.8,117.22,1,2,Kasual (Low Spending)
Kari Willis,342.32,2,167.87,171.16,1,3,Potensial (Average Spending)
Karina Burton,33.7,1,9.87,33.7,1,2,Kasual (Low Spending)
Karina Cameron,238.48,1,89.32,238.48,1,2,Kasual (Low Spending)
Karina Williams,79.33,1,28.93,79.33,1,2,Kasual (Low Spending)
Karl Charles II,138.22,1,47.38,138.22,1,2,Kasual (Low Spending)
Karl Green,84.42,2,20.53,42.21,1,3,Potensial (Average Spending)
Karl Hardin,748.32,2,227.61,374.16,1,3,Potensial (Average Spending)
Karl Robertson,2480.13,3,317.64,826.71,1,0,Premium (High Spending)
Karl Rodriguez,737.96,2,92.7,368.98,1,3,Potensial (Average Spending)
Karla Smith,292.55,1,86.14,292.55,1,2,Kasual (Low Spending)
Katelyn Burns,515.67,1,106.76,515.67,1,2,Kasual (Low Spending)
Katelyn Dominguez,713.31,1,117.18,713.31,1,2,Kasual (Low Spending)
Katelyn Frazier,172.3,1,25.58,172.3,1,2,Kasual (Low Spending)
Katelyn Jones,805.25,1,141.57,805.25,1,2,Kasual (Low Spending)
Katelyn Miller,592.5,1,203.33,592.5,1,2,Kasual (Low Spending)
Katelyn Peterson,332.6,1,106.64,332.6,1,2,Kasual (Low Spending)
Katelyn Reed,461.58,2,166.0,230.79,1,3,Potensial (Average Spending)
Katelyn Robinson,929.54,1,118.22,929.54,1,2,Kasual (Low Spending)
Katherine Alvarado,228.99,1,87.7,228.99,1,2,Kasual (Low Spending)
Katherine Carroll,2098.44,2,366.19,1049.22,1,0,Premium (High Spending)
Katherine Chase,588.63,1,180.73,588.63,1,2,Kasual (Low Spending)
Katherine Clark,1814.72,2,319.57,907.36,1,0,Premium (High Spending)
Katherine Cohen,630.35,1,86.62,630.35,1,2,Kasual (Low Spending)
Katherine Cole,3369.0,3,609.14,1123.0,1,1,VIP (Top Buyers & High Quantity)
Katherine Craig,177.69,1,44.72,177.69,1,2,Kasual (Low Spending)
Katherine Diaz,641.04,2,213.56,320.52,1,3,Potensial (Average Spending)
Katherine Flores,389.8,2,134.31,194.9,1,3,Potensial (Average Spending)
Katherine Good,1864.58,2,226.96,932.29,1,0,Premium (High Spending)
Katherine Harrington,1009.57,1,124.01,1009.57,1,2,Kasual (Low Spending)
Katherine Harris,147.81,1,62.1,147.81,1,2,Kasual (Low Spending)
Katherine Hart,2883.72,4,402.61,720.93,1,0,Premium (High Spending)
Katherine Henson,2116.11,4,430.54999999999995,382.545,2,0,Premium (High Spending)
Katherine Holland,59.01,1,27.6,59.01,1,2,Kasual (Low Spending)
Katherine Larson,722.8,1,64.35,722.8,1,2,Kasual (Low Spending)
Katherine Lee,1512.72,3,337.67,504.24,1,0,Premium (High Spending)
Katherine Lopez,493.03,1,52.17,493.03,1,2,Kasual (Low Spending)
Katherine Lyons,230.17,1,108.82,230.17,1,2,Kasual (Low Spending)
Katherine Mcconnell,230.31,1,77.84,230.31,1,2,Kasual (Low Spending)
Katherine Mcmillan,166.91,1,75.05,166.91,1,2,Kasual (Low Spending)
Katherine Miller,2213.25,5,194.17000000000002,378.455,2,0,Premium (High Spending)
Katherine Montgomery,733.5,2,317.12,366.75,1,3,Potensial (Average Spending)
Katherine Morgan,1948.44,4,205.56,405.7,2,0,Premium (High Spending)
Katherine Nelson,165.41,1,38.77,165.41,1,2,Kasual (Low Spending)
Katherine Patrick,1435.92,2,387.59,717.96,1,0,Premium (High Spending)
Katherine Peters,157.69,1,57.96,157.69,1,2,Kasual (Low Spending)
Katherine Price,882.36,2,85.31,441.18,1,3,Potensial (Average Spending)
Katherine Reed,740.06,2,228.5,370.03,1,3,Potensial (Average Spending)
Katherine Richards,700.5,3,284.88,233.5,1,3,Potensial (Average Spending)
Katherine Rodriguez,199.17,3,54.65,66.39,1,3,Potensial (Average Spending)
Katherine Rosario,1222.05,3,319.16,407.35,1,0,Premium (High Spending)
Katherine Scott,269.39,1,120.61,269.39,1,2,Kasual (Low Spending)
Katherine Smith,112.15,1,40.7,112.15,1,2,Kasual (Low Spending)
Katherine Solis,583.17,3,132.25,194.39,1,3,Potensial (Average Spending)
Katherine Stuart,718.8,2,157.21,359.4,1,3,Potensial (Average Spending)
Katherine Taylor MD,681.64,1,99.08,681.64,1,2,Kasual (Low Spending)
Katherine Thomas,72.15,1,32.07,72.15,1,2,Kasual (Low Spending)
Katherine Watson,335.09,1,123.44,335.09,1,2,Kasual (Low Spending)
Katherine West,121.55,1,47.72,121.55,1,2,Kasual (Low Spending)
Katherine Young,832.28,4,356.69,208.07,1,0,Premium (High Spending)
Kathleen Bell,391.44,4,160.1,97.86,1,3,Potensial (Average Spending)
Kathleen Berg,367.74,1,114.86,367.74,1,2,Kasual (Low Spending)
Kathleen Berry,31.04,1,8.95,31.04,1,2,Kasual (Low Spending)
Kathleen Clark,418.12,1,77.22,418.12,1,2,Kasual (Low Spending)
Kathleen Collier,292.32,1,75.88,292.32,1,2,Kasual (Low Spending)
Kathleen Cordova,316.58,2,41.62,158.29,1,3,Potensial (Average Spending)
Kathleen Cunningham,209.94,1,42.9,209.94,1,2,Kasual (Low Spending)
Kathleen Fitzgerald,1641.9,2,301.12,820.95,1,0,Premium (High Spending)
Kathleen Gordon,504.73,1,69.03,504.73,1,2,Kasual (Low Spending)
Kathleen Hall,442.12,2,96.83,221.06,1,3,Potensial (Average Spending)
Kathleen Johnson,367.17,1,45.64,367.17,1,2,Kasual (Low Spending)
Kathleen King,353.09,1,40.3,353.09,1,2,Kasual (Low Spending)
Kathleen Lara,799.4,1,122.45,799.4,1,2,Kasual (Low Spending)
Kathleen Mitchell DDS,1858.41,3,248.15,619.47,1,0,Premium (High Spending)
Kathleen Ortega,2804.84,4,378.82,701.21,1,0,Premium (High Spending)
Kathleen Peterson,1189.06,2,178.63,594.53,1,3,Potensial (Average Spending)
Kathleen Ramirez,4194.12,4,584.05,1048.53,1,1,VIP (Top Buyers & High Quantity)
Kathleen Reed,194.6,2,44.73,97.3,1,3,Potensial (Average Spending)
Kathleen Shah,620.15,1,110.5,620.15,1,2,Kasual (Low Spending)
Kathleen Stanley,168.97,1,17.58,168.97,1,2,Kasual (Low Spending)
Kathleen Steele,403.85,1,84.66,403.85,1,2,Kasual (Low Spending)
Kathleen Taylor,5198.72,5,1306.35,744.2950000000001,2,1,VIP (Top Buyers & High Quantity)
Kathleen Torres,2068.53,3,213.31,689.51,1,0,Premium (High Spending)
Kathleen Wood,816.12,3,197.0,272.04,1,3,Potensial (Average Spending)
Kathryn Acosta,1473.81,3,259.3,491.27,1,0,Premium (High Spending)
Kathryn Ali,1598.4,2,434.48,799.2,1,0,Premium (High Spending)
Kathryn Brown,1892.2900000000002,3,327.86,574.8000000000001,2,0,Premium (High Spending)
Kathryn Carey,56.24,1,11.1,56.24,1,2,Kasual (Low Spending)
Kathryn Chavez,1039.5,3,410.6,346.5,1,0,Premium (High Spending)
Kathryn Costa,108.36,1,36.27,108.36,1,2,Kasual (Low Spending)
Kathryn Davis,317.45,3,120.75,106.92,2,3,Potensial (Average Spending)
Kathryn Duncan,649.89,1,56.02,649.89,1,2,Kasual (Low Spending)
Kathryn Finley,300.88,1,46.64,300.88,1,2,Kasual (Low Spending)
Kathryn Foster,3555.88,4,1224.81,888.97,1,1,VIP (Top Buyers & High Quantity)
Kathryn Fox,286.63,1,102.47,286.63,1,2,Kasual (Low Spending)
Kathryn Gonzalez,909.15,3,91.62,303.05,1,3,Potensial (Average Spending)
Kathryn Griffin,698.52,4,330.91,174.63,1,0,Premium (High Spending)
Kathryn Henry,1117.72,2,188.51,558.86,1,3,Potensial (Average Spending)
Kathryn Herman,409.93,1,117.68,409.93,1,2,Kasual (Low Spending)
Kathryn Huerta,60.0,3,13.57,20.0,1,3,Potensial (Average Spending)
Kathryn Jimenez,580.45,1,61.78,580.45,1,2,Kasual (Low Spending)
Kathryn Johnson,431.81,2,100.08,215.905,2,3,Potensial (Average Spending)
Kathryn Jones PhD,409.35,1,44.23,409.35,1,2,Kasual (Low Spending)
Kathryn Lee,285.35,5,60.37,57.07,1,3,Potensial (Average Spending)
Kathryn Madden,110.0,2,27.75,55.0,1,3,Potensial (Average Spending)
Kathryn Mccarty,613.95,1,58.26,613.95,1,2,Kasual (Low Spending)
Kathryn Miller,172.8,1,39.76,172.8,1,2,Kasual (Low Spending)
Kathryn Mosley,1226.04,4,369.19,306.51,1,0,Premium (High Spending)
Kathryn Nguyen,345.52,1,86.46,345.52,1,2,Kasual (Low Spending)
Kathryn Phillips,141.27,1,34.74,141.27,1,2,Kasual (Low Spending)
Kathryn Powell,969.14,2,171.8,484.57,1,3,Potensial (Average Spending)
Kathryn Price,1934.0,4,298.4,483.5,1,0,Premium (High Spending)
Kathryn Reyes,229.37,1,34.19,229.37,1,2,Kasual (Low Spending)
Kathryn Rodriguez,731.82,3,247.84,243.94,1,3,Potensial (Average Spending)
Kathryn Smith,1800.27,3,267.1,600.09,1,0,Premium (High Spending)
Kathryn Vargas,577.28,2,97.45,288.64,1,3,Potensial (Average Spending)
Kathryn Webb,238.13,1,39.94,238.13,1,2,Kasual (Low Spending)
Kathryn Wright,398.98,1,121.57,398.98,1,2,Kasual (Low Spending)
Kathryn Young,107.64,1,37.33,107.64,1,2,Kasual (Low Spending)
Kathy Arias,679.12,1,115.8,679.12,1,2,Kasual (Low Spending)
Kathy Barnes,80.9,2,25.77,40.45,1,3,Potensial (Average Spending)
Kathy Brady,270.09,3,85.96,90.03,1,3,Potensial (Average Spending)
Kathy Brewer,647.8,4,307.82,161.95,1,0,Premium (High Spending)
Kathy Christian,1360.92,2,255.79,680.46,1,3,Potensial (Average Spending)
Kathy Cole,675.18,2,189.72,337.59,1,3,Potensial (Average Spending)
Kathy Flores,231.75,1,69.22,231.75,1,2,Kasual (Low Spending)
Kathy Fuentes,872.84,2,290.91,436.42,1,3,Potensial (Average Spending)
Kathy Fuller,272.06,1,64.33,272.06,1,2,Kasual (Low Spending)
Kathy Garcia,1556.4,2,137.35,778.2,1,3,Potensial (Average Spending)
Kathy Green,1134.4,5,371.43,226.88,1,0,Premium (High Spending)
Kathy Grimes,192.44,2,74.5,96.22,1,3,Potensial (Average Spending)
Kathy Hodges,611.41,1,81.05,611.41,1,2,Kasual (Low Spending)
Kathy James,220.92,3,41.08,73.64,1,3,Potensial (Average Spending)
Kathy Martin,412.58,1,151.24,412.58,1,2,Kasual (Low Spending)
Kathy Mendoza,73.67,1,23.56,73.67,1,2,Kasual (Low Spending)
Kathy Miller,1020.0699999999999,2,316.94,510.03499999999997,2,3,Potensial (Average Spending)
Kathy Morgan,292.11,1,63.29,292.11,1,2,Kasual (Low Spending)
Kathy Phillips,260.84,2,23.29,130.42,1,3,Potensial (Average Spending)
Kathy Powell,1538.7,2,182.5,769.35,1,3,Potensial (Average Spending)
Kathy Silva,1651.24,4,405.06,412.81,1,0,Premium (High Spending)
Kathy Ward,111.42,1,29.19,111.42,1,2,Kasual (Low Spending)
Katie Baker,2242.0,5,277.19,448.4,1,0,Premium (High Spending)
Katie Black,596.66,1,106.15,596.66,1,2,Kasual (Low Spending)
Katie Brandt,454.49,1,82.31,454.49,1,2,Kasual (Low Spending)
Katie Briggs,144.3,3,30.08,48.1,1,3,Potensial (Average Spending)
Katie Cordova,267.74,1,94.97,267.74,1,2,Kasual (Low Spending)
Katie Dawson,231.96,3,68.73,77.32,1,3,Potensial (Average Spending)
Katie Evans,198.32,1,54.89,198.32,1,2,Kasual (Low Spending)
Katie Farmer,213.54,3,58.27,71.18,1,3,Potensial (Average Spending)
Katie Garrett,1091.34,2,102.04,545.67,1,3,Potensial (Average Spending)
Katie Gutierrez,744.95,1,257.46,744.95,1,2,Kasual (Low Spending)
Katie Heath,301.6,1,54.2,301.6,1,2,Kasual (Low Spending)
Katie Herrera,1143.27,3,295.26,381.09,1,0,Premium (High Spending)
Katie Hess,30.66,1,11.73,30.66,1,2,Kasual (Low Spending)
Katie Howard,692.0,1,141.47,692.0,1,2,Kasual (Low Spending)
Katie Kelly,338.15,5,78.98,67.63,1,3,Potensial (Average Spending)
Katie King,726.19,1,225.83,726.19,1,2,Kasual (Low Spending)
Katie Lee,180.09,1,77.3,180.09,1,2,Kasual (Low Spending)
Katie Lopez,945.51,3,118.72,315.17,1,3,Potensial (Average Spending)
Katie Mendez,1150.74,3,303.18,383.58,1,0,Premium (High Spending)
Katie Meyer,465.44,1,141.45,465.44,1,2,Kasual (Low Spending)
Katie Nelson,356.33,1,71.39,356.33,1,2,Kasual (Low Spending)
Katie Patterson,141.89,1,24.93,141.89,1,2,Kasual (Low Spending)
Katie Reyes,217.55,1,108.33,217.55,1,2,Kasual (Low Spending)
Katie Roberson,1083.28,4,318.78,270.82,1,0,Premium (High Spending)
Katie Robinson,1056.85,5,88.73,211.37,1,0,Premium (High Spending)
Katie Rodriguez MD,1750.68,2,320.37,875.34,1,0,Premium (High Spending)
Katie Rubio,450.48,2,136.09,225.24,1,3,Potensial (Average Spending)
Katie Sandoval,849.63,1,180.93,849.63,1,2,Kasual (Low Spending)
Katie Santos,75.92,1,27.14,75.92,1,2,Kasual (Low Spending)
Katie Thomas,369.81,3,144.34,123.27,1,3,Potensial (Average Spending)
Katie Walker,688.78,1,217.86,688.78,1,2,Kasual (Low Spending)
Katie White DVM,383.8,1,108.05,383.8,1,2,Kasual (Low Spending)
Katie Wilcox MD,613.8,3,122.81,204.6,1,3,Potensial (Average Spending)
Katie Williamson,323.2,1,108.96,323.2,1,2,Kasual (Low Spending)
Katie Young,233.42,1,101.93,233.42,1,2,Kasual (Low Spending)
Katrina Bailey,269.72,1,27.66,269.72,1,2,Kasual (Low Spending)
Katrina Benson,783.89,1,220.41,783.89,1,2,Kasual (Low Spending)
Katrina Bradley,71.5,1,21.98,71.5,1,2,Kasual (Low Spending)
Katrina Braun,199.66,1,39.93,199.66,1,2,Kasual (Low Spending)
Katrina Crawford,961.23,3,230.99,320.41,1,3,Potensial (Average Spending)
Katrina Daugherty,874.58,2,156.33,437.29,1,3,Potensial (Average Spending)
Katrina Flores,555.12,1,169.82,555.12,1,2,Kasual (Low Spending)
Katrina Haynes,1316.7,2,126.97,658.35,1,3,Potensial (Average Spending)
Katrina Hernandez,748.36,2,309.63,374.18,1,3,Potensial (Average Spending)
Katrina Johnson,156.18,1,57.65,156.18,1,2,Kasual (Low Spending)
Katrina Lin,241.11,1,33.66,241.11,1,2,Kasual (Low Spending)
Katrina Lopez,77.0,1,33.63,77.0,1,2,Kasual (Low Spending)
Katrina Mora,806.14,1,177.98,806.14,1,2,Kasual (Low Spending)
Kayla Adams,1382.0,2,207.22,691.0,1,3,Potensial (Average Spending)
Kayla Beard,710.52,3,260.33,236.84,1,3,Potensial (Average Spending)
Kayla Berry,302.13,3,127.25,100.71,1,3,Potensial (Average Spending)
Kayla Brown,114.01,1,50.6,114.01,1,2,Kasual (Low Spending)
Kayla Calhoun,399.32,2,78.18,199.66,1,3,Potensial (Average Spending)
Kayla Castro,1311.88,2,203.47,655.94,1,3,Potensial (Average Spending)
Kayla Christensen,910.08,6,143.96,151.68,1,0,Premium (High Spending)
Kayla Coleman,986.79,1,172.31,986.79,1,2,Kasual (Low Spending)
Kayla Curtis,122.22,1,22.34,122.22,1,2,Kasual (Low Spending)
Kayla Green,692.04,1,231.06,692.04,1,2,Kasual (Low Spending)
Kayla Harmon,194.21,1,20.91,194.21,1,2,Kasual (Low Spending)
Kayla Holmes,1118.82,2,201.88,559.41,1,3,Potensial (Average Spending)
Kayla Howell,186.11,1,62.16,186.11,1,2,Kasual (Low Spending)
Kayla Macias,903.62,1,206.13,903.62,1,2,Kasual (Low Spending)
Kayla Melendez,728.86,2,325.52,364.43,1,3,Potensial (Average Spending)
Kayla Miller,987.6400000000001,2,222.52,493.82000000000005,2,3,Potensial (Average Spending)
Kayla Robertson,399.97,1,57.78,399.97,1,2,Kasual (Low Spending)
Kayla Spears,820.78,2,367.6,410.39,1,3,Potensial (Average Spending)
Kayla Thomas,577.74,3,114.78,192.58,1,3,Potensial (Average Spending)
Kayla Warner,428.08,2,150.19,214.04,1,3,Potensial (Average Spending)
Kayla Watts,2181.03,3,318.19,727.01,1,0,Premium (High Spending)
Kayla Young,128.08,1,35.48,128.08,1,2,Kasual (Low Spending)
Kaylee Mcgee,218.11,1,67.49,218.11,1,2,Kasual (Low Spending)
Keith Baldwin,416.1,2,89.61,208.05,1,3,Potensial (Average Spending)
Keith Barnes,228.32,2,42.63,114.16,1,3,Potensial (Average Spending)
Keith Benton,442.68,1,96.69,442.68,1,2,Kasual (Low Spending)
Keith Bray,138.29,1,37.03,138.29,1,2,Kasual (Low Spending)
Keith Brewer,118.44,1,36.59,118.44,1,2,Kasual (Low Spending)
Keith Burgess,1683.94,2,343.62,841.97,1,0,Premium (High Spending)
Keith Burke,434.66,2,167.86,217.33,1,3,Potensial (Average Spending)
Keith Clark,1816.18,2,418.11,908.09,1,0,Premium (High Spending)
Keith Cooper,126.68,1,23.32,126.68,1,2,Kasual (Low Spending)
Keith Crosby,188.37,1,58.58,188.37,1,2,Kasual (Low Spending)
Keith Ford,101.94,1,39.63,101.94,1,2,Kasual (Low Spending)
Keith Garcia,1030.29,3,188.76000000000002,453.37,2,3,Potensial (Average Spending)
Keith Gibbs,241.59,1,85.98,241.59,1,2,Kasual (Low Spending)
Keith Hamilton,620.0,4,74.16,155.0,1,3,Potensial (Average Spending)
Keith Henry,472.05,3,154.0,157.35,1,3,Potensial (Average Spending)
Keith Howard,728.96,1,109.05,728.96,1,2,Kasual (Low Spending)
Keith Kennedy,724.06,2,132.43,362.03,1,3,Potensial (Average Spending)
Keith Kim,276.32,1,52.78,276.32,1,2,Kasual (Low Spending)
Keith Lewis,659.08,1,57.23,659.08,1,2,Kasual (Low Spending)
Keith Mcknight,1945.36,2,264.2,972.68,1,0,Premium (High Spending)
Keith Moore,648.93,3,164.72,216.31,1,3,Potensial (Average Spending)
Keith Parks,1998.5,5,424.16,399.7,1,0,Premium (High Spending)
Keith Powell,598.56,3,282.77,199.52,1,3,Potensial (Average Spending)
Keith Powers,358.87,1,134.02,358.87,1,2,Kasual (Low Spending)
Keith Ramirez,133.15,1,46.58,133.15,1,2,Kasual (Low Spending)
Keith Robinson,1539.74,2,307.18,769.87,1,0,Premium (High Spending)
Keith Rodriguez,1481.13,3,147.25,493.71,1,3,Potensial (Average Spending)
Keith Rogers,459.46,2,164.95,229.73,1,3,Potensial (Average Spending)
Keith Rowe,42.15,1,17.06,42.15,1,2,Kasual (Low Spending)
Keith Sanchez,315.39,1,73.58,315.39,1,2,Kasual (Low Spending)
Keith Simpson,1729.26,3,389.66999999999996,616.56,2,0,Premium (High Spending)
Keith Small,785.2,2,166.35,392.6,1,3,Potensial (Average Spending)
Keith Stark,116.75,1,35.86,116.75,1,2,Kasual (Low Spending)
Keith Sullivan,743.81,1,114.68,743.81,1,2,Kasual (Low Spending)
Keith Thomas,2548.14,2,508.94,1274.07,1,0,Premium (High Spending)
Keith Vaughn,1382.7,2,241.2,691.35,1,3,Potensial (Average Spending)
Keith Walker,867.36,3,297.39,289.12,1,0,Premium (High Spending)
Keith Waller,774.11,1,244.07,774.11,1,2,Kasual (Low Spending)
Keith Watkins,272.52,3,62.64,90.84,1,3,Potensial (Average Spending)
Keith Weaver,81.3,1,35.6,81.3,1,2,Kasual (Low Spending)
Keith Willis,545.76,1,53.41,545.76,1,2,Kasual (Low Spending)
Keith Wilson,543.78,1,86.85,543.78,1,2,Kasual (Low Spending)
Kelli Anthony,370.1,1,90.14,370.1,1,2,Kasual (Low Spending)
Kelli Berry,1775.26,2,587.37,887.63,1,0,Premium (High Spending)
Kelli Gillespie,376.84,1,148.89,376.84,1,2,Kasual (Low Spending)
Kelli Green,442.0,4,134.89,110.5,1,3,Potensial (Average Spending)
Kelli Lucas,137.69,1,23.55,137.69,1,2,Kasual (Low Spending)
Kelli Martinez,629.72,4,222.67,157.43,1,0,Premium (High Spending)
Kelli Reid,939.2,2,293.36,469.6,1,3,Potensial (Average Spending)
Kelli Smith,197.32,2,58.43,98.66,1,3,Potensial (Average Spending)
Kelli Sparks,885.74,1,296.97,885.74,1,2,Kasual (Low Spending)
Kellie Boyer,389.81,1,64.02,389.81,1,2,Kasual (Low Spending)
Kelly Allen,659.61,3,129.32,219.87,1,3,Potensial (Average Spending)
Kelly Arnold,379.76,1,99.65,379.76,1,2,Kasual (Low Spending)
Kelly Bennett,226.59,1,57.9,226.59,1,2,Kasual (Low Spending)
Kelly Berry,562.28,2,179.8,281.14,1,3,Potensial (Average Spending)
Kelly Brown,382.66,4,166.91,84.79,2,3,Potensial (Average Spending)
Kelly Buchanan,215.27,1,26.49,215.27,1,2,Kasual (Low Spending)
Kelly Calderon,414.8,5,163.98,82.96,1,0,Premium (High Spending)
Kelly Chambers,83.07,1,22.52,83.07,1,2,Kasual (Low Spending)
Kelly Chandler,390.24,2,68.07,195.12,1,3,Potensial (Average Spending)
Kelly Cook,800.44,2,217.53,400.22,1,3,Potensial (Average Spending)
Kelly Cooper,659.46,2,139.55,329.73,1,3,Potensial (Average Spending)
Kelly Cox,768.82,1,126.9,768.82,1,2,Kasual (Low Spending)
Kelly Cunningham,867.61,1,91.84,867.61,1,2,Kasual (Low Spending)
Kelly Daugherty,283.89,3,57.91,94.63,1,3,Potensial (Average Spending)
Kelly Davis,256.26,1,61.28,256.26,1,2,Kasual (Low Spending)
Kelly Ellis,496.54,2,112.93,248.27,1,3,Potensial (Average Spending)
Kelly Fields,328.88,1,87.33,328.88,1,2,Kasual (Low Spending)
Kelly Frederick,713.2,4,125.03,178.3,1,3,Potensial (Average Spending)
Kelly Garcia,92.97,1,21.59,92.97,1,2,Kasual (Low Spending)
Kelly Garner,242.42,2,96.07,121.21,1,3,Potensial (Average Spending)
Kelly Gonzalez,229.56,1,62.55,229.56,1,2,Kasual (Low Spending)
Kelly Hancock,685.76,1,71.81,685.76,1,2,Kasual (Low Spending)
Kelly Hansen,605.84,1,163.65,605.84,1,2,Kasual (Low Spending)
Kelly Hanson,630.63,7,147.83,90.09,1,0,Premium (High Spending)
Kelly Harper,914.0,4,225.34,228.5,1,0,Premium (High Spending)
Kelly Harris,649.9200000000001,3,217.21,196.72500000000002,2,3,Potensial (Average Spending)
Kelly Holmes,799.47,1,150.0,799.47,1,2,Kasual (Low Spending)
Kelly Jackson DDS,888.98,1,71.38,888.98,1,2,Kasual (Low Spending)
Kelly Jones,1394.13,4,218.47,362.655,2,0,Premium (High Spending)
Kelly Kaufman,751.66,2,309.26,375.83,1,3,Potensial (Average Spending)
Kelly Kelley,923.99,1,161.0,923.99,1,2,Kasual (Low Spending)
Kelly King,1440.68,2,399.62,720.34,1,0,Premium (High Spending)
Kelly Lopez,372.35,1,131.78,372.35,1,2,Kasual (Low Spending)
Kelly Love,1978.54,2,207.83,989.27,1,0,Premium (High Spending)
Kelly Lowe,127.58,1,10.53,127.58,1,2,Kasual (Low Spending)
Kelly Lynn,631.97,1,76.32,631.97,1,2,Kasual (Low Spending)
Kelly Martin,340.47,1,92.51,340.47,1,2,Kasual (Low Spending)
Kelly Martinez,123.09,1,50.29,123.09,1,2,Kasual (Low Spending)
Kelly Mcbride,243.89,1,81.15,243.89,1,2,Kasual (Low Spending)
Kelly Mendez,620.35,1,104.4,620.35,1,2,Kasual (Low Spending)
Kelly Mooney,430.84,1,140.71,430.84,1,2,Kasual (Low Spending)
Kelly Morris,620.28,3,155.38,206.76,1,3,Potensial (Average Spending)
Kelly Mullins,210.06,2,52.07,105.03,1,3,Potensial (Average Spending)
Kelly Myers,1107.1,1,178.73,1107.1,1,2,Kasual (Low Spending)
Kelly Obrien,197.43,1,42.23,197.43,1,2,Kasual (Low Spending)
Kelly Perez,206.54,2,72.8,103.27,1,3,Potensial (Average Spending)
Kelly Perry,843.36,3,250.26,281.12,1,3,Potensial (Average Spending)
Kelly Phillips,167.79,1,32.94,167.79,1,2,Kasual (Low Spending)
Kelly Richardson,1078.68,2,162.53,539.34,1,3,Potensial (Average Spending)
Kelly Rivera,970.26,2,117.21,485.13,1,3,Potensial (Average Spending)
Kelly Robinson,2750.76,3,595.0,916.92,1,0,Premium (High Spending)
Kelly Rodriguez,168.53,1,77.99,168.53,1,2,Kasual (Low Spending)
Kelly Russell,1037.13,1,206.78,1037.13,1,2,Kasual (Low Spending)
Kelly Ryan,2377.62,3,331.25,792.54,1,0,Premium (High Spending)
Kelly Suarez,1508.22,6,313.19,251.37,1,0,Premium (High Spending)
Kelly Summers,880.26,1,125.7,880.26,1,2,Kasual (Low Spending)
Kelly Sutton,702.48,2,260.9,351.24,1,3,Potensial (Average Spending)
Kelly Taylor,452.68,1,62.05,452.68,1,2,Kasual (Low Spending)
Kelly Torres,887.42,2,215.03,443.71,1,3,Potensial (Average Spending)
Kelly Vincent,653.21,1,150.74,653.21,1,2,Kasual (Low Spending)
Kelly White,2471.96,3,415.21000000000004,737.605,2,0,Premium (High Spending)
Kelly Williams,1213.63,2,422.52000000000004,606.815,2,0,Premium (High Spending)
Kelsey Allen,973.85,7,393.82,136.595,2,0,Premium (High Spending)
Kelsey Eaton,479.78,2,194.9,239.89,1,3,Potensial (Average Spending)
Kelsey Foley,1078.14,3,312.47,359.38,1,0,Premium (High Spending)
Kelsey Jarvis,492.6,1,85.68,492.6,1,2,Kasual (Low Spending)
Kelsey King,186.39,1,26.4,186.39,1,2,Kasual (Low Spending)
Kelsey Riley,448.66,1,155.58,448.66,1,2,Kasual (Low Spending)
Kelsey Roman,1624.96,2,246.51,812.48,1,3,Potensial (Average Spending)
Kelsey Smith,287.04,1,36.65,287.04,1,2,Kasual (Low Spending)
Kelsey Sullivan,179.86,2,68.4,89.93,1,3,Potensial (Average Spending)
Kelsey Thomas,157.53,3,69.85,52.51,1,3,Potensial (Average Spending)
Kendra Ferguson,212.72,1,59.56,212.72,1,2,Kasual (Low Spending)
Kendra Mcdowell,297.74,2,132.18,148.87,1,3,Potensial (Average Spending)
Kendra Pierce,757.73,1,137.78,757.73,1,2,Kasual (Low Spending)
Kendra Richards,372.76,4,114.29,93.19,1,3,Potensial (Average Spending)
Kendra Schneider,142.22,1,64.53,142.22,1,2,Kasual (Low Spending)
Kendra Welch,332.6,2,102.31,166.3,1,3,Potensial (Average Spending)
Kenneth Allen,106.44,2,46.78,53.22,1,3,Potensial (Average Spending)
Kenneth Baker,964.39,1,169.17,964.39,1,2,Kasual (Low Spending)
Kenneth Berry,228.2,1,84.93,228.2,1,2,Kasual (Low Spending)
Kenneth Bishop,1010.08,2,232.1,505.04,1,3,Potensial (Average Spending)
Kenneth Bowman,782.9,1,211.88,782.9,1,2,Kasual (Low Spending)
Kenneth Brown,679.67,1,78.35,679.67,1,2,Kasual (Low Spending)
Kenneth Chandler,4654.72,4,729.17,1163.68,1,1,VIP (Top Buyers & High Quantity)
Kenneth Daniels,558.11,1,46.73,558.11,1,2,Kasual (Low Spending)
Kenneth English,839.7,3,246.61,279.9,1,3,Potensial (Average Spending)
Kenneth Garcia,1104.3,3,268.17,386.315,2,0,Premium (High Spending)
Kenneth Glass,108.11,1,30.67,108.11,1,2,Kasual (Low Spending)
Kenneth Gray,563.35,1,131.18,563.35,1,2,Kasual (Low Spending)
Kenneth Harrell,578.7,1,100.8,578.7,1,2,Kasual (Low Spending)
Kenneth Harrison,2272.41,6,529.71,378.735,2,1,VIP (Top Buyers & High Quantity)
Kenneth Hayes,208.7,2,25.11,104.35,1,3,Potensial (Average Spending)
Kenneth Jackson,845.07,1,267.98,845.07,1,2,Kasual (Low Spending)
Kenneth Jennings,580.87,1,80.53,580.87,1,2,Kasual (Low Spending)
Kenneth Johnson,245.54,1,66.54,245.54,1,2,Kasual (Low Spending)
Kenneth Johnston,392.41,1,108.07,392.41,1,2,Kasual (Low Spending)
Kenneth Kane,225.39,1,58.14,225.39,1,2,Kasual (Low Spending)
Kenneth Kim,189.76,2,87.27,94.88,1,3,Potensial (Average Spending)
Kenneth King,351.58,1,33.08,351.58,1,2,Kasual (Low Spending)
Kenneth Lang,168.05,1,62.92,168.05,1,2,Kasual (Low Spending)
Kenneth Lopez,159.74,2,44.18,79.87,1,3,Potensial (Average Spending)
Kenneth Marshall,1039.88,4,232.97,259.97,1,0,Premium (High Spending)
Kenneth Martinez,881.16,1,157.23,881.16,1,2,Kasual (Low Spending)
Kenneth Mcdaniel,1706.62,2,438.5,853.31,1,0,Premium (High Spending)
Kenneth Moore,2415.7200000000003,5,853.51,509.28999999999996,2,1,VIP (Top Buyers & High Quantity)
Kenneth Nash,473.13,1,94.15,473.13,1,2,Kasual (Low Spending)
Kenneth Ochoa,912.55,1,117.9,912.55,1,2,Kasual (Low Spending)
Kenneth Park,1165.76,4,312.72,291.44,2,0,Premium (High Spending)
Kenneth Phillips,1480.16,2,225.8,740.08,1,3,Potensial (Average Spending)
Kenneth Reyes,113.6,2,45.3,56.8,1,3,Potensial (Average Spending)
Kenneth Richardson,638.02,2,166.71,319.01,1,3,Potensial (Average Spending)
Kenneth Robertson,3108.72,6,489.4,518.12,1,1,VIP (Top Buyers & High Quantity)
Kenneth Romero,107.47,1,23.99,107.47,1,2,Kasual (Low Spending)
Kenneth Ross,2959.5299999999997,4,663.8,774.015,2,1,VIP (Top Buyers & High Quantity)
Kenneth Rush,851.4,2,176.22,425.7,1,3,Potensial (Average Spending)
Kenneth Spencer,55.26,1,12.43,55.26,1,2,Kasual (Low Spending)
Kenneth Taylor,383.37,1,76.95,383.37,1,2,Kasual (Low Spending)
Kenneth Thompson,1296.63,3,324.57,365.45500000000004,2,0,Premium (High Spending)
Kenneth Vargas,182.88,2,47.22,91.44,1,3,Potensial (Average Spending)
Kenneth Walsh,517.0,4,223.02,129.25,1,3,Potensial (Average Spending)
Kenneth Wilson,221.23,1,95.14,221.23,1,2,Kasual (Low Spending)
Kent Brown,547.41,3,239.97,182.47,1,3,Potensial (Average Spending)
Kent Richardson,1325.64,2,174.97,662.82,1,3,Potensial (Average Spending)
Kent Turner,320.96,1,137.24,320.96,1,2,Kasual (Low Spending)
Kent Wright,489.94,2,144.74,244.97,1,3,Potensial (Average Spending)
Kerri Meyers,274.59,3,38.76,91.53,1,3,Potensial (Average Spending)
Kerri Rivera,2820.09,3,587.43,940.03,1,0,Premium (High Spending)
Kerry Bradley,247.53,1,58.46,247.53,1,2,Kasual (Low Spending)
Kerry Lambert,153.09,1,51.73,153.09,1,2,Kasual (Low Spending)
Kerry Salazar,480.45,3,180.69,160.15,1,3,Potensial (Average Spending)
Kerry Shea,758.79,1,218.32,758.79,1,2,Kasual (Low Spending)
Kevin Adams,1081.26,2,334.05,540.63,1,3,Potensial (Average Spending)
Kevin Anthony DVM,531.64,2,221.75,265.82,1,3,Potensial (Average Spending)
Kevin Arroyo,1687.98,2,213.76,843.99,1,3,Potensial (Average Spending)
Kevin Avila,604.86,3,61.32,201.62,1,3,Potensial (Average Spending)
Kevin Ayers,750.54,3,209.53,250.18,1,3,Potensial (Average Spending)
Kevin Bailey,313.59,1,80.7,313.59,1,2,Kasual (Low Spending)
Kevin Beck,1169.43,3,351.55,389.81,1,0,Premium (High Spending)
Kevin Bell,1492.8,3,514.56,497.6,1,0,Premium (High Spending)
Kevin Benson,2773.47,3,701.08,924.49,1,1,VIP (Top Buyers & High Quantity)
Kevin Boyer,706.12,4,203.62,176.53,1,0,Premium (High Spending)
Kevin Brown,82.75,1,31.72,82.75,1,2,Kasual (Low Spending)
Kevin Butler,160.44,1,68.34,160.44,1,2,Kasual (Low Spending)
Kevin Callahan,1916.7,3,417.88,638.9,1,0,Premium (High Spending)
Kevin Campbell,604.52,4,205.98,151.13,1,3,Potensial (Average Spending)
Kevin Carter,271.9,2,96.6,135.95,1,3,Potensial (Average Spending)
Kevin Clark,275.58,1,58.0,275.58,1,2,Kasual (Low Spending)
Kevin Clayton,561.6,2,81.88,280.8,1,3,Potensial (Average Spending)
Kevin Cochran,845.64,3,231.8,281.88,1,3,Potensial (Average Spending)
Kevin Cortez,1104.22,3,226.79,368.0733333333333,3,3,Potensial (Average Spending)
Kevin Cummings,843.76,1,132.17,843.76,1,2,Kasual (Low Spending)
Kevin Daniels,474.22,1,51.86,474.22,1,2,Kasual (Low Spending)
Kevin Davis,821.77,4,340.66999999999996,156.535,2,0,Premium (High Spending)
Kevin Dean,458.66,1,120.47,458.66,1,2,Kasual (Low Spending)
Kevin Edwards,858.84,1,141.39,858.84,1,2,Kasual (Low Spending)
Kevin Estrada,168.03,3,57.08,56.01,1,3,Potensial (Average Spending)
Kevin Evans,210.32,1,50.2,210.32,1,2,Kasual (Low Spending)
Kevin Garcia,2100.57,3,356.18,663.5550000000001,2,0,Premium (High Spending)
Kevin Garza,237.91,1,80.85,237.91,1,2,Kasual (Low Spending)
Kevin Gomez,1079.12,4,280.96,269.78,1,0,Premium (High Spending)
Kevin Goodwin,319.94,1,82.45,319.94,1,2,Kasual (Low Spending)
Kevin Gray,291.71,1,110.36,291.71,1,2,Kasual (Low Spending)
Kevin Gutierrez,334.2,1,111.31,334.2,1,2,Kasual (Low Spending)
Kevin Hamilton,117.32,1,34.45,117.32,1,2,Kasual (Low Spending)
Kevin Hardin,681.48,2,159.46,340.74,1,3,Potensial (Average Spending)
Kevin Harper,111.74,1,53.39,111.74,1,2,Kasual (Low Spending)
Kevin Hebert,369.86,1,124.46,369.86,1,2,Kasual (Low Spending)
Kevin Hendricks,238.42,2,70.86,119.21,1,3,Potensial (Average Spending)
Kevin Hernandez,2036.67,3,220.04,678.89,1,0,Premium (High Spending)
Kevin Howell,231.33,1,79.7,231.33,1,2,Kasual (Low Spending)
Kevin James,1778.9499999999998,3,311.58,725.0649999999999,2,0,Premium (High Spending)
Kevin Johns,356.85,1,52.95,356.85,1,2,Kasual (Low Spending)
Kevin Johnson,305.0,2,147.98,152.5,1,3,Potensial (Average Spending)
Kevin Kaiser,830.58,1,108.19,830.58,1,2,Kasual (Low Spending)
Kevin Keller,1541.96,2,191.11,770.98,1,3,Potensial (Average Spending)
Kevin Kline,449.23,1,59.46,449.23,1,2,Kasual (Low Spending)
Kevin Lambert,2972.7,3,365.34,990.9,1,0,Premium (High Spending)
Kevin Lopez,674.6300000000001,3,243.62,200.26500000000001,2,3,Potensial (Average Spending)
Kevin Martin,3393.93,3,657.64,1131.31,1,1,VIP (Top Buyers & High Quantity)
Kevin Mcbride,188.76,3,52.73,62.92,1,3,Potensial (Average Spending)
Kevin Mcclain,935.79,1,95.93,935.79,1,2,Kasual (Low Spending)
Kevin Mccormick,628.6,1,96.66,628.6,1,2,Kasual (Low Spending)
Kevin Mccoy,623.02,2,165.32,311.51,1,3,Potensial (Average Spending)
Kevin Mendez,108.45,1,15.95,108.45,1,2,Kasual (Low Spending)
Kevin Miller PhD,482.88,3,162.88,160.96,1,3,Potensial (Average Spending)
Kevin Moore,539.65,1,172.32,539.65,1,2,Kasual (Low Spending)
Kevin Morris,603.01,3,237.67,240.85500000000002,2,3,Potensial (Average Spending)
Kevin Nash,567.06,2,235.0,283.53,1,3,Potensial (Average Spending)
Kevin Nelson,509.73,3,173.44,169.91,1,3,Potensial (Average Spending)
Kevin Nguyen,1028.4,3,201.8,342.8,1,3,Potensial (Average Spending)
Kevin Ochoa,172.6,1,52.61,172.6,1,2,Kasual (Low Spending)
Kevin Payne,88.33,1,39.39,88.33,1,2,Kasual (Low Spending)
Kevin Peters,244.87,1,97.53,244.87,1,2,Kasual (Low Spending)
Kevin Ramirez,633.98,2,161.5,316.99,1,3,Potensial (Average Spending)
Kevin Riley,250.44,2,33.32,125.22,1,3,Potensial (Average Spending)
Kevin Rivera,365.88,3,112.19,121.96,1,3,Potensial (Average Spending)
Kevin Rivers,151.61,1,58.47,151.61,1,2,Kasual (Low Spending)
Kevin Robbins,597.03,1,199.46,597.03,1,2,Kasual (Low Spending)
Kevin Roberts,2168.44,4,692.0400000000001,656.37,2,1,VIP (Top Buyers & High Quantity)
Kevin Ruiz,888.78,1,108.29,888.78,1,2,Kasual (Low Spending)
Kevin Ryan,814.16,1,272.28,814.16,1,2,Kasual (Low Spending)
Kevin Sanchez,126.89,1,42.78,126.89,1,2,Kasual (Low Spending)
Kevin Santiago,1171.05,3,262.27,390.35,1,0,Premium (High Spending)
Kevin Schmidt,122.02,1,52.17,122.02,1,2,Kasual (Low Spending)
Kevin Serrano,2573.37,3,422.74,857.79,1,0,Premium (High Spending)
Kevin Silva,99.46,1,23.09,99.46,1,2,Kasual (Low Spending)
Kevin Simpson,2289.72,4,219.25,572.43,1,0,Premium (High Spending)
Kevin Smith,1993.02,4,462.56,536.8866666666667,3,0,Premium (High Spending)
Kevin Stewart,1865.96,4,624.81,466.49,1,0,Premium (High Spending)
Kevin Travis,471.63,1,151.36,471.63,1,2,Kasual (Low Spending)
Kevin Tucker,871.19,1,264.55,871.19,1,2,Kasual (Low Spending)
Kevin Vasquez,270.83,1,106.36,270.83,1,2,Kasual (Low Spending)
Kevin Watkins,694.16,2,221.74,347.08,1,3,Potensial (Average Spending)
Kevin Watson,320.36,1,37.13,320.36,1,2,Kasual (Low Spending)
Kevin White,1769.31,3,391.43,589.77,1,0,Premium (High Spending)
Kevin Williams,377.19,1,67.57,377.19,1,2,Kasual (Low Spending)
Kevin Wise,261.21,1,79.39,261.21,1,2,Kasual (Low Spending)
Kevin Woods,4046.12,4,429.38,1011.53,1,1,VIP (Top Buyers & High Quantity)
Kevin Wright,377.69,1,112.64,377.69,1,2,Kasual (Low Spending)
Kiara Bartlett,146.33,1,35.92,146.33,1,2,Kasual (Low Spending)
Kiara Brady,609.3,3,303.53,203.1,1,3,Potensial (Average Spending)
Kiara Ford,214.1,1,45.59,214.1,1,2,Kasual (Low Spending)
Kiara Larsen,197.86,2,73.34,98.93,1,3,Potensial (Average Spending)
Kiara Sullivan,652.86,2,162.41,326.43,1,3,Potensial (Average Spending)
Kim Acosta,749.84,2,217.18,374.92,1,3,Potensial (Average Spending)
Kim Cooper,339.3,1,43.58,339.3,1,2,Kasual (Low Spending)
Kim Day,766.64,2,262.21,383.32,1,3,Potensial (Average Spending)
Kim Fletcher,935.85,3,214.22,255.34,2,3,Potensial (Average Spending)
Kim Gibson,533.95,1,100.92,533.95,1,2,Kasual (Low Spending)
Kim Gonzalez,141.9,1,37.36,141.9,1,2,Kasual (Low Spending)
Kim Holt,609.68,2,205.6,304.84,1,3,Potensial (Average Spending)
Kim Jackson,1269.02,2,256.25,634.51,1,3,Potensial (Average Spending)
Kim Lawrence,702.72,2,132.08,351.36,1,3,Potensial (Average Spending)
Kim Montgomery,490.4,5,75.39,98.08,1,3,Potensial (Average Spending)
Kim Morgan,2876.25,3,392.03,958.75,1,0,Premium (High Spending)
Kim Reid,189.88,2,53.12,94.94,1,3,Potensial (Average Spending)
Kim Robles,816.13,1,68.5,816.13,1,2,Kasual (Low Spending)
Kim Spence,728.92,4,260.08,182.23,1,0,Premium (High Spending)
Kim Wheeler,273.8,2,101.93,136.9,1,3,Potensial (Average Spending)
Kim Wolf MD,810.18,1,219.48,810.18,1,2,Kasual (Low Spending)
Kim Woods,164.44,1,38.05,164.44,1,2,Kasual (Low Spending)
Kimberly Adams,157.75,1,23.33,157.75,1,2,Kasual (Low Spending)
Kimberly Allen,2912.3,7,361.33000000000004,394.765,2,1,VIP (Top Buyers & High Quantity)
Kimberly Alvarado,717.48,2,107.1,358.74,1,3,Potensial (Average Spending)
Kimberly Anderson,2084.6,5,314.01,416.92,1,0,Premium (High Spending)
Kimberly Arnold,367.84,1,159.74,367.84,1,2,Kasual (Low Spending)
Kimberly Bailey,308.65,1,74.77,308.65,1,2,Kasual (Low Spending)
Kimberly Baxter,1125.72,2,380.87,562.86,1,0,Premium (High Spending)
Kimberly Bell,866.4,1,116.41,866.4,1,2,Kasual (Low Spending)
Kimberly Berger,738.06,1,71.8,738.06,1,2,Kasual (Low Spending)
Kimberly Blackburn,811.77,3,266.38,270.59,1,3,Potensial (Average Spending)
Kimberly Boone,237.42,1,87.76,237.42,1,2,Kasual (Low Spending)
Kimberly Bowen,61.08,1,20.35,61.08,1,2,Kasual (Low Spending)
Kimberly Brooks,2693.14,6,390.24,343.07,2,1,VIP (Top Buyers & High Quantity)
Kimberly Brown,2776.0,7,682.46,540.85,4,1,VIP (Top Buyers & High Quantity)
Kimberly Burton,3106.72,4,539.12,776.68,1,1,VIP (Top Buyers & High Quantity)
Kimberly Cabrera,311.27,1,134.87,311.27,1,2,Kasual (Low Spending)
Kimberly Carter,191.76,3,28.39,63.92,1,3,Potensial (Average Spending)
Kimberly Casey,2264.34,3,250.41,754.78,1,0,Premium (High Spending)
Kimberly Chan,136.88,1,31.64,136.88,1,2,Kasual (Low Spending)
Kimberly Chase,105.98,1,19.11,105.98,1,2,Kasual (Low Spending)
Kimberly Cole,2095.02,3,251.55,698.34,1,0,Premium (High Spending)
Kimberly Coleman,116.58,1,31.49,116.58,1,2,Kasual (Low Spending)
Kimberly Collins,829.3499999999999,6,153.5,152.71499999999997,2,0,Premium (High Spending)
Kimberly Cunningham,402.04,1,58.15,402.04,1,2,Kasual (Low Spending)
Kimberly Davis,181.08,1,32.95,181.08,1,2,Kasual (Low Spending)
Kimberly Estrada,240.27,3,84.05,80.09,1,3,Potensial (Average Spending)
Kimberly Floyd,334.43,1,78.24,334.43,1,2,Kasual (Low Spending)
Kimberly Foley,509.2,2,106.26,254.6,1,3,Potensial (Average Spending)
Kimberly Ford,267.59000000000003,2,107.72,133.79500000000002,2,3,Potensial (Average Spending)
Kimberly Garcia,2845.86,3,556.08,948.62,1,0,Premium (High Spending)
Kimberly Gilbert,430.71,1,88.78,430.71,1,2,Kasual (Low Spending)
Kimberly Gray,1037.72,1,129.99,1037.72,1,2,Kasual (Low Spending)
Kimberly Hall,1401.26,2,344.75,700.63,1,0,Premium (High Spending)
Kimberly Hart,475.65,5,224.39,95.13,1,0,Premium (High Spending)
Kimberly Hopkins,1161.81,3,152.09,387.27,1,3,Potensial (Average Spending)
Kimberly Hughes,96.22,1,42.5,96.22,1,2,Kasual (Low Spending)
Kimberly Jackson,136.24,1,28.63,136.24,1,2,Kasual (Low Spending)
Kimberly Jimenez,163.16,1,17.12,163.16,1,2,Kasual (Low Spending)
Kimberly Jones,113.45,1,20.33,113.45,1,2,Kasual (Low Spending)
Kimberly King,797.72,1,187.48,797.72,1,2,Kasual (Low Spending)
Kimberly Klein,375.33,3,140.33,125.11,1,3,Potensial (Average Spending)
Kimberly Landry,204.54,2,58.72,102.27,1,3,Potensial (Average Spending)
Kimberly Larson,1561.74,2,159.17,780.87,1,3,Potensial (Average Spending)
Kimberly Lee,75.39,2,18.08,37.695,2,3,Potensial (Average Spending)
Kimberly Long,56.11,1,24.69,56.11,1,2,Kasual (Low Spending)
Kimberly Lopez,221.73,1,26.45,221.73,1,2,Kasual (Low Spending)
Kimberly Lyons,221.85,1,25.53,221.85,1,2,Kasual (Low Spending)
Kimberly Martin,174.3,3,45.41,58.1,1,3,Potensial (Average Spending)
Kimberly Martinez,880.0,2,253.35,440.0,1,3,Potensial (Average Spending)
Kimberly May MD,740.09,1,100.88,740.09,1,2,Kasual (Low Spending)
Kimberly Mccarthy,490.54,2,57.49,245.27,1,3,Potensial (Average Spending)
Kimberly Mcgrath,266.68,1,97.71,266.68,1,2,Kasual (Low Spending)
Kimberly Meza,2014.24,2,286.57,1007.12,1,0,Premium (High Spending)
Kimberly Montoya,1730.16,4,443.85,432.54,1,0,Premium (High Spending)
Kimberly Mooney,448.35,1,137.2,448.35,1,2,Kasual (Low Spending)
Kimberly Mullen,273.75,1,88.91,273.75,1,2,Kasual (Low Spending)
Kimberly Myers,888.17,1,126.54,888.17,1,2,Kasual (Low Spending)
Kimberly Nelson,97.52,1,29.56,97.52,1,2,Kasual (Low Spending)
Kimberly Nguyen,109.48,1,31.59,109.48,1,2,Kasual (Low Spending)
Kimberly Olson DVM,810.36,2,128.48,405.18,1,3,Potensial (Average Spending)
Kimberly Owen,2317.2,3,371.28,772.4,1,0,Premium (High Spending)
Kimberly Page,122.54,2,45.45,61.27,1,3,Potensial (Average Spending)
Kimberly Payne,857.14,1,231.88,857.14,1,2,Kasual (Low Spending)
Kimberly Perry,728.03,1,144.47,728.03,1,2,Kasual (Low Spending)
Kimberly Pham,98.23,1,13.02,98.23,1,2,Kasual (Low Spending)
Kimberly Pope,566.76,3,230.85,188.92,1,3,Potensial (Average Spending)
Kimberly Ramirez,4661.0,11,544.51,422.69666666666666,3,1,VIP (Top Buyers & High Quantity)
Kimberly Ramsey,1051.32,2,100.83,525.66,1,3,Potensial (Average Spending)
Kimberly Randolph,153.04,2,28.96,76.52,1,3,Potensial (Average Spending)
Kimberly Reeves,477.92,2,153.25,238.96,1,3,Potensial (Average Spending)
Kimberly Ritter,1029.78,2,150.7,514.89,1,3,Potensial (Average Spending)
Kimberly Roberts,324.0,1,91.67,324.0,1,2,Kasual (Low Spending)
Kimberly Robinson,739.69,1,79.88,739.69,1,2,Kasual (Low Spending)
Kimberly Ruiz MD,190.14,3,73.7,63.38,1,3,Potensial (Average Spending)
Kimberly Salazar,316.74,2,82.66,158.37,1,3,Potensial (Average Spending)
Kimberly Sanders,486.04,2,198.48,243.02,1,3,Potensial (Average Spending)
Kimberly Sanford,368.1,3,165.22,122.7,1,3,Potensial (Average Spending)
Kimberly Schmidt,1804.8,3,218.03,601.6,1,0,Premium (High Spending)
Kimberly Scott,381.87,1,73.95,381.87,1,2,Kasual (Low Spending)
Kimberly Sellers,668.38,1,85.85,668.38,1,2,Kasual (Low Spending)
Kimberly Smith,1710.8000000000002,7,632.0999999999999,264.5266666666667,3,1,VIP (Top Buyers & High Quantity)
Kimberly Smith DDS,2713.05,3,924.39,904.35,1,1,VIP (Top Buyers & High Quantity)
Kimberly Snow,735.2,2,194.91,367.6,1,3,Potensial (Average Spending)
Kimberly Sosa,393.24,3,115.57,131.08,1,3,Potensial (Average Spending)
Kimberly Stewart PhD,2132.8,4,701.45,533.2,1,1,VIP (Top Buyers & High Quantity)
Kimberly Stokes,91.0,1,24.52,91.0,1,2,Kasual (Low Spending)
Kimberly Suarez,1519.4,2,277.07,759.7,1,3,Potensial (Average Spending)
Kimberly Thomas,445.86,1,149.26,445.86,1,2,Kasual (Low Spending)
Kimberly Thompson,2119.7200000000003,6,287.76,290.00666666666666,3,0,Premium (High Spending)
Kimberly Torres,234.53,1,82.53,234.53,1,2,Kasual (Low Spending)
Kimberly Walters,404.88,2,163.54,202.44,1,3,Potensial (Average Spending)
Kimberly Warner,841.56,2,180.92,420.78,1,3,Potensial (Average Spending)
Kimberly Watson,245.8,2,72.93,122.9,1,3,Potensial (Average Spending)
Kimberly Weaver,1021.69,1,314.23,1021.69,1,2,Kasual (Low Spending)
Kimberly West,410.34,2,205.15,205.17,1,3,Potensial (Average Spending)
Kimberly Williams,2777.22,6,783.7,503.71,3,1,VIP (Top Buyers & High Quantity)
Kimberly Wilson,688.0799999999999,5,198.95999999999998,156.29,2,0,Premium (High Spending)
Kimberly Woods,720.71,1,248.65,720.71,1,2,Kasual (Low Spending)
Kimberly Wright,447.78,1,40.59,447.78,1,2,Kasual (Low Spending)
Kimberly Young,699.84,2,121.58,349.92,1,3,Potensial (Average Spending)
Kirk Gutierrez,130.94,1,32.71,130.94,1,2,Kasual (Low Spending)
Kirk Joyce,112.86,1,21.37,112.86,1,2,Kasual (Low Spending)
Kirk Mccarthy,522.77,1,53.2,522.77,1,2,Kasual (Low Spending)
Kirk Williams,2838.84,4,336.46,709.71,1,0,Premium (High Spending)
Kirsten Mitchell,782.21,1,122.81,782.21,1,2,Kasual (Low Spending)
Kirsten Osborne,1210.28,2,110.49,605.14,1,3,Potensial (Average Spending)
Kirsten Ward,169.59,1,83.48,169.59,1,2,Kasual (Low Spending)
Krista Cooper,115.94,1,45.71,115.94,1,2,Kasual (Low Spending)
Krista Downs,1994.76,4,689.03,498.69,1,1,VIP (Top Buyers & High Quantity)
Krista Jordan,641.12,2,95.76,320.56,1,3,Potensial (Average Spending)
Krista Lyons,1027.67,1,169.46,1027.67,1,2,Kasual (Low Spending)
Krista Marshall,122.75,5,47.1,24.55,1,3,Potensial (Average Spending)
Krista Maxwell,854.88,3,297.3,284.96,1,0,Premium (High Spending)
Krista Simon,1537.14,2,292.51,768.57,1,0,Premium (High Spending)
Kristen Adams,294.39,3,54.18,98.13,1,3,Potensial (Average Spending)
Kristen Blankenship,1481.78,2,286.24,740.89,1,0,Premium (High Spending)
Kristen Bray,356.91,1,54.75,356.91,1,2,Kasual (Low Spending)
Kristen Castillo,384.21,1,57.5,384.21,1,2,Kasual (Low Spending)
Kristen Davis,373.05,2,122.47999999999999,186.525,2,3,Potensial (Average Spending)
Kristen Douglas,1301.7,2,440.4,650.85,1,0,Premium (High Spending)
Kristen Flores,225.26,1,87.35,225.26,1,2,Kasual (Low Spending)
Kristen Frazier,357.49,1,129.13,357.49,1,2,Kasual (Low Spending)
Kristen Freeman,278.59,1,113.44,278.59,1,2,Kasual (Low Spending)
Kristen Greene DVM,116.36,1,38.5,116.36,1,2,Kasual (Low Spending)
Kristen Hayes,105.44,2,20.89,52.72,1,3,Potensial (Average Spending)
Kristen Ibarra,271.34,1,36.02,271.34,1,2,Kasual (Low Spending)
Kristen Ingram,648.06,2,100.79,324.03,1,3,Potensial (Average Spending)
Kristen Jackson,211.74,1,72.37,211.74,1,2,Kasual (Low Spending)
Kristen Jordan,170.47,1,51.9,170.47,1,2,Kasual (Low Spending)
Kristen Kirk,128.3,1,42.11,128.3,1,2,Kasual (Low Spending)
Kristen Lee,1265.62,2,182.63,632.81,1,3,Potensial (Average Spending)
Kristen Miller,630.26,1,172.56,630.26,1,2,Kasual (Low Spending)
Kristen Moran,677.76,2,137.76,338.88,1,3,Potensial (Average Spending)
Kristen Nguyen,221.22,1,67.42,221.22,1,2,Kasual (Low Spending)
Kristen Obrien,117.52,4,49.97,29.38,1,3,Potensial (Average Spending)
Kristen Pacheco,582.0,1,137.17,582.0,1,2,Kasual (Low Spending)
Kristen Parker,2881.74,3,385.89,960.58,1,0,Premium (High Spending)
Kristen Powell,491.52,3,210.18,163.84,1,3,Potensial (Average Spending)
Kristen Powers,162.09,1,80.22,162.09,1,2,Kasual (Low Spending)
Kristen Ramos,338.24,1,43.32,338.24,1,2,Kasual (Low Spending)
Kristen Rodriguez,3753.16,4,309.73,938.29,1,0,Premium (High Spending)
Kristen Russell,846.33,3,92.37,282.11,1,3,Potensial (Average Spending)
Kristen Salinas,158.37,1,64.3,158.37,1,2,Kasual (Low Spending)
Kristen Sanchez,865.53,3,383.32,288.51,1,0,Premium (High Spending)
Kristen Schmidt,2800.95,3,436.78,933.65,1,0,Premium (High Spending)
Kristen Stephens,885.93,1,308.06,885.93,1,2,Kasual (Low Spending)
Kristen Taylor,1338.78,2,216.79000000000002,669.39,2,3,Potensial (Average Spending)
Kristen Thomas,477.51,1,108.71,477.51,1,2,Kasual (Low Spending)
Kristen Tran,1630.23,3,535.1,543.41,1,0,Premium (High Spending)
Kristen Valdez,315.78,2,95.78999999999999,157.89,2,3,Potensial (Average Spending)
Kristen Wheeler,534.97,1,63.26,534.97,1,2,Kasual (Low Spending)
Kristen Yang,612.81,1,188.18,612.81,1,2,Kasual (Low Spending)
Kristi Abbott,83.31,1,26.8,83.31,1,2,Kasual (Low Spending)
Kristi Brooks,489.69,3,196.39,163.23,1,3,Potensial (Average Spending)
Kristi Harvey,252.5,1,70.28,252.5,1,2,Kasual (Low Spending)
Kristi Jordan,396.86,1,92.28,396.86,1,2,Kasual (Low Spending)
Kristi Macias,3529.4,5,859.52,705.88,1,1,VIP (Top Buyers & High Quantity)
Kristi Moore,466.41,1,160.65,466.41,1,2,Kasual (Low Spending)
Kristi Morris,1556.19,3,531.72,518.73,1,0,Premium (High Spending)
Kristi Parker,229.61,1,47.35,229.61,1,2,Kasual (Low Spending)
Kristi Yates,40.84,1,14.82,40.84,1,2,Kasual (Low Spending)
Kristie Bell,1574.58,3,232.92,524.86,1,0,Premium (High Spending)
Kristie Copeland,771.54,3,358.22,257.18,1,0,Premium (High Spending)
Kristie Morgan,864.55,5,329.63,172.91,1,0,Premium (High Spending)
Kristie Snyder,1335.2,4,401.89,333.8,1,0,Premium (High Spending)
Kristin Allen,124.76,1,43.13,124.76,1,2,Kasual (Low Spending)
Kristin Bailey,1210.44,3,468.49,403.48,1,0,Premium (High Spending)
Kristin Brown,326.26,1,77.77,326.26,1,2,Kasual (Low Spending)
Kristin Bryant,586.87,1,98.16,586.87,1,2,Kasual (Low Spending)
Kristin Burton,359.79,3,73.37,119.93,1,3,Potensial (Average Spending)
Kristin Estrada,842.12,1,157.13,842.12,1,2,Kasual (Low Spending)
Kristin Evans,369.28,2,135.86,184.64,1,3,Potensial (Average Spending)
Kristin Fowler,1451.14,2,243.05,725.57,1,3,Potensial (Average Spending)
Kristin Frazier,3863.62,5,552.42,819.16,2,1,VIP (Top Buyers & High Quantity)
Kristin Gill,642.92,1,73.07,642.92,1,2,Kasual (Low Spending)
Kristin Goodman,1278.09,3,264.41,426.03,1,0,Premium (High Spending)
Kristin Hale,348.81,1,48.49,348.81,1,2,Kasual (Low Spending)
Kristin Hendrix,83.71,1,30.7,83.71,1,2,Kasual (Low Spending)
Kristin Patton,310.9,1,50.98,310.9,1,2,Kasual (Low Spending)
Kristin Pennington,1110.04,1,146.16,1110.04,1,2,Kasual (Low Spending)
Kristin Reed,143.79,1,57.24,143.79,1,2,Kasual (Low Spending)
Kristin Roberts,615.54,2,198.27,307.77,1,3,Potensial (Average Spending)
Kristin Romero,2888.19,3,578.01,962.73,1,0,Premium (High Spending)
Kristin Rowe,165.39,1,65.39,165.39,1,2,Kasual (Low Spending)
Kristin Sweeney,2303.25,5,213.75,460.65,1,0,Premium (High Spending)
Kristin Thomas,184.2,1,81.69,184.2,1,2,Kasual (Low Spending)
Kristin Underwood,844.24,4,181.38,211.06,1,0,Premium (High Spending)
Kristin Williams,644.99,1,145.18,644.99,1,2,Kasual (Low Spending)
Kristina Banks,102.72,1,28.74,102.72,1,2,Kasual (Low Spending)
Kristina Brock,1391.67,3,142.91,463.89,1,3,Potensial (Average Spending)
Kristina Evans,360.06,1,93.95,360.06,1,2,Kasual (Low Spending)
Kristina Green,1129.89,3,467.02,376.63,1,0,Premium (High Spending)
Kristina Hall,103.58,1,39.17,103.58,1,2,Kasual (Low Spending)
Kristina Hanson,1673.49,3,200.55,557.83,1,0,Premium (High Spending)
Kristina Jenkins,1174.65,3,328.68,391.55,1,0,Premium (High Spending)
Kristina Johnson MD,199.8,4,68.12,49.95,1,3,Potensial (Average Spending)
Kristina Lopez,761.16,2,61.12,380.58,1,3,Potensial (Average Spending)
Kristina Lutz,1042.15,1,201.93,1042.15,1,2,Kasual (Low Spending)
Kristina Martin,294.72,3,143.89,98.24,1,3,Potensial (Average Spending)
Kristina Miles,582.98,2,161.16,291.49,1,3,Potensial (Average Spending)
Kristina Morgan,350.23,1,154.16,350.23,1,2,Kasual (Low Spending)
Kristina Pacheco,202.54,2,57.79,101.27,1,3,Potensial (Average Spending)
Kristina Sanchez,457.24,4,192.39,114.31,1,3,Potensial (Average Spending)
Kristina Saunders,489.95,1,148.81,489.95,1,2,Kasual (Low Spending)
Kristina Stone,600.83,1,186.46,600.83,1,2,Kasual (Low Spending)
Kristina Thomas,600.99,3,189.37,200.33,1,3,Potensial (Average Spending)
Kristina Walker,180.42,1,39.0,180.42,1,2,Kasual (Low Spending)
Kristina West,629.76,3,64.35,209.92,1,3,Potensial (Average Spending)
Kristina Young,739.95,1,176.8,739.95,1,2,Kasual (Low Spending)
Kristine Bishop,537.94,1,172.97,537.94,1,2,Kasual (Low Spending)
Kristine Bowen,591.33,1,140.87,591.33,1,2,Kasual (Low Spending)
Kristine Davis,1220.6,1,207.4,1220.6,1,2,Kasual (Low Spending)
Kristine Parks,722.66,1,185.54,722.66,1,2,Kasual (Low Spending)
Kristine Perry,90.05,1,17.12,90.05,1,2,Kasual (Low Spending)
Kristopher Aguilar,630.14,2,161.23,315.07,1,3,Potensial (Average Spending)
Kristopher Day,292.62,3,94.14,97.54,1,3,Potensial (Average Spending)
Kristopher Rowe,111.03,1,30.43,111.03,1,2,Kasual (Low Spending)
Kristopher Williams,550.59,3,104.82,183.53,1,3,Potensial (Average Spending)
Kristy Boyd,580.96,1,114.3,580.96,1,2,Kasual (Low Spending)
Kristy Brown,648.24,3,125.25,216.08,1,3,Potensial (Average Spending)
Kristy Cook,412.54,2,151.38,206.27,1,3,Potensial (Average Spending)
Kristy Johnson,1329.84,3,494.05,443.28,1,0,Premium (High Spending)
Kristy Lawrence,572.02,1,77.62,572.02,1,2,Kasual (Low Spending)
Kristy Lee,1265.8,4,408.26,294.71,2,0,Premium (High Spending)
Kristy Levy,937.13,1,96.14,937.13,1,2,Kasual (Low Spending)
Kristy Lewis,692.02,2,226.32,346.01,1,3,Potensial (Average Spending)
Kristy Martin,1409.73,3,442.3,469.91,1,0,Premium (High Spending)
Kristy Miller,479.64,3,94.06,159.88,1,3,Potensial (Average Spending)
Kristy Pierce,516.2,1,63.93,516.2,1,2,Kasual (Low Spending)
Kristy Todd,175.69,1,73.88,175.69,1,2,Kasual (Low Spending)
Krystal Bell,649.27,1,76.3,649.27,1,2,Kasual (Low Spending)
Krystal Blair,659.04,4,148.77,164.76,1,3,Potensial (Average Spending)
Krystal Brown,92.09,1,26.23,92.09,1,2,Kasual (Low Spending)
Krystal Cox,538.24,2,198.55,269.12,1,3,Potensial (Average Spending)
Krystal Martin,736.63,1,61.68,736.63,1,2,Kasual (Low Spending)
Krystal Pugh,2146.59,3,266.93,715.53,1,0,Premium (High Spending)
Krystal Roberts,607.38,3,126.05,202.46,1,3,Potensial (Average Spending)
Krystal Rodriguez,280.56,2,51.89,140.28,1,3,Potensial (Average Spending)
Krystal Thomas,6286.85,5,762.79,1257.37,1,1,VIP (Top Buyers & High Quantity)
Krystal White,4061.2,5,627.92,812.24,1,1,VIP (Top Buyers & High Quantity)
Krystal Young,2185.64,2,303.97,1092.82,1,0,Premium (High Spending)
Kurt Kidd,778.2,1,104.15,778.2,1,2,Kasual (Low Spending)
Kurt Martinez,946.49,1,183.38,946.49,1,2,Kasual (Low Spending)
Kurt Mueller,217.12,2,60.79,108.56,1,3,Potensial (Average Spending)
Kurt Rodgers,2834.25,3,509.99,944.75,1,0,Premium (High Spending)
Kyle Andersen,247.4,4,37.22,61.85,1,3,Potensial (Average Spending)
Kyle Anderson,827.54,2,252.92,413.77,1,3,Potensial (Average Spending)
Kyle Bell,70.65,1,30.88,70.65,1,2,Kasual (Low Spending)
Kyle Bond,824.02,2,315.58,412.01,1,3,Potensial (Average Spending)
Kyle Branch,927.11,1,91.59,927.11,1,2,Kasual (Low Spending)
Kyle Carr,750.68,1,115.27,750.68,1,2,Kasual (Low Spending)
Kyle Carrillo,517.29,3,216.7,172.43,1,3,Potensial (Average Spending)
Kyle Casey,2702.68,4,416.31,675.67,1,0,Premium (High Spending)
Kyle Cohen,803.66,2,317.15,401.83,1,3,Potensial (Average Spending)
Kyle Colon,671.22,1,233.59,671.22,1,2,Kasual (Low Spending)
Kyle Donaldson,632.28,2,180.02,316.14,1,3,Potensial (Average Spending)
Kyle Garcia,59.05,1,23.59,59.05,1,2,Kasual (Low Spending)
Kyle Gibson,442.19,1,118.79,442.19,1,2,Kasual (Low Spending)
Kyle Glenn,408.74,1,103.81,408.74,1,2,Kasual (Low Spending)
Kyle Hurley,143.34,2,57.72,71.67,1,3,Potensial (Average Spending)
Kyle Krause,147.64,1,39.62,147.64,1,2,Kasual (Low Spending)
Kyle Lewis,1037.85,5,160.17,207.57,1,0,Premium (High Spending)
Kyle Lopez,1079.35,2,168.66,539.675,2,3,Potensial (Average Spending)
Kyle Martin,640.63,1,153.43,640.63,1,2,Kasual (Low Spending)
Kyle Meyers,478.42,2,140.07,239.21,1,3,Potensial (Average Spending)
Kyle Moore,455.08,1,169.56,455.08,1,2,Kasual (Low Spending)
Kyle Murray,958.29,3,348.96,319.43,1,0,Premium (High Spending)
Kyle Odonnell,260.18,1,50.01,260.18,1,2,Kasual (Low Spending)
Kyle Parks,115.45,1,22.74,115.45,1,2,Kasual (Low Spending)
Kyle Perez,908.98,2,240.79,454.49,1,3,Potensial (Average Spending)
Kyle Reed,150.31,1,12.94,150.31,1,2,Kasual (Low Spending)
Kyle Rice,493.49,1,115.14,493.49,1,2,Kasual (Low Spending)
Kyle Rodriguez,449.38,1,149.03,449.38,1,2,Kasual (Low Spending)
Kyle Sanders,98.98,1,13.88,98.98,1,2,Kasual (Low Spending)
Kyle Simon,1687.38,3,183.24,562.46,1,0,Premium (High Spending)
Kyle Smith,510.42,2,69.64,255.21,2,3,Potensial (Average Spending)
Kyle Spears,410.81,2,105.33000000000001,205.405,2,3,Potensial (Average Spending)
Kyle Spencer,833.02,1,112.88,833.02,1,2,Kasual (Low Spending)
Kyle Thomas,2557.47,3,262.44,852.49,1,0,Premium (High Spending)
Kyle Thompson,131.22,1,42.86,131.22,1,2,Kasual (Low Spending)
Kyle Vaughn,1137.63,1,141.34,1137.63,1,2,Kasual (Low Spending)
Kyle Ward,2069.04,3,332.18,689.68,1,0,Premium (High Spending)
Kyle Weiss,1966.56,3,240.71,655.52,1,0,Premium (High Spending)
Kyle Williams,902.79,3,374.17,300.93,1,0,Premium (High Spending)
Kylie Meyer,137.39,1,42.35,137.39,1,2,Kasual (Low Spending)
Lacey Bautista,966.3,2,397.24,483.15,1,0,Premium (High Spending)
Lacey Ortega,611.96,1,92.15,611.96,1,2,Kasual (Low Spending)
Lacey Park,643.21,1,97.33,643.21,1,2,Kasual (Low Spending)
Lacey Vasquez,872.49,3,114.74,290.83,1,3,Potensial (Average Spending)
Lance Harris,317.83,1,96.65,317.83,1,2,Kasual (Low Spending)
Lance Hernandez,2461.32,3,220.44,820.44,1,0,Premium (High Spending)
Lance Jackson,250.93,1,94.09,250.93,1,2,Kasual (Low Spending)
Lance Jones,42.79,1,11.1,42.79,1,2,Kasual (Low Spending)
Lance Lee,1093.0,4,374.17,273.25,1,0,Premium (High Spending)
Lance Lopez,177.01,1,38.55,177.01,1,2,Kasual (Low Spending)
Lance Manning,905.83,1,128.93,905.83,1,2,Kasual (Low Spending)
Lance Preston,320.53,1,86.07,320.53,1,2,Kasual (Low Spending)
Lance Simon,666.54,1,157.37,666.54,1,2,Kasual (Low Spending)
Lance Sims,133.31,1,45.5,133.31,1,2,Kasual (Low Spending)
Lance Walton,44.95,1,13.26,44.95,1,2,Kasual (Low Spending)
Larry Allen,342.42,1,41.96,342.42,1,2,Kasual (Low Spending)
Larry Bradshaw,378.72,2,116.77,189.36,1,3,Potensial (Average Spending)
Larry Brown,3030.44,4,700.69,757.61,1,1,VIP (Top Buyers & High Quantity)
Larry Ellis,774.86,2,123.74,387.43,1,3,Potensial (Average Spending)
Larry Fisher,153.7,1,47.4,153.7,1,2,Kasual (Low Spending)
Larry Foster,1643.34,2,298.88,821.67,1,0,Premium (High Spending)
Larry Haley,248.57,1,80.26,248.57,1,2,Kasual (Low Spending)
Larry Jones,648.11,1,60.25,648.11,1,2,Kasual (Low Spending)
Larry Kennedy,934.35,3,75.86,311.45,1,3,Potensial (Average Spending)
Larry Lynch,531.56,1,112.78,531.56,1,2,Kasual (Low Spending)
Larry Martinez,1058.0700000000002,2,153.37,529.0350000000001,2,3,Potensial (Average Spending)
Larry Meadows,2736.56,4,830.15,684.14,1,1,VIP (Top Buyers & High Quantity)
Larry Miller,230.36,1,82.34,230.36,1,2,Kasual (Low Spending)
Larry Oliver,494.48,1,153.15,494.48,1,2,Kasual (Low Spending)
Larry Ortiz,396.08,2,55.86,198.04,1,3,Potensial (Average Spending)
Larry Perez,914.04,1,125.1,914.04,1,2,Kasual (Low Spending)
Larry Reeves,194.73,1,24.35,194.73,1,2,Kasual (Low Spending)
Larry Richards,123.25,1,61.41,123.25,1,2,Kasual (Low Spending)
Larry Roberts,1066.12,2,131.28,533.06,1,3,Potensial (Average Spending)
Larry Sawyer,351.31,1,148.98,351.31,1,2,Kasual (Low Spending)
Larry Silva,805.88,2,361.4,402.94,1,3,Potensial (Average Spending)
Larry Simmons,2487.66,3,503.07,829.22,1,0,Premium (High Spending)
Larry Strong,493.28,2,72.95,246.64,1,3,Potensial (Average Spending)
Larry Vargas,635.23,1,143.08,635.23,1,2,Kasual (Low Spending)
Larry Webster,271.16,2,95.75,135.58,1,3,Potensial (Average Spending)
Larry Wilson,1280.23,4,328.46000000000004,419.91499999999996,2,0,Premium (High Spending)
Larry Winters,352.44,1,107.94,352.44,1,2,Kasual (Low Spending)
Latasha Conner,1839.68,2,180.92,919.84,1,3,Potensial (Average Spending)
Latasha Cook,1257.69,3,370.9,419.23,1,0,Premium (High Spending)
Latasha Jones,1920.27,3,374.22,640.09,1,0,Premium (High Spending)
Latoya Burns,560.4,3,247.96,186.8,1,3,Potensial (Average Spending)
Latoya Cook MD,1330.74,3,461.65,443.58,1,0,Premium (High Spending)
Latoya Delgado,495.48,3,120.75,165.16,1,3,Potensial (Average Spending)
Latoya Marshall,170.55,1,80.76,170.55,1,2,Kasual (Low Spending)
Laura Aguilar,1111.04,2,286.01,555.52,1,3,Potensial (Average Spending)
Laura Baldwin,790.39,1,107.36,790.39,1,2,Kasual (Low Spending)
Laura Bell,2054.97,3,342.16,684.99,1,0,Premium (High Spending)
Laura Benson,402.9,3,164.51,134.3,1,3,Potensial (Average Spending)
Laura Bentley,143.0,2,54.44,71.5,1,3,Potensial (Average Spending)
Laura Booker,263.79,1,89.63,263.79,1,2,Kasual (Low Spending)
Laura Burke,541.65,1,130.21,541.65,1,2,Kasual (Low Spending)
Laura Calhoun,745.65,3,156.22,248.55,1,3,Potensial (Average Spending)
Laura Callahan,1111.32,2,112.0,555.66,1,3,Potensial (Average Spending)
Laura Campbell,610.3,2,195.06,305.15,1,3,Potensial (Average Spending)
Laura Campos,379.95,1,139.27,379.95,1,2,Kasual (Low Spending)
Laura Carter,1143.96,2,160.06,571.98,1,3,Potensial (Average Spending)
Laura Chang,852.67,1,194.93,852.67,1,2,Kasual (Low Spending)
Laura Chapman,166.5,1,31.65,166.5,1,2,Kasual (Low Spending)
Laura Charles,1229.97,3,205.47,409.99,1,3,Potensial (Average Spending)
Laura Clark,727.71,3,298.63,242.57,1,3,Potensial (Average Spending)
Laura Coffey,1262.22,1,223.48,1262.22,1,2,Kasual (Low Spending)
Laura Collins,824.86,2,196.77,412.43,1,3,Potensial (Average Spending)
Laura Cook,270.52,2,48.33,135.26,1,3,Potensial (Average Spending)
Laura Cordova,969.69,1,80.21,969.69,1,2,Kasual (Low Spending)
Laura Cowan,5757.78,6,1502.92,959.63,1,1,VIP (Top Buyers & High Quantity)
Laura Davis,472.08,3,194.92,157.36,1,3,Potensial (Average Spending)
Laura Diaz,269.54,1,83.13,269.54,1,2,Kasual (Low Spending)
Laura Eaton,373.48,2,158.36,186.74,1,3,Potensial (Average Spending)
Laura Ellis,36.24,1,12.01,36.24,1,2,Kasual (Low Spending)
Laura Flores,457.86,2,203.22,228.93,1,3,Potensial (Average Spending)
Laura Gonzales,1156.53,3,181.13,385.51,1,3,Potensial (Average Spending)
Laura Gonzalez,227.8,2,100.48,113.9,1,3,Potensial (Average Spending)
Laura Goodman,72.43,1,20.58,72.43,1,2,Kasual (Low Spending)
Laura Gordon,157.59,3,45.54,52.53,1,3,Potensial (Average Spending)
Laura Hamilton,365.61,1,63.01,365.61,1,2,Kasual (Low Spending)
Laura Hanna,1850.12,2,280.03,925.06,1,0,Premium (High Spending)
Laura Harris,1315.18,2,223.88,657.59,1,3,Potensial (Average Spending)
Laura Henry,814.1,5,93.17,162.82,1,0,Premium (High Spending)
Laura Henson,353.94,2,115.3,176.97,1,3,Potensial (Average Spending)
Laura Hernandez,213.04,1,80.97,213.04,1,2,Kasual (Low Spending)
Laura Herrera,230.7,1,28.63,230.7,1,2,Kasual (Low Spending)
Laura Ingram,133.06,2,60.26,66.53,1,3,Potensial (Average Spending)
Laura Jacobs,275.12,2,96.63,137.56,1,3,Potensial (Average Spending)
Laura Johnson,571.93,2,102.0,285.965,2,3,Potensial (Average Spending)
Laura Jones,356.84,2,136.08,178.42,1,3,Potensial (Average Spending)
Laura King,932.69,1,124.85,932.69,1,2,Kasual (Low Spending)
Laura Lambert,650.41,1,69.08,650.41,1,2,Kasual (Low Spending)
Laura Lin DVM,478.8,1,67.96,478.8,1,2,Kasual (Low Spending)
Laura Long,351.41,1,111.26,351.41,1,2,Kasual (Low Spending)
Laura Lopez,146.69,1,51.62,146.69,1,2,Kasual (Low Spending)
Laura Marks,2858.88,3,521.46,952.96,1,0,Premium (High Spending)
Laura Mata,1050.0,2,141.59,525.0,1,3,Potensial (Average Spending)
Laura Mathis,383.78,2,38.0,191.89,1,3,Potensial (Average Spending)
Laura Mccoy,266.18,1,96.88,266.18,1,2,Kasual (Low Spending)
Laura Mckenzie,263.09,1,64.89,263.09,1,2,Kasual (Low Spending)
Laura Mitchell,99.87,1,38.17,99.87,1,2,Kasual (Low Spending)
Laura Morales,477.1,1,153.0,477.1,1,2,Kasual (Low Spending)
Laura Mullins,289.46,2,123.39,144.73,1,3,Potensial (Average Spending)
Laura Murray,505.42,1,58.63,505.42,1,2,Kasual (Low Spending)
Laura Nguyen,1614.4,4,578.35,403.6,1,0,Premium (High Spending)
Laura Parker,83.4,1,26.18,83.4,1,2,Kasual (Low Spending)
Laura Patterson,888.73,7,220.21999999999997,191.77,2,0,Premium (High Spending)
Laura Perkins,522.79,1,79.64,522.79,1,2,Kasual (Low Spending)
Laura Potter,1123.1,2,175.41,561.55,2,3,Potensial (Average Spending)
Laura Ramirez,1158.12,3,487.57,386.04,1,0,Premium (High Spending)
Laura Rogers,52.65,1,24.6,52.65,1,2,Kasual (Low Spending)
Laura Rosales,1722.92,2,161.67,861.46,1,3,Potensial (Average Spending)
Laura Russell,130.38,2,34.6,65.19,1,3,Potensial (Average Spending)
Laura Scott,249.16,2,96.9,124.58,1,3,Potensial (Average Spending)
Laura Snow,141.96,2,42.74,70.98,1,3,Potensial (Average Spending)
Laura Stephens,5800.38,6,571.21,966.73,1,1,VIP (Top Buyers & High Quantity)
Laura Thomas,1267.74,2,208.02,633.87,1,3,Potensial (Average Spending)
Laura Valdez,358.96,4,116.18,89.74,1,3,Potensial (Average Spending)
Laura Vazquez,653.82,3,108.25,217.94,1,3,Potensial (Average Spending)
Laura Walter,1521.24,2,220.15,760.62,1,3,Potensial (Average Spending)
Laura White,836.34,2,361.81,418.17,1,3,Potensial (Average Spending)
Laura Williams,2590.89,5,547.87,412.5566666666667,3,1,VIP (Top Buyers & High Quantity)
Laura Wilson,90.9,1,32.88,90.9,1,2,Kasual (Low Spending)
Laura Wong,2369.91,3,632.02,789.97,1,0,Premium (High Spending)
Laura Woods,297.51,1,82.91,297.51,1,2,Kasual (Low Spending)
Laura Yates,1451.62,2,486.9,725.81,1,0,Premium (High Spending)
Laura Yoder,2044.68,3,285.65,681.56,1,0,Premium (High Spending)
Lauren Alexander,99.14,1,20.56,99.14,1,2,Kasual (Low Spending)
Lauren Baker,218.46,1,79.9,218.46,1,2,Kasual (Low Spending)
Lauren Bauer,1398.64,2,427.99,699.32,1,0,Premium (High Spending)
Lauren Beard,380.31,3,84.67,126.77,1,3,Potensial (Average Spending)
Lauren Bridges,282.02,2,115.02,141.01,1,3,Potensial (Average Spending)
Lauren Brown,835.8499999999999,2,160.22,417.92499999999995,2,3,Potensial (Average Spending)
Lauren Chavez,1392.98,2,234.15,696.49,1,3,Potensial (Average Spending)
Lauren Chen,286.89,1,51.12,286.89,1,2,Kasual (Low Spending)
Lauren Cook,60.33,1,18.02,60.33,1,2,Kasual (Low Spending)
Lauren Cruz,308.0,4,128.13,77.0,1,3,Potensial (Average Spending)
Lauren Cunningham,1036.74,3,255.64,345.58,1,0,Premium (High Spending)
Lauren Gomez,1960.49,5,376.28999999999996,506.16999999999996,2,0,Premium (High Spending)
Lauren Guerrero DDS,381.67,1,107.89,381.67,1,2,Kasual (Low Spending)
Lauren Hampton DVM,113.43,1,43.91,113.43,1,2,Kasual (Low Spending)
Lauren Harmon,1792.16,2,346.94,896.08,1,0,Premium (High Spending)
Lauren Hickman,766.83,1,179.66,766.83,1,2,Kasual (Low Spending)
Lauren Higgins,446.18,1,79.58,446.18,1,2,Kasual (Low Spending)
Lauren Johnson,2319.78,3,489.12,773.26,1,0,Premium (High Spending)
Lauren Jones,818.58,2,165.97,409.29,1,3,Potensial (Average Spending)
Lauren Lam,793.7,1,145.68,793.7,1,2,Kasual (Low Spending)
Lauren Lewis,563.38,1,74.93,563.38,1,2,Kasual (Low Spending)
Lauren Martinez,369.67,1,97.45,369.67,1,2,Kasual (Low Spending)
Lauren Moore,1081.91,1,130.74,1081.91,1,2,Kasual (Low Spending)
Lauren Morton,100.42,1,19.37,100.42,1,2,Kasual (Low Spending)
Lauren Owens,984.54,3,141.03,328.18,1,3,Potensial (Average Spending)
Lauren Parker,106.1,1,13.31,106.1,1,2,Kasual (Low Spending)
Lauren Perez,302.0,1,30.25,302.0,1,2,Kasual (Low Spending)
Lauren Peterson,228.48,1,54.23,228.48,1,2,Kasual (Low Spending)
Lauren Richardson,91.19,1,18.8,91.19,1,2,Kasual (Low Spending)
Lauren Rodriguez,685.38,1,227.48,685.38,1,2,Kasual (Low Spending)
Lauren Roman,254.96,2,67.09,127.48,1,3,Potensial (Average Spending)
Lauren Romero,324.33,3,98.89,108.11,1,3,Potensial (Average Spending)
Lauren Rose,321.02,2,65.56,160.51,1,3,Potensial (Average Spending)
Lauren Ryan,349.89,3,148.08,116.63,1,3,Potensial (Average Spending)
Lauren Simmons,2524.06,2,302.2,1262.03,1,0,Premium (High Spending)
Lauren Sims,700.46,2,201.62,350.23,1,3,Potensial (Average Spending)
Lauren Taylor,378.58000000000004,5,133.69,113.555,2,3,Potensial (Average Spending)
Lauren Walters,87.0,3,24.28,29.0,1,3,Potensial (Average Spending)
Lauren Wiley,1463.68,2,277.71,731.84,1,3,Potensial (Average Spending)
Laurie Brown,611.9,1,76.56,611.9,1,2,Kasual (Low Spending)
Laurie Cox,68.26,1,13.81,68.26,1,2,Kasual (Low Spending)
Laurie Edwards,308.15,5,137.25,61.63,1,3,Potensial (Average Spending)
Laurie Garcia,1630.23,5,295.59999999999997,285.895,2,0,Premium (High Spending)
Laurie Henry,190.81,1,89.47,190.81,1,2,Kasual (Low Spending)
Laurie Hogan,94.69,1,34.37,94.69,1,2,Kasual (Low Spending)
Laurie Huang,222.83,1,43.6,222.83,1,2,Kasual (Low Spending)
Laurie Johnson,331.84,2,137.94,165.92,1,3,Potensial (Average Spending)
Laurie Jones,813.56,2,123.55,406.78,1,3,Potensial (Average Spending)
Laurie Morton,2252.82,3,389.36,750.94,1,0,Premium (High Spending)
Laurie Peterson,421.1,1,141.09,421.1,1,2,Kasual (Low Spending)
Laurie Torres,92.34,1,41.41,92.34,1,2,Kasual (Low Spending)
Laurie Velasquez,83.34,1,29.88,83.34,1,2,Kasual (Low Spending)
Laurie Warren,472.34,2,161.8,236.17,1,3,Potensial (Average Spending)
Laurie Watson,553.05,3,120.6,184.35,1,3,Potensial (Average Spending)
Laurie Young DVM,170.8,1,28.57,170.8,1,2,Kasual (Low Spending)
Lawrence Beltran,2547.93,3,229.2,849.31,1,0,Premium (High Spending)
Lawrence Clark,261.8,2,115.24,130.9,1,3,Potensial (Average Spending)
Lawrence Gonzales,1532.97,3,220.67,510.99,1,0,Premium (High Spending)
Lawrence Gonzalez,87.75,1,29.64,87.75,1,2,Kasual (Low Spending)
Lawrence Morrison,131.0,2,55.55,65.5,1,3,Potensial (Average Spending)
Lawrence Oliver,1885.88,2,188.71,942.94,1,3,Potensial (Average Spending)
Lawrence Smith,382.43,1,161.02,382.43,1,2,Kasual (Low Spending)
Lawrence Vargas,1335.94,2,152.12,667.97,1,3,Potensial (Average Spending)
Lawrence Wagner,581.92,4,89.25,145.48,1,3,Potensial (Average Spending)
Lawrence Warren,322.8,1,66.84,322.8,1,2,Kasual (Low Spending)
Leah Anderson,134.43,1,41.87,134.43,1,2,Kasual (Low Spending)
Leah Carpenter,653.48,4,141.63,163.37,1,3,Potensial (Average Spending)
Leah Davis,1772.28,2,351.56,886.14,1,0,Premium (High Spending)
Leah Dennis,683.95,1,225.24,683.95,1,2,Kasual (Low Spending)
Leah Erickson,245.38,2,106.96,122.69,1,3,Potensial (Average Spending)
Leah Goodwin,3652.32,4,609.77,913.08,1,1,VIP (Top Buyers & High Quantity)
Leah Hamilton,505.66,2,226.13,252.83,1,3,Potensial (Average Spending)
Leah Manning,259.65,1,93.07,259.65,1,2,Kasual (Low Spending)
Leah Mckee,1967.08,4,345.56,491.77,1,0,Premium (High Spending)
Leah Mckinney,781.0,2,74.61,390.5,1,3,Potensial (Average Spending)
Leah Montgomery,1820.25,3,510.69,606.75,1,0,Premium (High Spending)
Leah Silva,98.48,2,41.33,49.24,1,3,Potensial (Average Spending)
Leah Smith,1032.18,2,205.81,516.09,1,3,Potensial (Average Spending)
Leah Tucker,447.64,2,113.05,223.82,1,3,Potensial (Average Spending)
Leah West,834.66,2,102.5,417.33,1,3,Potensial (Average Spending)
Lee Chen,58.4,1,14.41,58.4,1,2,Kasual (Low Spending)
Lee Hinton,63.17,1,27.29,63.17,1,2,Kasual (Low Spending)
Lee Hood,556.33,1,71.28,556.33,1,2,Kasual (Low Spending)
Lee Miles,788.1,2,258.83,394.05,1,3,Potensial (Average Spending)
Lee Reeves,89.28,1,30.15,89.28,1,2,Kasual (Low Spending)
Lee Reynolds,1874.28,6,740.94,312.38,1,1,VIP (Top Buyers & High Quantity)
Lee Riley,610.32,2,80.7,305.16,1,3,Potensial (Average Spending)
Lee Sparks,243.3,1,110.43,243.3,1,2,Kasual (Low Spending)
Lee Washington,419.33,1,99.53,419.33,1,2,Kasual (Low Spending)
Lee Woodard,1096.14,2,107.14,548.07,1,3,Potensial (Average Spending)
Leon Larson,302.07,3,54.57,100.69,1,3,Potensial (Average Spending)
Leon Ruiz,282.88,1,51.5,282.88,1,2,Kasual (Low Spending)
Leon Soto,575.7,3,218.42,191.9,1,3,Potensial (Average Spending)
Leonard Carter,185.84,1,33.76,185.84,1,2,Kasual (Low Spending)
Leonard Krueger,289.1,1,76.92,289.1,1,2,Kasual (Low Spending)
Leonard Pratt,296.03,1,63.19,296.03,1,2,Kasual (Low Spending)
Leonard Rivera,772.1,1,97.5,772.1,1,2,Kasual (Low Spending)
Leslie Adams,1220.6,2,425.32,610.3,1,0,Premium (High Spending)
Leslie Allison,511.56,2,126.3,255.78,1,3,Potensial (Average Spending)
Leslie Andersen,827.73,3,166.93,275.91,1,3,Potensial (Average Spending)
Leslie Anderson,59.7,1,21.51,59.7,1,2,Kasual (Low Spending)
Leslie Bradford,935.64,2,287.26,467.82,1,3,Potensial (Average Spending)
Leslie Clark,648.25,5,127.37,129.65,1,0,Premium (High Spending)
Leslie Deleon,638.22,3,240.26,212.74,1,3,Potensial (Average Spending)
Leslie Evans,376.41,3,50.45,125.47,1,3,Potensial (Average Spending)
Leslie Gonzalez,419.58,1,155.49,419.58,1,2,Kasual (Low Spending)
Leslie Harris,2339.64,3,264.35,779.88,1,0,Premium (High Spending)
Leslie Hayes,716.26,1,157.61,716.26,1,2,Kasual (Low Spending)
Leslie Juarez,698.59,1,93.18,698.59,1,2,Kasual (Low Spending)
Leslie Mcdowell,368.7,1,48.19,368.7,1,2,Kasual (Low Spending)
Leslie Morgan,137.08,1,32.8,137.08,1,2,Kasual (Low Spending)
Leslie Morris,573.93,3,208.57,191.31,1,3,Potensial (Average Spending)
Leslie Moses,599.62,2,162.05,299.81,1,3,Potensial (Average Spending)
Leslie Pena,158.6,5,56.45,31.72,1,3,Potensial (Average Spending)
Leslie Pollard,609.88,4,53.96,152.47,1,3,Potensial (Average Spending)
Leslie Powell MD,186.54,1,31.39,186.54,1,2,Kasual (Low Spending)
Leslie Sanchez,333.04,2,73.69,166.52,1,3,Potensial (Average Spending)
Leslie Thomas,279.84,2,97.36,139.92,1,3,Potensial (Average Spending)
Leslie Willis DDS,67.7,2,15.89,33.85,1,3,Potensial (Average Spending)
Levi Hernandez,660.54,3,160.03,220.18,1,3,Potensial (Average Spending)
Levi Wang,780.36,2,121.54,390.18,1,3,Potensial (Average Spending)
Linda Alexander,1306.65,3,287.4,435.55,1,0,Premium (High Spending)
Linda Ali,465.62,2,61.19,232.81,1,3,Potensial (Average Spending)
Linda Anderson,62.57,1,15.36,62.57,1,2,Kasual (Low Spending)
Linda Bowers,1811.55,3,221.78,603.85,1,0,Premium (High Spending)
Linda Bradley,289.86,3,116.02,96.62,1,3,Potensial (Average Spending)
Linda Brown,151.84,1,16.84,151.84,1,2,Kasual (Low Spending)
Linda Buchanan,1461.44,2,135.7,730.72,1,3,Potensial (Average Spending)
Linda Burns,224.24,1,74.14,224.24,1,2,Kasual (Low Spending)
Linda Clark,1803.2,4,334.01,450.8,1,0,Premium (High Spending)
Linda Collins,467.96,4,127.31,116.99,1,3,Potensial (Average Spending)
Linda Cook,1550.8,2,272.41,775.4,1,3,Potensial (Average Spending)
Linda Diaz,574.85,1,185.48,574.85,1,2,Kasual (Low Spending)
Linda Gomez,536.77,1,161.92,536.77,1,2,Kasual (Low Spending)
Linda Gonzalez,948.2,2,180.4,474.1,1,3,Potensial (Average Spending)
Linda Good,513.38,1,63.62,513.38,1,2,Kasual (Low Spending)
Linda Hanson,1257.21,3,302.72,419.07,1,0,Premium (High Spending)
Linda Henry,792.58,1,128.85,792.58,1,2,Kasual (Low Spending)
Linda Hernandez,177.83,1,64.71,177.83,1,2,Kasual (Low Spending)
Linda Howard,395.14,1,152.15,395.14,1,2,Kasual (Low Spending)
Linda Hudson,370.26,1,107.2,370.26,1,2,Kasual (Low Spending)
Linda Krueger,168.42,1,70.56,168.42,1,2,Kasual (Low Spending)
Linda Long,285.27,1,46.93,285.27,1,2,Kasual (Low Spending)
Linda Lopez,190.41,3,84.86,63.47,1,3,Potensial (Average Spending)
Linda Martin,1722.3,3,302.34,574.1,1,0,Premium (High Spending)
Linda Mcguire,231.56,1,91.36,231.56,1,2,Kasual (Low Spending)
Linda Mercado,1958.02,2,319.86,979.01,1,0,Premium (High Spending)
Linda Ochoa,380.58,2,127.31,190.29,1,3,Potensial (Average Spending)
Linda Oliver,2280.12,3,324.62,760.04,1,0,Premium (High Spending)
Linda Perez,466.46,2,95.12,233.23,1,3,Potensial (Average Spending)
Linda Roberts,1225.2,3,393.79,408.4,1,0,Premium (High Spending)
Linda Robles,58.43,1,19.09,58.43,1,2,Kasual (Low Spending)
Linda Sanders,510.06,3,180.35,170.02,1,3,Potensial (Average Spending)
Linda Schwartz,62.71,1,16.54,62.71,1,2,Kasual (Low Spending)
Linda Scott,498.92,4,150.77,124.73,1,3,Potensial (Average Spending)
Linda Silva,530.0,1,113.06,530.0,1,2,Kasual (Low Spending)
Linda Tyler,1643.24,2,564.82,821.62,1,0,Premium (High Spending)
Linda Valenzuela,414.58,1,128.15,414.58,1,2,Kasual (Low Spending)
Linda Walsh,786.19,1,128.23,786.19,1,2,Kasual (Low Spending)
Linda Williams,1962.24,4,181.85,490.56,1,0,Premium (High Spending)
Linda Wilson,302.68,2,78.09,151.34,1,3,Potensial (Average Spending)
Lindsay Aguilar,482.48,1,104.56,482.48,1,2,Kasual (Low Spending)
Lindsay Andrade,122.66,1,14.9,122.66,1,2,Kasual (Low Spending)
Lindsay Arnold,915.6,2,113.36,457.8,1,3,Potensial (Average Spending)
Lindsay Cantu,798.82,1,100.27,798.82,1,2,Kasual (Low Spending)
Lindsay Clay,2084.1,2,272.17,1042.05,1,0,Premium (High Spending)
Lindsay Cohen,305.44,1,90.44,305.44,1,2,Kasual (Low Spending)
Lindsay Collins,501.14,1,86.05,501.14,1,2,Kasual (Low Spending)
Lindsay Fitzgerald,710.08,1,64.14,710.08,1,2,Kasual (Low Spending)
Lindsay Flores,1596.34,2,271.96,798.17,1,0,Premium (High Spending)
Lindsay Fox,2114.49,3,228.25,704.83,1,0,Premium (High Spending)
Lindsay Gomez,400.23,1,131.38,400.23,1,2,Kasual (Low Spending)
Lindsay Henderson,387.27,3,74.31,129.09,1,3,Potensial (Average Spending)
Lindsay Hudson,621.4,1,153.98,621.4,1,2,Kasual (Low Spending)
Lindsay Hughes,761.34,1,129.68,761.34,1,2,Kasual (Low Spending)
Lindsay Hunter,424.09,1,186.04,424.09,1,2,Kasual (Low Spending)
Lindsay Jackson,415.1,2,137.44,207.55,1,3,Potensial (Average Spending)
Lindsay Johnson,528.84,2,208.95,264.42,1,3,Potensial (Average Spending)
Lindsay Knight,329.01,3,80.76,109.67,1,3,Potensial (Average Spending)
Lindsay Lee,2254.34,2,751.82,1127.17,1,0,Premium (High Spending)
Lindsay Martinez,189.11,1,33.22,189.11,1,2,Kasual (Low Spending)
Lindsay Miller,333.67,1,104.29,333.67,1,2,Kasual (Low Spending)
Lindsay Montgomery,1768.4,4,266.97,442.1,1,0,Premium (High Spending)
Lindsay Short,449.3,2,191.32,224.65,1,3,Potensial (Average Spending)
Lindsay Ward,204.2,2,48.94,102.1,1,3,Potensial (Average Spending)
Lindsay Wolfe,4170.95,5,1129.79,834.19,1,1,VIP (Top Buyers & High Quantity)
Lindsey Alvarez,182.08,1,50.26,182.08,1,2,Kasual (Low Spending)
Lindsey Anderson,873.72,6,302.52,145.62,1,0,Premium (High Spending)
Lindsey Barrett,79.82,1,18.89,79.82,1,2,Kasual (Low Spending)
Lindsey Cisneros,236.91,1,70.46,236.91,1,2,Kasual (Low Spending)
Lindsey Cunningham,263.62,2,73.96,131.81,1,3,Potensial (Average Spending)
Lindsey Edwards,207.69,1,33.44,207.69,1,2,Kasual (Low Spending)
Lindsey Fritz,177.49,1,74.98,177.49,1,2,Kasual (Low Spending)
Lindsey Gomez,815.12,2,328.55,407.56,1,3,Potensial (Average Spending)
Lindsey Johnson,406.84,2,198.99,203.42,1,3,Potensial (Average Spending)
Lindsey Kelly,317.14,1,70.09,317.14,1,2,Kasual (Low Spending)
Lindsey Key,416.25,1,131.2,416.25,1,2,Kasual (Low Spending)
Lindsey Lee,294.95,1,98.38,294.95,1,2,Kasual (Low Spending)
Lindsey Lewis,886.94,1,73.84,886.94,1,2,Kasual (Low Spending)
Lindsey Lloyd,176.24,2,81.91,88.12,1,3,Potensial (Average Spending)
Lindsey Melton,568.23,1,173.46,568.23,1,2,Kasual (Low Spending)
Lindsey Morgan,384.82,1,100.83,384.82,1,2,Kasual (Low Spending)
Lindsey Reed,307.78,2,62.28,153.89,1,3,Potensial (Average Spending)
Lindsey Roberts,320.95,1,113.57,320.95,1,2,Kasual (Low Spending)
Lindsey Turner,688.48,2,263.51,344.24,1,3,Potensial (Average Spending)
Lindsey Wade,279.65,1,120.84,279.65,1,2,Kasual (Low Spending)
Lindsey Yates,1170.86,2,137.19,585.43,1,3,Potensial (Average Spending)
Lisa Aguilar,445.74,2,126.28,222.87,1,3,Potensial (Average Spending)
Lisa Alvarez,1658.06,2,228.54,829.03,1,3,Potensial (Average Spending)
Lisa Anderson,124.67,1,18.38,124.67,1,2,Kasual (Low Spending)
Lisa Andrews,496.88,1,53.44,496.88,1,2,Kasual (Low Spending)
Lisa Ayala,555.07,1,46.28,555.07,1,2,Kasual (Low Spending)
Lisa Baker,1417.42,2,448.44,708.71,1,0,Premium (High Spending)
Lisa Banks,732.42,1,224.57,732.42,1,2,Kasual (Low Spending)
Lisa Barnett,900.67,1,98.46,900.67,1,2,Kasual (Low Spending)
Lisa Barrett,209.28,1,89.4,209.28,1,2,Kasual (Low Spending)
Lisa Becker,3596.0,4,401.27,899.0,1,0,Premium (High Spending)
Lisa Bell,1271.8,4,318.77,317.95,1,0,Premium (High Spending)
Lisa Blackwell,767.49,1,212.58,767.49,1,2,Kasual (Low Spending)
Lisa Blake,642.93,1,172.26,642.93,1,2,Kasual (Low Spending)
Lisa Bradley,4034.38,8,915.6800000000001,560.67,2,1,VIP (Top Buyers & High Quantity)
Lisa Bridges,1120.74,3,170.1,373.58,1,3,Potensial (Average Spending)
Lisa Brown,1360.02,6,329.38,230.37,2,0,Premium (High Spending)
Lisa Burns,352.59,3,103.57,117.53,1,3,Potensial (Average Spending)
Lisa Bush,288.12,4,69.78,72.03,1,3,Potensial (Average Spending)
Lisa Butler,94.48,2,25.87,47.24,1,3,Potensial (Average Spending)
Lisa Caldwell,473.9,1,74.92,473.9,1,2,Kasual (Low Spending)
Lisa Castaneda,43.44,2,11.6,21.72,1,3,Potensial (Average Spending)
Lisa Choi,333.6,1,133.5,333.6,1,2,Kasual (Low Spending)
Lisa Clark,883.65,3,179.93,294.55,1,3,Potensial (Average Spending)
Lisa Craig,740.34,1,61.62,740.34,1,2,Kasual (Low Spending)
Lisa Curry,97.34,1,30.0,97.34,1,2,Kasual (Low Spending)
Lisa Curtis,860.32,2,296.05,430.16,1,3,Potensial (Average Spending)
Lisa Davies,2286.33,3,532.92,762.11,1,0,Premium (High Spending)
Lisa Davis,1097.52,4,259.03999999999996,274.38,2,0,Premium (High Spending)
Lisa Evans,1327.32,3,273.01,442.44,1,0,Premium (High Spending)
Lisa Fitzpatrick,261.6,2,126.44,130.8,1,3,Potensial (Average Spending)
Lisa Fleming,283.73,1,68.18,283.73,1,2,Kasual (Low Spending)
Lisa Frazier,886.49,1,294.07,886.49,1,2,Kasual (Low Spending)
Lisa Glover,424.46,1,165.98,424.46,1,2,Kasual (Low Spending)
Lisa Gonzalez,2998.67,5,403.99,460.045,2,1,VIP (Top Buyers & High Quantity)
Lisa Gray,177.93,1,37.96,177.93,1,2,Kasual (Low Spending)
Lisa Gregory,567.3,1,188.96,567.3,1,2,Kasual (Low Spending)
Lisa Griffin,1864.96,6,494.53,393.48,2,1,VIP (Top Buyers & High Quantity)
Lisa Hebert,318.58,2,139.19,159.29,1,3,Potensial (Average Spending)
Lisa Holt,924.1,5,365.93,184.82,1,0,Premium (High Spending)
Lisa Hooper,1740.92,2,574.19,870.46,1,0,Premium (High Spending)
Lisa Howard,46.99,1,13.24,46.99,1,2,Kasual (Low Spending)
Lisa Jensen,63.75,1,29.39,63.75,1,2,Kasual (Low Spending)
Lisa Johnson,452.90999999999997,2,88.00999999999999,226.45499999999998,2,3,Potensial (Average Spending)
Lisa Jones,858.15,1,242.06,858.15,1,2,Kasual (Low Spending)
Lisa Keith,754.42,1,117.75,754.42,1,2,Kasual (Low Spending)
Lisa Kelly,756.64,1,110.98,756.64,1,2,Kasual (Low Spending)
Lisa Knight DVM,467.12,1,98.71,467.12,1,2,Kasual (Low Spending)
Lisa Lee,5354.55,5,1101.54,1070.91,1,1,VIP (Top Buyers & High Quantity)
Lisa Leon,497.16,3,180.57,165.72,1,3,Potensial (Average Spending)
Lisa Lewis,498.32,2,247.65,249.16,1,3,Potensial (Average Spending)
Lisa Logan,203.05,1,47.72,203.05,1,2,Kasual (Low Spending)
Lisa Mack,164.08,1,20.19,164.08,1,2,Kasual (Low Spending)
Lisa Martinez,410.22,2,43.66,205.11,1,3,Potensial (Average Spending)
Lisa Maxwell,1152.51,3,237.39,384.17,1,0,Premium (High Spending)
Lisa Mcclain,637.94,1,170.84,637.94,1,2,Kasual (Low Spending)
Lisa Mcdowell,236.32,1,80.76,236.32,1,2,Kasual (Low Spending)
Lisa Mckenzie,790.6,2,186.93,395.3,1,3,Potensial (Average Spending)
Lisa Meyer,142.47,3,43.03,47.49,1,3,Potensial (Average Spending)
Lisa Miller,1287.9,3,392.5,429.3,1,0,Premium (High Spending)
Lisa Mooney,107.68,2,23.44,53.84,1,3,Potensial (Average Spending)
Lisa Moore,892.26,2,205.63,446.13,2,3,Potensial (Average Spending)
Lisa Nguyen,432.82,2,176.86,216.41,1,3,Potensial (Average Spending)
Lisa Ortiz,100.59,1,30.52,100.59,1,2,Kasual (Low Spending)
Lisa Owens,581.18,1,79.15,581.18,1,2,Kasual (Low Spending)
Lisa Parks,179.53,2,46.5,89.765,2,3,Potensial (Average Spending)
Lisa Perez,1193.67,2,233.42,596.835,2,3,Potensial (Average Spending)
Lisa Perry,1407.3,5,490.91,281.46,1,0,Premium (High Spending)
Lisa Peters MD,1301.34,3,177.36,433.78,1,3,Potensial (Average Spending)
Lisa Peterson,11394.86,12,2121.92,907.8100000000001,2,1,VIP (Top Buyers & High Quantity)
Lisa Reed,335.89,1,98.05,335.89,1,2,Kasual (Low Spending)
Lisa Reid,532.63,1,97.45,532.63,1,2,Kasual (Low Spending)
Lisa Reynolds,694.74,1,201.02,694.74,1,2,Kasual (Low Spending)
Lisa Romero,766.88,1,88.58,766.88,1,2,Kasual (Low Spending)
Lisa Rush,539.57,1,185.75,539.57,1,2,Kasual (Low Spending)
Lisa Sanders,514.92,1,107.48,514.92,1,2,Kasual (Low Spending)
Lisa Savage,819.26,2,333.13,409.63,1,3,Potensial (Average Spending)
Lisa Scott,3151.95,5,349.28,630.39,1,0,Premium (High Spending)
Lisa Shannon,297.48,3,56.65,99.16,1,3,Potensial (Average Spending)
Lisa Shaw,125.05,1,41.49,125.05,1,2,Kasual (Low Spending)
Lisa Simon,261.07,1,58.74,261.07,1,2,Kasual (Low Spending)
Lisa Small,189.2,1,71.18,189.2,1,2,Kasual (Low Spending)
Lisa Smith,499.99,2,75.59,249.995,2,3,Potensial (Average Spending)
Lisa Spears,233.16,2,44.95,116.58,1,3,Potensial (Average Spending)
Lisa Sullivan,328.6,2,111.25,164.3,1,3,Potensial (Average Spending)
Lisa Turner,3339.7,5,538.2,667.94,1,1,VIP (Top Buyers & High Quantity)
Lisa Valdez,717.29,1,138.63,717.29,1,2,Kasual (Low Spending)
Lisa Vang,3190.44,3,310.11,1063.48,1,0,Premium (High Spending)
Lisa Villarreal,2897.76,4,255.19,724.44,1,0,Premium (High Spending)
Lisa Warren,608.16,2,168.98,304.08,1,3,Potensial (Average Spending)
Lisa Watkins,645.49,1,56.04,645.49,1,2,Kasual (Low Spending)
Lisa Welch,274.71,1,39.14,274.71,1,2,Kasual (Low Spending)
Lisa West,143.25,1,56.98,143.25,1,2,Kasual (Low Spending)
Lisa Williams,1847.26,2,194.58,923.63,1,3,Potensial (Average Spending)
Lisa Williamson,670.78,2,124.67,335.39,1,3,Potensial (Average Spending)
Lisa Wood,257.06,2,71.33,128.53,1,3,Potensial (Average Spending)
Logan Ashley,1727.52,4,242.34,431.88,1,0,Premium (High Spending)
Logan Bennett,672.15,3,229.99,224.05,1,3,Potensial (Average Spending)
Logan Bradley,172.2,2,73.16,86.1,1,3,Potensial (Average Spending)
Logan Calderon,634.26,1,64.68,634.26,1,2,Kasual (Low Spending)
Logan Castaneda,312.68,2,127.08,156.34,1,3,Potensial (Average Spending)
Logan Coffey,2749.65,3,277.6,916.55,1,0,Premium (High Spending)
Logan Dominguez,172.71,1,73.15,172.71,1,2,Kasual (Low Spending)
Logan James,133.47,1,34.73,133.47,1,2,Kasual (Low Spending)
Logan Jennings,790.08,1,202.11,790.08,1,2,Kasual (Low Spending)
Logan Kelly,199.48,2,98.38,99.74,1,3,Potensial (Average Spending)
Logan Ramirez,673.4,2,75.61,336.7,1,3,Potensial (Average Spending)
Logan Russell,898.03,1,78.1,898.03,1,2,Kasual (Low Spending)
Logan Taylor,255.56,2,98.87,127.78,1,3,Potensial (Average Spending)
Lonnie Rubio,693.27,3,206.63,231.09,1,3,Potensial (Average Spending)
Loretta Wilkins,787.7,2,156.43,393.85,1,3,Potensial (Average Spending)
Loretta Wood,573.64,2,71.51,286.82,1,3,Potensial (Average Spending)
Lori Arellano,234.77,1,69.45,234.77,1,2,Kasual (Low Spending)
Lori Ayers,79.71,1,22.29,79.71,1,2,Kasual (Low Spending)
Lori Bowman,198.02,1,57.32,198.02,1,2,Kasual (Low Spending)
Lori Brooks,434.3,1,174.17,434.3,1,2,Kasual (Low Spending)
Lori Campbell,636.85,1,65.9,636.85,1,2,Kasual (Low Spending)
Lori Carr,1435.14,2,437.71,717.57,1,0,Premium (High Spending)
Lori Chaney,692.48,4,172.62,173.12,1,3,Potensial (Average Spending)
Lori Cooper,487.91,1,59.1,487.91,1,2,Kasual (Low Spending)
Lori Cox,503.16,3,159.48,167.72,1,3,Potensial (Average Spending)
Lori Davies,318.9,2,124.16,159.45,1,3,Potensial (Average Spending)
Lori Gallegos,354.57,3,124.06,118.19,1,3,Potensial (Average Spending)
Lori Gonzalez,486.8,1,93.78,486.8,1,2,Kasual (Low Spending)
Lori Hamilton,218.42,1,63.58,218.42,1,2,Kasual (Low Spending)
Lori Henderson,497.02,2,145.75,248.51,1,3,Potensial (Average Spending)
Lori Johnson,129.17,1,28.16,129.17,1,2,Kasual (Low Spending)
Lori Lane,1822.64,2,273.67,911.32,1,0,Premium (High Spending)
Lori Lee,581.61,3,282.23,193.87,1,3,Potensial (Average Spending)
Lori Martin,822.58,1,78.38,822.58,1,2,Kasual (Low Spending)
Lori Martinez,167.41,1,14.48,167.41,1,2,Kasual (Low Spending)
Lori Matthews,1206.68,2,202.03,603.34,1,3,Potensial (Average Spending)
Lori Mejia,92.13,1,25.78,92.13,1,2,Kasual (Low Spending)
Lori Moore,424.47,1,63.2,424.47,1,2,Kasual (Low Spending)
Lori Murray,3107.6000000000004,7,617.22,450.115,2,1,VIP (Top Buyers & High Quantity)
Lori Perez,70.49,1,19.46,70.49,1,2,Kasual (Low Spending)
Lori Perkins,180.95,1,61.43,180.95,1,2,Kasual (Low Spending)
Lori Ramirez,586.62,3,70.96,195.54,1,3,Potensial (Average Spending)
Lori Reyes,252.58,2,57.06,126.29,1,3,Potensial (Average Spending)
Lori Richards,603.84,3,118.6,201.28,1,3,Potensial (Average Spending)
Lori Roberts,878.96,1,248.76,878.96,1,2,Kasual (Low Spending)
Lori Rodriguez,300.93,3,124.67,100.31,1,3,Potensial (Average Spending)
Lori Salazar,611.59,1,55.28,611.59,1,2,Kasual (Low Spending)
Lori Sanchez,194.92,2,47.94,97.46,1,3,Potensial (Average Spending)
Lori Smith,4429.25,10,999.1899999999999,314.4425,4,1,VIP (Top Buyers & High Quantity)
Lori Stephenson,313.16,1,91.8,313.16,1,2,Kasual (Low Spending)
Lori Thomas,205.55,1,68.01,205.55,1,2,Kasual (Low Spending)
Lori Torres,233.71,1,22.54,233.71,1,2,Kasual (Low Spending)
Lori Vasquez,424.66,1,90.22,424.66,1,2,Kasual (Low Spending)
Lori Vazquez,334.84,4,107.01,83.71,1,3,Potensial (Average Spending)
Lori Woodard,943.26,1,152.56,943.26,1,2,Kasual (Low Spending)
Lorraine Avery,297.21,3,71.95,99.07,1,3,Potensial (Average Spending)
Lorraine Dixon,112.92,1,44.91,112.92,1,2,Kasual (Low Spending)
Lorraine Huffman,221.93,1,109.97,221.93,1,2,Kasual (Low Spending)
Louis Cooley,454.26,3,160.17,151.42,1,3,Potensial (Average Spending)
Louis Hamilton,2661.36,3,346.38,887.12,1,0,Premium (High Spending)
Louis Larson,801.38,2,121.08,400.69,1,3,Potensial (Average Spending)
Louis Lucero,378.72,4,113.88,94.68,1,3,Potensial (Average Spending)
Louis Mitchell,688.92,3,283.74,229.64,1,3,Potensial (Average Spending)
Louis Simmons,2503.72,2,711.19,1251.86,1,0,Premium (High Spending)
Louis Smith,594.71,1,197.8,594.71,1,2,Kasual (Low Spending)
Louis White,200.37,1,48.07,200.37,1,2,Kasual (Low Spending)
Lucas Chambers,334.08,1,118.83,334.08,1,2,Kasual (Low Spending)
Lucas Graham,198.06,1,58.99,198.06,1,2,Kasual (Low Spending)
Lucas Lindsey,702.02,1,131.64,702.02,1,2,Kasual (Low Spending)
Lucas Park,339.6,1,145.17,339.6,1,2,Kasual (Low Spending)
Lucas Parrish,812.39,1,246.95,812.39,1,2,Kasual (Low Spending)
Lucas Tapia,669.64,1,149.11,669.64,1,2,Kasual (Low Spending)
Lucas Taylor,571.84,1,51.38,571.84,1,2,Kasual (Low Spending)
Luis Anderson,563.5,1,48.04,563.5,1,2,Kasual (Low Spending)
Luis Davis,408.39,3,136.69,136.13,1,3,Potensial (Average Spending)
Luis Delgado,149.26,1,62.68,149.26,1,2,Kasual (Low Spending)
Luis Duncan,393.39,1,50.03,393.39,1,2,Kasual (Low Spending)
Luis Estrada,1233.56,2,326.67,616.78,1,3,Potensial (Average Spending)
Luis Harris,213.45,1,80.97,213.45,1,2,Kasual (Low Spending)
Luis Huang,788.28,4,209.53,197.07,1,0,Premium (High Spending)
Luis Lewis,310.84,4,134.6,77.71,1,3,Potensial (Average Spending)
Luis Mercado,395.96,1,82.23,395.96,1,2,Kasual (Low Spending)
Luis Miller,6069.6,6,740.5799999999999,628.0799999999999,2,1,VIP (Top Buyers & High Quantity)
Luis Owens,2336.22,3,381.99,778.74,1,0,Premium (High Spending)
Luis Perkins,1103.16,6,232.44,183.86,1,0,Premium (High Spending)
Luis Smith,311.36,4,122.79,77.84,2,3,Potensial (Average Spending)
Luis Thompson,472.64,2,76.06,236.32,1,3,Potensial (Average Spending)
Luis Wade,1807.53,3,607.23,602.51,1,0,Premium (High Spending)
Luke Adams,100.13,1,31.32,100.13,1,2,Kasual (Low Spending)
Luke Barker,2146.08,4,556.93,536.52,1,0,Premium (High Spending)
Luke Brown MD,664.9,1,108.36,664.9,1,2,Kasual (Low Spending)
Luke Fox,532.44,3,116.42,177.48,1,3,Potensial (Average Spending)
Luke Hanson,342.56,2,88.12,171.28,1,3,Potensial (Average Spending)
Luke Jones DVM,1027.92,2,98.33,513.96,1,3,Potensial (Average Spending)
Luke Martin,39.34,1,11.68,39.34,1,2,Kasual (Low Spending)
Luke Munoz,374.94,1,68.85,374.94,1,2,Kasual (Low Spending)
Luke Pittman DDS,3041.72,4,722.94,760.43,1,1,VIP (Top Buyers & High Quantity)
Luke Underwood,617.46,3,207.36,205.82,1,3,Potensial (Average Spending)
Luke Washington,330.96,2,80.74,165.48,1,3,Potensial (Average Spending)
Luke Zuniga,3152.52,4,285.49,788.13,1,0,Premium (High Spending)
Lydia Mcdonald,61.4,1,11.53,61.4,1,2,Kasual (Low Spending)
Lynn Edwards,328.98,2,90.76,164.49,1,3,Potensial (Average Spending)
Lynn Hess,572.22,2,162.5,286.11,1,3,Potensial (Average Spending)
Lynn Houston,266.81,1,57.64,266.81,1,2,Kasual (Low Spending)
Lynn Monroe,1315.65,3,371.7,438.55,1,0,Premium (High Spending)
Lynn Turner,624.96,1,80.04,624.96,1,2,Kasual (Low Spending)
Lynn Ward,658.27,1,71.81,658.27,1,2,Kasual (Low Spending)
Mackenzie Allen,468.98,1,95.12,468.98,1,2,Kasual (Low Spending)
Mackenzie Hall,320.06,1,90.84,320.06,1,2,Kasual (Low Spending)
Mackenzie Harmon,667.76,4,237.37,166.94,1,0,Premium (High Spending)
Mackenzie Jordan,1085.32,2,325.03,542.66,1,3,Potensial (Average Spending)
Mackenzie Mccoy,365.18,2,152.24,182.59,1,3,Potensial (Average Spending)
Mackenzie Rogers,980.32,2,87.95,490.16,1,3,Potensial (Average Spending)
Mackenzie Skinner,679.26,3,300.17,226.42,1,3,Potensial (Average Spending)
Mackenzie Thompson,497.48,1,59.08,497.48,1,2,Kasual (Low Spending)
Madeline Edwards,74.78,1,13.58,74.78,1,2,Kasual (Low Spending)
Madeline Harrington,523.65,5,131.58,104.73,1,0,Premium (High Spending)
Madeline King,556.43,1,124.99,556.43,1,2,Kasual (Low Spending)
Madeline Pratt,3236.4,6,657.36,539.4,1,1,VIP (Top Buyers & High Quantity)
Madeline Sanchez,352.07,1,90.3,352.07,1,2,Kasual (Low Spending)
Madeline Tate,412.2,5,115.82,82.44,1,3,Potensial (Average Spending)
Madison Aguilar,710.88,1,107.71,710.88,1,2,Kasual (Low Spending)
Madison Bridges DVM,964.2,1,149.06,964.2,1,2,Kasual (Low Spending)
Madison Clark,69.05,1,23.98,69.05,1,2,Kasual (Low Spending)
Madison Cruz,376.56,2,118.71,188.28,1,3,Potensial (Average Spending)
Madison Evans,833.6,4,387.92,208.4,1,0,Premium (High Spending)
Madison Harmon,342.52,2,163.39,171.26,1,3,Potensial (Average Spending)
Madison Hawkins,67.42,2,29.06,33.71,1,3,Potensial (Average Spending)
Madison Keller,151.52,1,18.18,151.52,1,2,Kasual (Low Spending)
Madison Lara,1410.84,2,269.49,705.42,1,3,Potensial (Average Spending)
Madison Macias,864.28,1,205.1,864.28,1,2,Kasual (Low Spending)
Madison Mcmillan,632.93,1,220.83,632.93,1,2,Kasual (Low Spending)
Madison Murray,332.08,4,111.01,83.02,1,3,Potensial (Average Spending)
Madison Reese,139.91,1,28.91,139.91,1,2,Kasual (Low Spending)
Madison Robinson,2429.43,3,384.62,809.81,1,0,Premium (High Spending)
Madison Smith,967.08,1,215.78,967.08,1,2,Kasual (Low Spending)
Madison Stevens,1682.4,2,504.22,841.2,1,0,Premium (High Spending)
Madison Sullivan,4918.85,5,539.71,983.77,1,1,VIP (Top Buyers & High Quantity)
Makayla Douglas,22.85,1,5.49,22.85,1,2,Kasual (Low Spending)
Makayla Hernandez,86.55,1,12.33,86.55,1,2,Kasual (Low Spending)
Makayla Thompson,1306.65,3,565.87,435.55,1,0,Premium (High Spending)
Mallory Johnson,185.7,2,40.79,92.85,1,3,Potensial (Average Spending)
Mallory Ramirez,200.81,1,59.08,200.81,1,2,Kasual (Low Spending)
Mallory Sparks,529.01,1,157.06,529.01,1,2,Kasual (Low Spending)
Mallory Stewart,162.52,1,41.15,162.52,1,2,Kasual (Low Spending)
Mallory Watson,135.15,1,32.29,135.15,1,2,Kasual (Low Spending)
Mandy Davis,376.32,2,74.56,188.16,1,3,Potensial (Average Spending)
Manuel Barber,1279.92,3,546.39,426.64,1,0,Premium (High Spending)
Manuel Benton,1546.78,2,206.71,773.39,1,3,Potensial (Average Spending)
Manuel Coleman,236.4,2,77.27,118.2,1,3,Potensial (Average Spending)
Manuel Hanson,348.33,1,121.62,348.33,1,2,Kasual (Low Spending)
Manuel Irwin,333.28,2,90.75,166.64,1,3,Potensial (Average Spending)
Manuel Lee,50.34,1,14.9,50.34,1,2,Kasual (Low Spending)
Manuel Rasmussen,726.72,2,295.14,363.36,1,3,Potensial (Average Spending)
Manuel Roberts,1716.24,2,368.34,858.12,1,0,Premium (High Spending)
Manuel Smith,388.04,1,83.58,388.04,1,2,Kasual (Low Spending)
Manuel Stout,198.37,1,53.82,198.37,1,2,Kasual (Low Spending)
Manuel Williams,347.22,2,166.33,173.61,1,3,Potensial (Average Spending)
Marc Beard,526.36,4,199.97,131.59,1,3,Potensial (Average Spending)
Marc Clark,527.04,1,49.08,527.04,1,2,Kasual (Low Spending)
Marc Curtis,334.48,2,69.14,167.24,1,3,Potensial (Average Spending)
Marc George,178.76,1,43.52,178.76,1,2,Kasual (Low Spending)
Marc Jones,642.6,2,177.63,321.3,1,3,Potensial (Average Spending)
Marc Perry,1220.7,3,491.07,406.9,1,0,Premium (High Spending)
Marc Rodriguez,2692.5,3,613.21,897.5,1,0,Premium (High Spending)
Marc Rogers,432.96,2,94.12,216.48,1,3,Potensial (Average Spending)
Marcia White,844.56,2,100.35,422.28,1,3,Potensial (Average Spending)
Marco Morgan,2670.06,3,441.35,890.02,1,0,Premium (High Spending)
Marcus Berry,937.25,1,116.89,937.25,1,2,Kasual (Low Spending)
Marcus Chavez,1114.04,1,161.96,1114.04,1,2,Kasual (Low Spending)
Marcus Duran,496.38,2,216.68,248.19,1,3,Potensial (Average Spending)
Marcus Gonzalez,3055.2299999999996,7,941.77,392.37999999999994,3,1,VIP (Top Buyers & High Quantity)
Marcus Harrell,46.0,1,14.15,46.0,1,2,Kasual (Low Spending)
Marcus Higgins,831.42,1,77.77,831.42,1,2,Kasual (Low Spending)
Marcus Hinton,511.5,3,79.67,170.5,1,3,Potensial (Average Spending)
Marcus Ho,692.01,1,59.1,692.01,1,2,Kasual (Low Spending)
Marcus Huang,518.94,1,44.83,518.94,1,2,Kasual (Low Spending)
Marcus Johnson,731.12,1,66.03,731.12,1,2,Kasual (Low Spending)
Marcus Martin,838.5,2,239.05,419.25,1,3,Potensial (Average Spending)
Marcus Mills,857.88,2,336.53,428.94,1,3,Potensial (Average Spending)
Marcus Rosario,1262.72,2,252.41,631.36,1,3,Potensial (Average Spending)
Marcus Russell,837.32,2,82.08,418.66,1,3,Potensial (Average Spending)
Marcus Waller,244.58,2,64.79,122.29,1,3,Potensial (Average Spending)
Marcus Warren,853.08,1,214.99,853.08,1,2,Kasual (Low Spending)
Marcus Williams,745.54,2,136.86,372.77,1,3,Potensial (Average Spending)
Marcus Wilson,1420.05,5,426.62,284.01,1,0,Premium (High Spending)
Marcus Wolfe,1074.6,5,304.71,214.92,1,0,Premium (High Spending)
Marcus Wright,1242.54,6,245.84,207.09,1,0,Premium (High Spending)
Marcus Young,64.64,2,18.12,32.32,1,3,Potensial (Average Spending)
Margaret Adams,637.74,3,157.77,212.58,1,3,Potensial (Average Spending)
Margaret Alexander,552.47,1,174.99,552.47,1,2,Kasual (Low Spending)
Margaret Armstrong,551.73,3,247.32,183.91,1,3,Potensial (Average Spending)
Margaret Davidson,378.7,2,131.7,189.35,1,3,Potensial (Average Spending)
Margaret Dunn,610.82,2,251.06,305.41,1,3,Potensial (Average Spending)
Margaret Fernandez,310.49,1,75.7,310.49,1,2,Kasual (Low Spending)
Margaret Fritz,785.17,1,156.78,785.17,1,2,Kasual (Low Spending)
Margaret Grimes,971.24,1,160.05,971.24,1,2,Kasual (Low Spending)
Margaret Guzman,366.75,1,52.17,366.75,1,2,Kasual (Low Spending)
Margaret Harrison,398.22,3,118.32,132.74,1,3,Potensial (Average Spending)
Margaret Huynh,780.56,2,303.19,390.28,1,3,Potensial (Average Spending)
Margaret Joseph,237.75,1,55.08,237.75,1,2,Kasual (Low Spending)
Margaret Mann,607.5,5,164.82,121.5,1,0,Premium (High Spending)
Margaret Mcmahon,2348.64,3,385.06,782.88,1,0,Premium (High Spending)
Margaret Mcmillan,1484.8,4,414.69,371.2,1,0,Premium (High Spending)
Margaret Miller,661.26,2,197.89,330.63,2,3,Potensial (Average Spending)
Margaret Morris,508.83,1,75.61,508.83,1,2,Kasual (Low Spending)
Margaret Page,184.83,1,57.71,184.83,1,2,Kasual (Low Spending)
Margaret Reynolds,677.07,1,71.28,677.07,1,2,Kasual (Low Spending)
Margaret Rocha,731.12,2,283.12,365.56,1,3,Potensial (Average Spending)
Margaret Rodgers,263.64,1,22.9,263.64,1,2,Kasual (Low Spending)
Margaret Sampson,938.96,1,111.8,938.96,1,2,Kasual (Low Spending)
Margaret Small,409.68,1,62.26,409.68,1,2,Kasual (Low Spending)
Margaret Thomas,518.73,3,248.59,172.91,1,3,Potensial (Average Spending)
Margaret Zimmerman,3118.47,3,255.4,1039.49,1,0,Premium (High Spending)
Maria Atkins,116.49,1,29.1,116.49,1,2,Kasual (Low Spending)
Maria Barker,1217.01,3,310.11,405.67,1,0,Premium (High Spending)
Maria Berry,103.98,2,30.61,51.99,1,3,Potensial (Average Spending)
Maria Brown,1156.37,3,195.64999999999998,507.24,2,3,Potensial (Average Spending)
Maria Carpenter,376.14,1,123.38,376.14,1,2,Kasual (Low Spending)
Maria Duncan,250.26,2,31.4,125.13,1,3,Potensial (Average Spending)
Maria Ellis,930.08,1,211.62,930.08,1,2,Kasual (Low Spending)
Maria Foster,1211.07,3,184.1,403.69,1,3,Potensial (Average Spending)
Maria Garcia,246.75,1,59.88,246.75,1,2,Kasual (Low Spending)
Maria Garner,510.96,3,45.34,170.32,1,3,Potensial (Average Spending)
Maria Hansen,96.59,1,33.75,96.59,1,2,Kasual (Low Spending)
Maria Hernandez,835.2,2,202.97,417.6,1,3,Potensial (Average Spending)
Maria Hill,757.92,2,222.31,378.96,1,3,Potensial (Average Spending)
Maria Jefferson,318.64,1,60.0,318.64,1,2,Kasual (Low Spending)
Maria Jenkins,275.5,1,71.32,275.5,1,2,Kasual (Low Spending)
Maria Johnson,240.1,2,22.79,120.05,1,3,Potensial (Average Spending)
Maria Johnston,1377.6,2,461.13,688.8,1,0,Premium (High Spending)
Maria Lane,545.65,5,223.19,109.13,1,0,Premium (High Spending)
Maria Lawrence,754.46,1,181.48,754.46,1,2,Kasual (Low Spending)
Maria Lee,1928.77,2,405.99,964.385,2,0,Premium (High Spending)
Maria Lopez,914.34,2,196.73,457.17,1,3,Potensial (Average Spending)
Maria Lynch,3239.08,4,496.37,809.77,1,1,VIP (Top Buyers & High Quantity)
Maria Mathews,1050.06,2,145.85,525.03,1,3,Potensial (Average Spending)
Maria Miller,771.29,1,124.49,771.29,1,2,Kasual (Low Spending)
Maria Morris,489.73,1,48.92,489.73,1,2,Kasual (Low Spending)
Maria Navarro,1767.04,2,235.85,883.52,1,3,Potensial (Average Spending)
Maria Newman,309.55,1,81.88,309.55,1,2,Kasual (Low Spending)
Maria Obrien,497.22,3,223.21,165.74,1,3,Potensial (Average Spending)
Maria Oneal,3434.35,5,325.88,686.87,1,1,VIP (Top Buyers & High Quantity)
Maria Pollard,348.65,1,137.55,348.65,1,2,Kasual (Low Spending)
Maria Ramirez,300.52,1,110.49,300.52,1,2,Kasual (Low Spending)
Maria Reed,300.95,1,83.17,300.95,1,2,Kasual (Low Spending)
Maria Richardson,407.65,1,74.27,407.65,1,2,Kasual (Low Spending)
Maria Rodriguez,170.35,1,71.08,170.35,1,2,Kasual (Low Spending)
Maria Romero,1716.36,3,375.5,572.12,1,0,Premium (High Spending)
Maria Sanchez,855.7,5,384.57,171.14,1,0,Premium (High Spending)
Maria Shaffer,2562.66,3,414.59,854.22,1,0,Premium (High Spending)
Maria Sherman,1518.33,3,357.86,506.11,1,0,Premium (High Spending)
Maria Silva,1614.08,4,514.22,403.52,1,0,Premium (High Spending)
Maria Smith,449.18,2,197.96,224.59,1,3,Potensial (Average Spending)
Maria Stephenson,161.52,1,77.49,161.52,1,2,Kasual (Low Spending)
Maria Sullivan,202.26,1,81.3,202.26,1,2,Kasual (Low Spending)
Maria Turner,1824.1299999999999,6,700.09,204.945,2,1,VIP (Top Buyers & High Quantity)
Maria Villegas,917.62,1,203.14,917.62,1,2,Kasual (Low Spending)
Maria White,615.6,3,237.26,205.2,1,3,Potensial (Average Spending)
Maria Wilkinson,613.36,4,229.99,153.34,1,0,Premium (High Spending)
Maria Williams,673.82,1,151.26,673.82,1,2,Kasual (Low Spending)
Maria Wright,278.52,2,92.66,139.26,1,3,Potensial (Average Spending)
Maria Zuniga,305.36,1,40.68,305.36,1,2,Kasual (Low Spending)
Mariah Frederick,608.02,2,101.84,304.01,1,3,Potensial (Average Spending)
Mariah Horton,346.58,1,115.48,346.58,1,2,Kasual (Low Spending)
Mariah Johnson,3998.48,4,481.98,999.62,1,1,VIP (Top Buyers & High Quantity)
Mariah Torres,728.1,2,283.23,364.05,1,3,Potensial (Average Spending)
Mariah Watts,539.42,2,62.25,269.71,1,3,Potensial (Average Spending)
Marie Brady,380.41,1,82.77,380.41,1,2,Kasual (Low Spending)
Marie Brooks,161.42,1,49.35,161.42,1,2,Kasual (Low Spending)
Marie Christensen,426.23,1,64.17,426.23,1,2,Kasual (Low Spending)
Marie Green,234.82,2,65.69,117.41,1,3,Potensial (Average Spending)
Marie Kelly,1416.03,3,279.58,472.01,1,0,Premium (High Spending)
Marie Mann,2294.31,3,402.42,764.77,1,0,Premium (High Spending)
Marie Mays,404.96,2,55.35,202.48,1,3,Potensial (Average Spending)
Marie Nelson,210.14,1,35.87,210.14,1,2,Kasual (Low Spending)
Marie Peterson,740.7,1,132.59,740.7,1,2,Kasual (Low Spending)
Marie Pierce,1242.12,4,230.69,310.53,1,0,Premium (High Spending)
Marie Sampson,452.88,1,94.7,452.88,1,2,Kasual (Low Spending)
Marie Turner,1578.38,2,204.02,789.19,1,3,Potensial (Average Spending)
Marie Vasquez,63.94,1,22.61,63.94,1,2,Kasual (Low Spending)
Marilyn Gordon,2284.17,3,237.0,761.39,1,0,Premium (High Spending)
Marilyn Jones,61.57,1,12.24,61.57,1,2,Kasual (Low Spending)
Marilyn King,140.62,1,45.5,140.62,1,2,Kasual (Low Spending)
Marilyn Olson,157.24,2,53.78,78.62,1,3,Potensial (Average Spending)
Marilyn Sanchez,828.54,1,114.08,828.54,1,2,Kasual (Low Spending)
Marilyn Velazquez,850.68,3,331.87,283.56,1,0,Premium (High Spending)
Mario Adams,951.33,1,159.46,951.33,1,2,Kasual (Low Spending)
Mario Edwards,532.94,1,81.56,532.94,1,2,Kasual (Low Spending)
Mario Lopez,1112.1,3,254.03,370.7,1,0,Premium (High Spending)
Mario Mercado,298.2,5,108.4,59.64,1,3,Potensial (Average Spending)
Mario Meza,504.18,2,178.18,252.09,1,3,Potensial (Average Spending)
Mario Nguyen,119.66,1,56.45,119.66,1,2,Kasual (Low Spending)
Mario Nichols,973.24,1,193.48,973.24,1,2,Kasual (Low Spending)
Mario Schneider,669.5,2,123.41,334.75,1,3,Potensial (Average Spending)
Mario White,748.0,3,242.88,219.48499999999999,2,3,Potensial (Average Spending)
Marisa Fisher,752.01,1,226.6,752.01,1,2,Kasual (Low Spending)
Marisa Moore,606.92,1,144.37,606.92,1,2,Kasual (Low Spending)
Marisa Schwartz,1391.49,3,426.31,463.83,1,0,Premium (High Spending)
Marisa Watson,1569.9,3,358.6,523.3,1,0,Premium (High Spending)
Marissa Allen,333.11,1,114.21,333.11,1,2,Kasual (Low Spending)
Marissa Bruce,635.49,1,85.6,635.49,1,2,Kasual (Low Spending)
Marissa Davis,355.8,1,131.51,355.8,1,2,Kasual (Low Spending)
Marissa Gomez,190.8,3,59.18,63.6,1,3,Potensial (Average Spending)
Marissa Hatfield,760.92,3,293.18,253.64,1,3,Potensial (Average Spending)
Marissa Jacobson MD,252.09,1,69.08,252.09,1,2,Kasual (Low Spending)
Marissa Johnson,160.85,1,52.59,160.85,1,2,Kasual (Low Spending)
Marissa Jones,613.6,1,121.43,613.6,1,2,Kasual (Low Spending)
Marissa Marshall,204.0,1,44.05,204.0,1,2,Kasual (Low Spending)
Marissa Ramsey PhD,519.91,1,61.74,519.91,1,2,Kasual (Low Spending)
Marissa Scott,293.35,1,108.45,293.35,1,2,Kasual (Low Spending)
Mark Adams,185.57,1,76.0,185.57,1,2,Kasual (Low Spending)
Mark Allen,612.3,3,252.07,204.1,1,3,Potensial (Average Spending)
Mark Baker,486.63,3,169.69,162.21,1,3,Potensial (Average Spending)
Mark Barajas,922.32,2,164.84,461.16,1,3,Potensial (Average Spending)
Mark Bauer,1571.54,2,503.55,785.77,1,0,Premium (High Spending)
Mark Beard,362.24,2,175.26,181.12,1,3,Potensial (Average Spending)
Mark Bennett,344.72,1,100.18,344.72,1,2,Kasual (Low Spending)
Mark Berg,435.43,1,49.01,435.43,1,2,Kasual (Low Spending)
Mark Berger,172.95,1,17.4,172.95,1,2,Kasual (Low Spending)
Mark Best,24.61,1,8.2,24.61,1,2,Kasual (Low Spending)
Mark Brown,827.51,2,227.02,413.755,2,3,Potensial (Average Spending)
Mark Bullock,281.82,3,89.35,93.94,1,3,Potensial (Average Spending)
Mark Cameron,289.84,1,35.79,289.84,1,2,Kasual (Low Spending)
Mark Carrillo,430.24,1,63.77,430.24,1,2,Kasual (Low Spending)
Mark Carter,1512.09,3,184.34,504.03,1,0,Premium (High Spending)
Mark Church,1495.36,4,155.86,373.84,1,0,Premium (High Spending)
Mark Clark,418.57,1,78.57,418.57,1,2,Kasual (Low Spending)
Mark Clay,215.29,1,47.04,215.29,1,2,Kasual (Low Spending)
Mark Cruz,1157.6399999999999,6,193.19,192.94,2,0,Premium (High Spending)
Mark Davis,570.49,2,128.15,285.245,2,3,Potensial (Average Spending)
Mark Diaz,158.2,2,38.18,79.1,1,3,Potensial (Average Spending)
Mark Dillon,225.47,1,56.91,225.47,1,2,Kasual (Low Spending)
Mark Duncan,1898.92,2,286.25,949.46,1,0,Premium (High Spending)
Mark Dunlap,345.18,2,87.12,172.59,1,3,Potensial (Average Spending)
Mark Erickson,471.1,1,87.81,471.1,1,2,Kasual (Low Spending)
Mark Evans,64.9,1,18.95,64.9,1,2,Kasual (Low Spending)
Mark Fischer,862.61,1,111.62,862.61,1,2,Kasual (Low Spending)
Mark Fitzgerald,2357.04,3,715.61,785.68,1,0,Premium (High Spending)
Mark Fleming,226.08,2,63.57,113.04,1,3,Potensial (Average Spending)
Mark Flores,251.86,1,94.33,251.86,1,2,Kasual (Low Spending)
Mark Floyd,1865.38,2,586.16,932.69,1,0,Premium (High Spending)
Mark Fox,521.75,1,47.5,521.75,1,2,Kasual (Low Spending)
Mark Garcia,1397.48,3,260.2,486.495,2,0,Premium (High Spending)
Mark Gomez,1447.36,2,257.07,723.68,1,3,Potensial (Average Spending)
Mark Gonzalez,796.08,1,121.06,796.08,1,2,Kasual (Low Spending)
Mark Greer,370.07,1,115.23,370.07,1,2,Kasual (Low Spending)
Mark Griffin Jr.,1845.9,2,216.43,922.95,1,3,Potensial (Average Spending)
Mark Hale,779.4,1,145.08,779.4,1,2,Kasual (Low Spending)
Mark Hanna,74.64,3,21.55,24.88,1,3,Potensial (Average Spending)
Mark Hebert,610.37,1,94.02,610.37,1,2,Kasual (Low Spending)
Mark Hicks,197.15,1,84.8,197.15,1,2,Kasual (Low Spending)
Mark Hill MD,839.94,2,225.56,419.97,1,3,Potensial (Average Spending)
Mark Hinton,687.15,3,280.16,229.05,1,3,Potensial (Average Spending)
Mark Horn,976.26,2,341.06,488.13,1,3,Potensial (Average Spending)
Mark Howard,170.81,1,20.88,170.81,1,2,Kasual (Low Spending)
Mark Hudson,1303.12,4,256.61,522.87,2,0,Premium (High Spending)
Mark Jackson,1516.58,7,389.06,232.33,3,1,VIP (Top Buyers & High Quantity)
Mark Jenkins,384.02,1,76.56,384.02,1,2,Kasual (Low Spending)
Mark Johnson,344.78999999999996,3,83.59,124.04499999999999,2,3,Potensial (Average Spending)
Mark Jones,918.65,1,94.18,918.65,1,2,Kasual (Low Spending)
Mark Jordan,2175.27,3,385.29,725.09,1,0,Premium (High Spending)
Mark Kane,204.8,1,36.25,204.8,1,2,Kasual (Low Spending)
Mark Kent,487.63,1,45.08,487.63,1,2,Kasual (Low Spending)
Mark Klein,85.75,1,30.22,85.75,1,2,Kasual (Low Spending)
Mark Knight,139.33,1,44.62,139.33,1,2,Kasual (Low Spending)
Mark Knox,828.34,1,115.24,828.34,1,2,Kasual (Low Spending)
Mark Krause,1644.27,3,279.05,548.09,1,0,Premium (High Spending)
Mark Leblanc Jr.,2069.7,3,606.04,689.9,1,0,Premium (High Spending)
Mark Lindsey,419.48,4,187.15,104.87,1,3,Potensial (Average Spending)
Mark Lopez,1274.16,2,249.05,637.08,1,3,Potensial (Average Spending)
Mark Maddox,571.44,2,151.3,285.72,1,3,Potensial (Average Spending)
Mark Martinez,862.46,1,73.26,862.46,1,2,Kasual (Low Spending)
Mark Mason,1060.63,3,326.62,331.28499999999997,2,0,Premium (High Spending)
Mark Mccormick,37.99,1,10.41,37.99,1,2,Kasual (Low Spending)
Mark Mcgee,83.75,1,33.75,83.75,1,2,Kasual (Low Spending)
Mark Mejia,1084.5,3,341.44,361.5,1,0,Premium (High Spending)
Mark Meyer,600.58,2,196.24,300.29,1,3,Potensial (Average Spending)
Mark Mitchell,1875.4,3,278.17,484.6,2,0,Premium (High Spending)
Mark Montgomery,273.36,3,50.41,91.12,1,3,Potensial (Average Spending)
Mark Morales,3186.4,5,278.94,637.28,1,0,Premium (High Spending)
Mark Moses,2177.02,2,309.68,1088.51,1,0,Premium (High Spending)
Mark Nash,242.04,3,56.18,80.68,1,3,Potensial (Average Spending)
Mark Navarro,1065.76,2,293.91,532.88,1,3,Potensial (Average Spending)
Mark Ochoa,838.16,1,142.32,838.16,1,2,Kasual (Low Spending)
Mark Paul,298.4,2,90.39,149.2,1,3,Potensial (Average Spending)
Mark Perez,687.54,7,154.6,94.18,2,0,Premium (High Spending)
Mark Perkins,336.42,2,144.9,168.21,1,3,Potensial (Average Spending)
Mark Pham,722.8199999999999,5,241.88,146.16,2,0,Premium (High Spending)
Mark Pierce,295.1,1,77.59,295.1,1,2,Kasual (Low Spending)
Mark Poole,281.37,1,86.9,281.37,1,2,Kasual (Low Spending)
Mark Powell,487.56000000000006,2,213.85999999999999,243.78000000000003,2,3,Potensial (Average Spending)
Mark Ramirez,253.69,1,35.29,253.69,1,2,Kasual (Low Spending)
Mark Rivera,211.87,1,104.47,211.87,1,2,Kasual (Low Spending)
Mark Rivera II,228.62,2,55.01,114.31,1,3,Potensial (Average Spending)
Mark Roberts,226.43,1,89.16,226.43,1,2,Kasual (Low Spending)
Mark Robinson,77.81,1,27.61,77.81,1,2,Kasual (Low Spending)
Mark Rodriguez,570.42,3,149.71,190.14,1,3,Potensial (Average Spending)
Mark Rojas,392.84,1,115.92,392.84,1,2,Kasual (Low Spending)
Mark Sanchez,225.33,3,86.96,75.11,1,3,Potensial (Average Spending)
Mark Schneider,425.36,2,118.86,212.68,1,3,Potensial (Average Spending)
Mark Scott,461.82,1,125.38,461.82,1,2,Kasual (Low Spending)
Mark Sharp,409.37,1,160.71,409.37,1,2,Kasual (Low Spending)
Mark Smith Jr.,175.31,1,40.1,175.31,1,2,Kasual (Low Spending)
Mark Solis,1004.43,3,182.58,334.81,1,3,Potensial (Average Spending)
Mark Stephenson,1920.06,3,246.04,640.02,1,0,Premium (High Spending)
Mark Stewart,1944.78,2,261.56,972.39,1,0,Premium (High Spending)
Mark Stone,903.24,1,108.13,903.24,1,2,Kasual (Low Spending)
Mark Thomas,4235.75,5,630.46,847.15,1,1,VIP (Top Buyers & High Quantity)
Mark Thompson,1996.89,3,633.56,665.63,1,0,Premium (High Spending)
Mark Torres,690.76,2,99.86,345.38,1,3,Potensial (Average Spending)
Mark Vega,1910.34,2,183.86,955.17,1,3,Potensial (Average Spending)
Mark Wade,2741.72,4,411.97,685.43,1,0,Premium (High Spending)
Mark Watson,21.58,1,9.27,21.58,1,2,Kasual (Low Spending)
Mark Welch,340.95,1,141.31,340.95,1,2,Kasual (Low Spending)
Mark White,1647.56,2,249.54999999999998,823.78,2,3,Potensial (Average Spending)
Mark Wilson,469.62,2,62.22,234.81,1,3,Potensial (Average Spending)
Mark Wolf,122.68,1,31.44,122.68,1,2,Kasual (Low Spending)
Mark Wright,235.61,1,43.94,235.61,1,2,Kasual (Low Spending)
Mark Wu,638.08,4,308.52,159.52,1,0,Premium (High Spending)
Mark Yang,560.56,2,169.15,280.28,1,3,Potensial (Average Spending)
Mark Young,844.5699999999999,2,172.01000000000002,422.28499999999997,2,3,Potensial (Average Spending)
Martha Beck,661.44,3,301.08,220.48,1,3,Potensial (Average Spending)
Martha Blair,692.04,1,145.86,692.04,1,2,Kasual (Low Spending)
Martha Briggs DVM,276.04,2,63.54,138.02,1,3,Potensial (Average Spending)
Martha Guzman,70.59,3,18.87,23.53,1,3,Potensial (Average Spending)
Martha Hernandez,69.57,1,28.92,69.57,1,2,Kasual (Low Spending)
Martha Hickman,424.52,2,182.23,212.26,1,3,Potensial (Average Spending)
Martha Krause,241.5,3,70.55,80.5,1,3,Potensial (Average Spending)
Martha Nicholson DVM,816.14,1,125.43,816.14,1,2,Kasual (Low Spending)
Martha Obrien MD,536.86,2,75.35,268.43,1,3,Potensial (Average Spending)
Martha Saunders,54.8,1,20.97,54.8,1,2,Kasual (Low Spending)
Martha Stewart,184.58,2,45.94,92.29,1,3,Potensial (Average Spending)
Martin Adams,787.3,2,207.2,393.65,1,3,Potensial (Average Spending)
Martin Berry,1261.29,3,262.07,420.43,1,0,Premium (High Spending)
Martin Cole,131.58,1,41.23,131.58,1,2,Kasual (Low Spending)
Martin James,216.3,3,50.69,72.1,1,3,Potensial (Average Spending)
Martin Martinez,197.99,1,27.05,197.99,1,2,Kasual (Low Spending)
Martin Morales,323.65,1,110.61,323.65,1,2,Kasual (Low Spending)
Martin Pope DDS,49.45,1,15.49,49.45,1,2,Kasual (Low Spending)
Martin Prince,1414.08,2,277.65,707.04,1,3,Potensial (Average Spending)
Martin Robinson,181.66,2,80.85,90.83,1,3,Potensial (Average Spending)
Martin Thompson,2390.94,3,294.19,796.98,1,0,Premium (High Spending)
Marvin Cruz,2037.9,6,438.42,339.65,1,1,VIP (Top Buyers & High Quantity)
Marvin Hammond,444.36,1,61.26,444.36,1,2,Kasual (Low Spending)
Marvin Hicks,159.49,1,33.61,159.49,1,2,Kasual (Low Spending)
Marvin Jenkins,182.3,2,43.14,91.15,1,3,Potensial (Average Spending)
Marvin Jones,2053.38,2,290.6,1026.69,1,0,Premium (High Spending)
Marvin Morris,508.89,1,159.69,508.89,1,2,Kasual (Low Spending)
Marvin Noble,689.02,2,146.31,344.51,1,3,Potensial (Average Spending)
Marvin Powell,390.08,2,112.98,195.04,1,3,Potensial (Average Spending)
Marvin Reynolds,2707.68,3,840.61,902.56,1,1,VIP (Top Buyers & High Quantity)
Marvin Ryan,367.55,1,99.22,367.55,1,2,Kasual (Low Spending)
Marvin Taylor,83.24,1,37.25,83.24,1,2,Kasual (Low Spending)
Marvin Velez,1135.59,1,125.38,1135.59,1,2,Kasual (Low Spending)
Marvin Wilson,555.46,1,188.34,555.46,1,2,Kasual (Low Spending)
Mary Arroyo,189.03,1,46.41,189.03,1,2,Kasual (Low Spending)
Mary Avila,1184.97,3,495.71,394.99,1,0,Premium (High Spending)
Mary Ballard,252.06,3,76.46,84.02,1,3,Potensial (Average Spending)
Mary Berry,437.26,2,145.25,218.63,2,3,Potensial (Average Spending)
Mary Bishop,379.8,1,127.31,379.8,1,2,Kasual (Low Spending)
Mary Boyd,506.96,2,152.58,253.48,1,3,Potensial (Average Spending)
Mary Burch MD,837.28,1,145.06,837.28,1,2,Kasual (Low Spending)
Mary Cameron,239.2,4,60.09,59.8,1,3,Potensial (Average Spending)
Mary Campbell,356.28,4,83.31,89.07,2,3,Potensial (Average Spending)
Mary Carter,495.16,2,83.4,247.58,1,3,Potensial (Average Spending)
Mary Cordova,515.13,3,186.76,171.71,1,3,Potensial (Average Spending)
Mary Cortez,1766.95,5,548.23,353.39,1,0,Premium (High Spending)
Mary Cox,842.38,1,233.85,842.38,1,2,Kasual (Low Spending)
Mary Dean,410.34,1,183.93,410.34,1,2,Kasual (Low Spending)
Mary Espinoza,379.19,1,108.41,379.19,1,2,Kasual (Low Spending)
Mary Evans,1975.96,4,653.11,493.99,1,0,Premium (High Spending)
Mary Figueroa,934.08,2,139.68,467.04,1,3,Potensial (Average Spending)
Mary Fletcher,423.39,1,106.34,423.39,1,2,Kasual (Low Spending)
Mary Flores,404.77,1,74.61,404.77,1,2,Kasual (Low Spending)
Mary Garcia,2839.76,4,468.61,709.94,1,0,Premium (High Spending)
Mary Gilmore,640.99,1,61.86,640.99,1,2,Kasual (Low Spending)
Mary Gonzales,239.8,1,83.08,239.8,1,2,Kasual (Low Spending)
Mary Gonzalez,287.23,1,45.62,287.23,1,2,Kasual (Low Spending)
Mary Goodwin,637.84,1,130.33,637.84,1,2,Kasual (Low Spending)
Mary Grant,736.35,3,323.42,245.45,1,0,Premium (High Spending)
Mary Gray,425.14,2,90.25,212.57,1,3,Potensial (Average Spending)
Mary Greene,421.69,1,171.76,421.69,1,2,Kasual (Low Spending)
Mary Gutierrez,83.92,2,19.85,41.96,1,3,Potensial (Average Spending)
Mary Haley,622.98,3,217.62,207.66,1,3,Potensial (Average Spending)
Mary Hurst,89.22,2,23.9,44.61,1,3,Potensial (Average Spending)
Mary Hutchinson,1103.64,6,345.98,183.94,1,0,Premium (High Spending)
Mary Jackson,888.77,1,132.95,888.77,1,2,Kasual (Low Spending)
Mary Johnson,1915.46,6,467.01,319.24333333333334,3,1,VIP (Top Buyers & High Quantity)
Mary King,366.56,1,45.27,366.56,1,2,Kasual (Low Spending)
Mary Kirk,1308.12,2,207.58,654.06,1,3,Potensial (Average Spending)
Mary Knight,215.51,1,94.33,215.51,1,2,Kasual (Low Spending)
Mary Lee,276.39,3,96.63,92.13,1,3,Potensial (Average Spending)
Mary Lewis,343.68,1,144.02,343.68,1,2,Kasual (Low Spending)
Mary Lopez,311.21,1,85.2,311.21,1,2,Kasual (Low Spending)
Mary Macdonald,766.67,1,99.43,766.67,1,2,Kasual (Low Spending)
Mary Marsh,725.84,2,126.94,362.92,1,3,Potensial (Average Spending)
Mary Marshall,570.97,1,84.98,570.97,1,2,Kasual (Low Spending)
Mary Martinez,554.02,2,85.78,277.01,1,3,Potensial (Average Spending)
Mary Matthews,1992.22,2,240.26,996.11,1,0,Premium (High Spending)
Mary Mcbride,502.86,1,40.43,502.86,1,2,Kasual (Low Spending)
Mary Mccarthy,1151.26,4,292.5,335.02,2,0,Premium (High Spending)
Mary Mcgee,1121.56,2,186.31,560.78,1,3,Potensial (Average Spending)
Mary Mclaughlin,594.58,1,108.58,594.58,1,2,Kasual (Low Spending)
Mary Mclean,255.22,1,113.63,255.22,1,2,Kasual (Low Spending)
Mary Medina,904.4,2,172.1,452.2,1,3,Potensial (Average Spending)
Mary Meyer,204.22,1,44.23,204.22,1,2,Kasual (Low Spending)
Mary Meyers,1647.24,2,258.3,823.62,1,0,Premium (High Spending)
Mary Miller,222.07,1,26.11,222.07,1,2,Kasual (Low Spending)
Mary Mills,628.82,2,70.73,314.41,1,3,Potensial (Average Spending)
Mary Moore,118.89,1,16.15,118.89,1,2,Kasual (Low Spending)
Mary Nichols,200.92,2,92.92,100.46,1,3,Potensial (Average Spending)
Mary Olson,162.64,1,51.49,162.64,1,2,Kasual (Low Spending)
Mary Page,203.33,1,47.4,203.33,1,2,Kasual (Low Spending)
Mary Parker,482.27,2,90.71000000000001,241.135,2,3,Potensial (Average Spending)
Mary Patton,452.4,3,47.39,150.8,1,3,Potensial (Average Spending)
Mary Phillips,380.28,1,150.63,380.28,1,2,Kasual (Low Spending)
Mary Potter,2076.06,2,321.66,1038.03,1,0,Premium (High Spending)
Mary Price,621.97,1,118.19,621.97,1,2,Kasual (Low Spending)
Mary Raymond,170.04,2,74.48,85.02,1,3,Potensial (Average Spending)
Mary Reilly,284.12,1,92.0,284.12,1,2,Kasual (Low Spending)
Mary Rogers,559.65,3,209.44,171.775,2,3,Potensial (Average Spending)
Mary Rollins,238.06,1,110.3,238.06,1,2,Kasual (Low Spending)
Mary Rosales,146.12,2,21.22,73.06,1,3,Potensial (Average Spending)
Mary Sandoval,918.04,1,264.59,918.04,1,2,Kasual (Low Spending)
Mary Santos,4916.5,5,1003.01,983.3,1,1,VIP (Top Buyers & High Quantity)
Mary Scott,1630.7,2,242.99,815.35,1,3,Potensial (Average Spending)
Mary Stewart,2783.61,3,641.85,927.87,1,0,Premium (High Spending)
Mary Strickland,121.38,1,37.14,121.38,1,2,Kasual (Low Spending)
Mary Sutton MD,1050.57,3,331.36,350.19,1,0,Premium (High Spending)
Mary Thompson,412.56,1,46.34,412.56,1,2,Kasual (Low Spending)
Mary Torres,895.84,4,319.99,223.96,1,0,Premium (High Spending)
Mary Underwood,301.21,1,96.38,301.21,1,2,Kasual (Low Spending)
Mary West,1175.02,2,140.03,587.51,1,3,Potensial (Average Spending)
Mary Williams,502.84,2,137.48,251.42,1,3,Potensial (Average Spending)
Mary Willis,141.54,1,14.78,141.54,1,2,Kasual (Low Spending)
Mary Wilson,51.0,1,10.25,51.0,1,2,Kasual (Low Spending)
Mary Wolfe,932.93,1,167.1,932.93,1,2,Kasual (Low Spending)
Mary Yang,401.95,1,110.07,401.95,1,2,Kasual (Low Spending)
Mary York,228.74,2,43.24,114.37,1,3,Potensial (Average Spending)
Mason Booth,3306.84,4,1148.93,826.71,1,1,VIP (Top Buyers & High Quantity)
Mason Hamilton,838.23,1,152.37,838.23,1,2,Kasual (Low Spending)
Mason Kelley,928.47,3,224.66,309.49,1,3,Potensial (Average Spending)
Mason Watson,755.82,2,106.66,377.91,1,3,Potensial (Average Spending)
Mathew Bradford,482.54,1,117.78,482.54,1,2,Kasual (Low Spending)
Mathew Bradley,976.84,2,228.77,488.42,1,3,Potensial (Average Spending)
Mathew Gibbs,5152.14,6,1398.48,858.69,1,1,VIP (Top Buyers & High Quantity)
Mathew Thomas,415.32,1,118.97,415.32,1,2,Kasual (Low Spending)
Matthew Anderson,2362.54,3,476.15999999999997,791.395,2,0,Premium (High Spending)
Matthew Andrews,1528.8,2,523.68,764.4,1,0,Premium (High Spending)
Matthew Armstrong,1058.01,3,253.56,352.67,1,0,Premium (High Spending)
Matthew Ayala,934.6,4,226.43,233.65,1,0,Premium (High Spending)
Matthew Baker,343.96,2,82.84,171.98,1,3,Potensial (Average Spending)
Matthew Ball,673.11,3,115.95,224.37,1,3,Potensial (Average Spending)
Matthew Barnes,202.32,1,55.26,202.32,1,2,Kasual (Low Spending)
Matthew Baxter,404.06,2,120.08,202.03,1,3,Potensial (Average Spending)
Matthew Bennett,208.11,1,63.52,208.11,1,2,Kasual (Low Spending)
Matthew Bernard,272.42,2,54.45,136.21,1,3,Potensial (Average Spending)
Matthew Blair,1611.95,5,247.3,322.39,1,0,Premium (High Spending)
Matthew Boone,358.34,1,93.12,358.34,1,2,Kasual (Low Spending)
Matthew Brown,3094.67,6,706.31,508.04333333333335,3,1,VIP (Top Buyers & High Quantity)
Matthew Carpenter,244.63,1,34.36,244.63,1,2,Kasual (Low Spending)
Matthew Clark,4629.25,5,550.87,925.85,1,1,VIP (Top Buyers & High Quantity)
Matthew Coffey,730.36,2,177.65,365.18,1,3,Potensial (Average Spending)
Matthew Collins,408.2,1,98.62,408.2,1,2,Kasual (Low Spending)
Matthew Cross,904.74,3,228.17,301.58,1,3,Potensial (Average Spending)
Matthew Curry,528.56,2,77.43,264.28,1,3,Potensial (Average Spending)
Matthew Curtis,655.71,4,143.64,278.385,2,3,Potensial (Average Spending)
Matthew Daniel,1187.23,1,365.11,1187.23,1,2,Kasual (Low Spending)
Matthew Davidson,473.74,2,168.7,236.87,1,3,Potensial (Average Spending)
Matthew Dickson,2461.56,3,664.42,820.52,1,0,Premium (High Spending)
Matthew Donaldson,700.53,3,145.19,233.51,1,3,Potensial (Average Spending)
Matthew Elliott,719.84,1,111.48,719.84,1,2,Kasual (Low Spending)
Matthew Erickson,262.51,1,106.09,262.51,1,2,Kasual (Low Spending)
Matthew Erickson DDS,1713.74,2,596.32,856.87,1,0,Premium (High Spending)
Matthew Evans,254.86,1,23.56,254.86,1,2,Kasual (Low Spending)
Matthew Flores,2730.17,4,235.56,480.225,2,0,Premium (High Spending)
Matthew Franco,382.19,1,87.21,382.19,1,2,Kasual (Low Spending)
Matthew Freeman,758.37,3,146.77,252.79,1,3,Potensial (Average Spending)
Matthew Frost,232.12,1,40.58,232.12,1,2,Kasual (Low Spending)
Matthew Garcia,1044.64,5,392.39,276.91333333333336,3,0,Premium (High Spending)
Matthew Gomez,379.09,1,147.21,379.09,1,2,Kasual (Low Spending)
Matthew Goodman,900.1,2,356.79,450.05,1,3,Potensial (Average Spending)
Matthew Gordon MD,125.5,1,21.17,125.5,1,2,Kasual (Low Spending)
Matthew Gray,711.88,1,101.5,711.88,1,2,Kasual (Low Spending)
Matthew Griffin,575.48,1,121.79,575.48,1,2,Kasual (Low Spending)
Matthew Gross,517.89,1,97.14,517.89,1,2,Kasual (Low Spending)
Matthew Guzman,1017.26,4,261.69,202.01,2,0,Premium (High Spending)
Matthew Hall,267.65,1,72.2,267.65,1,2,Kasual (Low Spending)
Matthew Hamilton,148.98,1,30.22,148.98,1,2,Kasual (Low Spending)
Matthew Hansen,1294.96,2,212.72,647.48,1,3,Potensial (Average Spending)
Matthew Harding,838.32,1,284.13,838.32,1,2,Kasual (Low Spending)
Matthew Hart Jr.,79.48,1,37.22,79.48,1,2,Kasual (Low Spending)
Matthew Hayes,312.54,3,57.92,104.18,1,3,Potensial (Average Spending)
Matthew Hernandez,880.72,1,71.89,880.72,1,2,Kasual (Low Spending)
Matthew Hill DDS,2930.16,3,584.42,976.72,1,0,Premium (High Spending)
Matthew Hodge,1322.55,3,125.03,440.85,1,3,Potensial (Average Spending)
Matthew Howard,1727.07,4,382.71,321.45500000000004,2,0,Premium (High Spending)
Matthew Hurst,503.32,1,69.77,503.32,1,2,Kasual (Low Spending)
Matthew Jones,3502.64,6,707.75,583.7733333333333,3,1,VIP (Top Buyers & High Quantity)
Matthew Kelly,872.19,1,126.32,872.19,1,2,Kasual (Low Spending)
Matthew Lam MD,311.93,1,38.45,311.93,1,2,Kasual (Low Spending)
Matthew Lambert,204.69,1,81.54,204.69,1,2,Kasual (Low Spending)
Matthew Larsen,362.59,1,99.2,362.59,1,2,Kasual (Low Spending)
Matthew Lawson,670.46,2,149.5,335.23,1,3,Potensial (Average Spending)
Matthew Lee,510.35,1,74.34,510.35,1,2,Kasual (Low Spending)
Matthew Leon,240.14,2,99.53,120.07,1,3,Potensial (Average Spending)
Matthew Lewis,422.25,1,135.55,422.25,1,2,Kasual (Low Spending)
Matthew Lucas,952.1,2,277.56,476.05,1,3,Potensial (Average Spending)
Matthew Macdonald,980.78,3,364.67,315.9,2,0,Premium (High Spending)
Matthew Mahoney,640.06,2,86.93,320.03,1,3,Potensial (Average Spending)
Matthew Martin,98.78,2,36.86,49.39,1,3,Potensial (Average Spending)
Matthew Mathis,289.47,3,116.69,96.49,1,3,Potensial (Average Spending)
Matthew Mcintosh,49.71,1,11.52,49.71,1,2,Kasual (Low Spending)
Matthew Mcmillan,914.64,2,137.21,457.32,1,3,Potensial (Average Spending)
Matthew Mercado,349.56,2,53.45,174.78,1,3,Potensial (Average Spending)
Matthew Mills,376.58,1,78.04,376.58,1,2,Kasual (Low Spending)
Matthew Molina,530.8,2,206.66,265.4,1,3,Potensial (Average Spending)
Matthew Monroe,2967.51,3,514.14,989.17,1,0,Premium (High Spending)
Matthew Montgomery,215.7,3,83.62,71.9,1,3,Potensial (Average Spending)
Matthew Moore,405.27,3,159.13,135.09,1,3,Potensial (Average Spending)
Matthew Morales,501.94,1,96.1,501.94,1,2,Kasual (Low Spending)
Matthew Moreno,826.3,2,184.68,413.15,1,3,Potensial (Average Spending)
Matthew Morris,420.94,2,205.5,210.47,1,3,Potensial (Average Spending)
Matthew Murray,86.48,1,37.59,86.48,1,2,Kasual (Low Spending)
Matthew Nelson,416.98,2,166.41,208.49,1,3,Potensial (Average Spending)
Matthew Newton,641.19,1,71.74,641.19,1,2,Kasual (Low Spending)
Matthew Nicholson MD,1726.58,2,140.91,863.29,1,3,Potensial (Average Spending)
Matthew Norton,387.3,1,170.22,387.3,1,2,Kasual (Low Spending)
Matthew Olsen,1591.82,2,247.3,795.91,1,3,Potensial (Average Spending)
Matthew Oneill,641.28,1,93.44,641.28,1,2,Kasual (Low Spending)
Matthew Patel,120.87,1,59.13,120.87,1,2,Kasual (Low Spending)
Matthew Patterson,1895.86,3,316.78,654.7249999999999,2,0,Premium (High Spending)
Matthew Pena,1058.0,2,115.05,529.0,1,3,Potensial (Average Spending)
Matthew Porter,255.43,1,73.17,255.43,1,2,Kasual (Low Spending)
Matthew Reeves,166.5,1,45.95,166.5,1,2,Kasual (Low Spending)
Matthew Richards,312.46,2,90.74,156.23,1,3,Potensial (Average Spending)
Matthew Rivera,957.73,1,161.69,957.73,1,2,Kasual (Low Spending)
Matthew Roberts,462.52,2,192.03,231.26,1,3,Potensial (Average Spending)
Matthew Rodriguez,486.99,2,117.74000000000001,243.495,2,3,Potensial (Average Spending)
Matthew Rowe PhD,988.62,2,155.77,494.31,1,3,Potensial (Average Spending)
Matthew Russell,465.85,3,126.94,167.785,2,3,Potensial (Average Spending)
Matthew Sanders,1074.96,3,360.46,358.32,1,0,Premium (High Spending)
Matthew Schmidt,734.55,1,141.0,734.55,1,2,Kasual (Low Spending)
Matthew Scott,249.62,2,55.13,124.81,1,3,Potensial (Average Spending)
Matthew Shah,413.06,2,161.78,206.53,1,3,Potensial (Average Spending)
Matthew Shaw,589.59,1,111.67,589.59,1,2,Kasual (Low Spending)
Matthew Smith,761.86,2,77.85,380.93,1,3,Potensial (Average Spending)
Matthew Stuart,3148.65,3,277.79,1049.55,1,0,Premium (High Spending)
Matthew Taylor,2224.68,4,362.73,556.17,2,0,Premium (High Spending)
Matthew Terry,613.04,2,166.87,306.52,1,3,Potensial (Average Spending)
Matthew Thomas,703.52,3,123.14,312.16,2,3,Potensial (Average Spending)
Matthew Tucker,169.83,1,50.39,169.83,1,2,Kasual (Low Spending)
Matthew Valdez,128.42,1,46.9,128.42,1,2,Kasual (Low Spending)
Matthew Vargas,459.46,2,124.42,229.73,1,3,Potensial (Average Spending)
Matthew Velazquez,644.18,2,58.47,322.09,1,3,Potensial (Average Spending)
Matthew Vincent,779.15,1,133.9,779.15,1,2,Kasual (Low Spending)
Matthew Walsh,277.06,2,131.06,138.53,1,3,Potensial (Average Spending)
Matthew Waters,2991.4,4,941.73,747.85,1,1,VIP (Top Buyers & High Quantity)
Matthew Watson,1601.24,4,223.97,400.31,1,0,Premium (High Spending)
Matthew Webb,2040.45,3,671.01,680.15,1,0,Premium (High Spending)
Matthew Welch,1478.31,3,123.23,492.77,1,3,Potensial (Average Spending)
Matthew White,969.28,5,258.64,204.66,3,0,Premium (High Spending)
Matthew Williams,1944.3,3,242.16000000000003,542.155,2,0,Premium (High Spending)
Matthew Williamson,6721.26,6,894.98,726.09,2,1,VIP (Top Buyers & High Quantity)
Matthew Wilson,584.7,3,143.29,194.9,1,3,Potensial (Average Spending)
Matthew Wong,1671.14,2,247.97,835.57,1,3,Potensial (Average Spending)
Matthew Wood,2662.25,5,396.89,532.45,1,0,Premium (High Spending)
Matthew Woods,500.07,2,97.81,250.035,2,3,Potensial (Average Spending)
Matthew Wu,305.24,2,61.73,152.62,1,3,Potensial (Average Spending)
Matthew Yang,416.18,1,91.33,416.18,1,2,Kasual (Low Spending)
Matthew Young,493.36,4,143.36,123.34,1,3,Potensial (Average Spending)
Matthew Zimmerman,93.47,1,38.03,93.47,1,2,Kasual (Low Spending)
Maureen Clark,218.41,1,96.11,218.41,1,2,Kasual (Low Spending)
Maureen Flores,448.06,1,56.89,448.06,1,2,Kasual (Low Spending)
Maureen Franklin,1334.16,3,285.37,444.72,1,0,Premium (High Spending)
Maureen Garner,196.9,1,24.28,196.9,1,2,Kasual (Low Spending)
Maureen Goodman,1525.4,2,277.92,762.7,1,3,Potensial (Average Spending)
Maureen Harper,1632.6,3,268.75,544.2,1,0,Premium (High Spending)
Maureen Lang,265.19,1,74.88,265.19,1,2,Kasual (Low Spending)
Maureen Martinez,132.24,1,22.04,132.24,1,2,Kasual (Low Spending)
Maureen Parks,417.65,1,130.89,417.65,1,2,Kasual (Low Spending)
Maureen Rodriguez,2368.14,2,205.68,1184.07,1,0,Premium (High Spending)
Maureen Weaver,338.72,1,72.78,338.72,1,2,Kasual (Low Spending)
Maureen Wilkinson,1372.89,1,245.41,1372.89,1,2,Kasual (Low Spending)
Maurice Coleman,1316.96,2,207.41,658.48,1,3,Potensial (Average Spending)
Maurice Marshall PhD,656.86,2,175.68,328.43,1,3,Potensial (Average Spending)
Maurice Mccoy,282.01,1,71.16,282.01,1,2,Kasual (Low Spending)
Maurice Murray,1653.25,5,708.75,330.65,1,1,VIP (Top Buyers & High Quantity)
Maurice Parker,301.84,1,59.33,301.84,1,2,Kasual (Low Spending)
Maurice Stevenson,585.04,1,152.55,585.04,1,2,Kasual (Low Spending)
Maurice Walker,274.87,1,88.35,274.87,1,2,Kasual (Low Spending)
Maurice Williams,1280.56,2,363.57,640.28,1,0,Premium (High Spending)
Max Allen,113.21,1,43.79,113.21,1,2,Kasual (Low Spending)
Max Dillon,629.18,1,107.31,629.18,1,2,Kasual (Low Spending)
Max Hopkins,903.09,1,172.72,903.09,1,2,Kasual (Low Spending)
Maxwell Crawford,704.1,2,132.43,352.05,1,3,Potensial (Average Spending)
Maxwell Park,909.92,2,147.98,454.96,1,3,Potensial (Average Spending)
Maxwell Schmidt,1363.12,4,541.07,340.78,1,0,Premium (High Spending)
Maxwell Townsend,174.82,1,75.21,174.82,1,2,Kasual (Low Spending)
Mckenzie Bailey,255.31,1,73.11,255.31,1,2,Kasual (Low Spending)
Mckenzie Juarez,673.14,1,58.78,673.14,1,2,Kasual (Low Spending)
Mckenzie Webb,497.04,3,143.54,165.68,1,3,Potensial (Average Spending)
Meagan Barrera,120.0,1,54.17,120.0,1,2,Kasual (Low Spending)
Meagan Morgan,242.06,1,88.07,242.06,1,2,Kasual (Low Spending)
Meagan Ramsey,29.74,1,11.17,29.74,1,2,Kasual (Low Spending)
Meagan Taylor,831.52,2,130.99,415.76,1,3,Potensial (Average Spending)
Meagan Thomas,496.56,1,79.91,496.56,1,2,Kasual (Low Spending)
Megan Baird,674.44,1,83.58,674.44,1,2,Kasual (Low Spending)
Megan Baker,774.22,2,246.78,387.11,1,3,Potensial (Average Spending)
Megan Brown,273.42,2,109.39,136.71,1,3,Potensial (Average Spending)
Megan Burns,184.0,1,67.16,184.0,1,2,Kasual (Low Spending)
Megan Calderon,579.53,1,180.0,579.53,1,2,Kasual (Low Spending)
Megan Carey DVM,734.36,1,95.7,734.36,1,2,Kasual (Low Spending)
Megan Castillo,539.79,3,226.53,179.93,1,3,Potensial (Average Spending)
Megan Chambers,272.95,5,88.9,54.59,1,3,Potensial (Average Spending)
Megan Cooley,209.24,1,94.37,209.24,1,2,Kasual (Low Spending)
Megan Eaton,3637.71,3,348.48,1212.57,1,0,Premium (High Spending)
Megan Edwards,458.3,2,176.85,229.15,1,3,Potensial (Average Spending)
Megan Elliott,69.58,1,14.39,69.58,1,2,Kasual (Low Spending)
Megan Frederick,987.59,1,238.09,987.59,1,2,Kasual (Low Spending)
Megan French,667.95,3,231.77,222.65,1,3,Potensial (Average Spending)
Megan Garza,397.52,2,59.08,198.76,1,3,Potensial (Average Spending)
Megan Gonzalez,321.82,2,145.79,160.91,1,3,Potensial (Average Spending)
Megan Heath,571.05,1,80.82,571.05,1,2,Kasual (Low Spending)
Megan Henry,87.43,1,34.9,87.43,1,2,Kasual (Low Spending)
Megan Hickman,641.19,1,71.53,641.19,1,2,Kasual (Low Spending)
Megan Hill,159.75,1,36.23,159.75,1,2,Kasual (Low Spending)
Megan Hodges,176.11,1,56.61,176.11,1,2,Kasual (Low Spending)
Megan Hunt,1795.26,3,306.15,598.42,1,0,Premium (High Spending)
Megan Johnson,911.11,1,129.12,911.11,1,2,Kasual (Low Spending)
Megan Jones,78.75,1,22.79,78.75,1,2,Kasual (Low Spending)
Megan Krueger,416.28,2,86.37,208.14,1,3,Potensial (Average Spending)
Megan Lambert,1411.47,3,475.15,470.49,1,0,Premium (High Spending)
Megan Landry DDS,156.09,1,63.57,156.09,1,2,Kasual (Low Spending)
Megan Lee,1875.52,7,565.9599999999999,244.61333333333334,3,1,VIP (Top Buyers & High Quantity)
Megan Lloyd,145.73,1,40.39,145.73,1,2,Kasual (Low Spending)
Megan Long,72.54,3,21.14,24.18,1,3,Potensial (Average Spending)
Megan Lopez,2887.24,5,517.0600000000001,552.315,2,1,VIP (Top Buyers & High Quantity)
Megan Malone,1204.56,6,598.55,200.76,1,1,VIP (Top Buyers & High Quantity)
Megan Martin,791.96,2,272.6,395.98,1,3,Potensial (Average Spending)
Megan Melendez,731.06,1,140.1,731.06,1,2,Kasual (Low Spending)
Megan Miller,595.23,3,81.86,198.41,1,3,Potensial (Average Spending)
Megan Moreno,804.38,1,168.24,804.38,1,2,Kasual (Low Spending)
Megan Nguyen,463.25,5,108.19,92.65,1,3,Potensial (Average Spending)
Megan Nichols,1029.03,3,417.26,343.01,1,0,Premium (High Spending)
Megan Patel,2837.88,3,468.92,945.96,1,0,Premium (High Spending)
Megan Phillips,246.96,1,92.15,246.96,1,2,Kasual (Low Spending)
Megan Rogers,102.73,1,30.85,102.73,1,2,Kasual (Low Spending)
Megan Rosario,1145.42,2,208.65,572.71,1,3,Potensial (Average Spending)
Megan Rowe,619.86,1,129.02,619.86,1,2,Kasual (Low Spending)
Megan Sanchez,334.67,1,111.09,334.67,1,2,Kasual (Low Spending)
Megan Shaw,1149.15,3,339.22,383.05,1,0,Premium (High Spending)
Megan Stewart,1834.53,3,580.48,611.51,1,0,Premium (High Spending)
Megan Taylor,942.84,3,284.84,314.28,1,0,Premium (High Spending)
Megan Thompson,411.63,1,80.01,411.63,1,2,Kasual (Low Spending)
Megan Walsh,256.27,1,99.53,256.27,1,2,Kasual (Low Spending)
Megan Wells,541.5,2,47.01,270.75,1,3,Potensial (Average Spending)
Megan Williams,424.76,1,103.37,424.76,1,2,Kasual (Low Spending)
Megan Wilson,207.78,1,91.39,207.78,1,2,Kasual (Low Spending)
Megan Wyatt,410.46,2,107.22,205.23,1,3,Potensial (Average Spending)
Meghan Brewer,156.45,3,34.08,52.15,1,3,Potensial (Average Spending)
Meghan Chavez,340.21,1,79.77,340.21,1,2,Kasual (Low Spending)
Meghan Evans,760.66,2,87.01,380.33,1,3,Potensial (Average Spending)
Meghan Martin,288.23,3,78.4,93.35,2,3,Potensial (Average Spending)
Meghan Martinez,411.24,1,173.45,411.24,1,2,Kasual (Low Spending)
Meghan Mason,150.3,1,39.47,150.3,1,2,Kasual (Low Spending)
Meghan Mcgee,473.52,3,156.87,157.84,1,3,Potensial (Average Spending)
Meghan Mendoza,221.29,1,77.94,221.29,1,2,Kasual (Low Spending)
Meghan Miller,1494.27,3,403.41,498.09,1,0,Premium (High Spending)
Meghan Mullins,1718.14,2,260.93,859.07,1,0,Premium (High Spending)
Meghan Rogers,29.66,1,7.65,29.66,1,2,Kasual (Low Spending)
Meghan Williams,60.32,1,8.53,60.32,1,2,Kasual (Low Spending)
Meghan Woods,184.99,1,24.3,184.99,1,2,Kasual (Low Spending)
Melanie Alexander,201.82,1,47.55,201.82,1,2,Kasual (Low Spending)
Melanie Alvarado,83.56,1,23.37,83.56,1,2,Kasual (Low Spending)
Melanie Barnett,47.07,1,16.75,47.07,1,2,Kasual (Low Spending)
Melanie Bautista,511.34,2,189.76,255.67,1,3,Potensial (Average Spending)
Melanie Blevins,895.44,2,216.53,447.72,1,3,Potensial (Average Spending)
Melanie Butler,557.26,2,191.4,278.63,1,3,Potensial (Average Spending)
Melanie Chaney,108.71,1,37.5,108.71,1,2,Kasual (Low Spending)
Melanie Cruz,640.14,2,201.16,320.07,1,3,Potensial (Average Spending)
Melanie Dorsey,2053.41,3,308.42,684.47,1,0,Premium (High Spending)
Melanie Garcia,2721.45,5,587.86,544.29,1,1,VIP (Top Buyers & High Quantity)
Melanie Jensen,598.45,1,98.13,598.45,1,2,Kasual (Low Spending)
Melanie Johnson,800.56,1,129.57,800.56,1,2,Kasual (Low Spending)
Melanie Jones,1385.56,2,224.29,692.78,1,3,Potensial (Average Spending)
Melanie Lewis,238.03,1,95.18,238.03,1,2,Kasual (Low Spending)
Melanie Love,238.78,1,74.9,238.78,1,2,Kasual (Low Spending)
Melanie Maddox,155.26,1,30.55,155.26,1,2,Kasual (Low Spending)
Melanie Mcconnell,1636.92,3,175.03,545.64,1,0,Premium (High Spending)
Melanie Oliver,1472.44,2,212.58,736.22,1,3,Potensial (Average Spending)
Melanie Padilla,75.9,1,22.44,75.9,1,2,Kasual (Low Spending)
Melanie Park,357.06,3,102.09,119.02,1,3,Potensial (Average Spending)
Melanie Ruiz,125.85,1,16.93,125.85,1,2,Kasual (Low Spending)
Melanie Smith,409.13,1,183.66,409.13,1,2,Kasual (Low Spending)
Melanie Tran,320.82,2,108.71,160.41,1,3,Potensial (Average Spending)
Melanie Walsh,51.71,1,19.58,51.71,1,2,Kasual (Low Spending)
Melanie Watson,970.26,1,182.43,970.26,1,2,Kasual (Low Spending)
Melanie Whitney,972.99,3,188.2,324.33,1,3,Potensial (Average Spending)
Melanie Wilson,513.04,1,100.96,513.04,1,2,Kasual (Low Spending)
Melinda Cruz,723.21,3,239.88,241.07,1,3,Potensial (Average Spending)
Melinda Gilmore,987.87,1,165.24,987.87,1,2,Kasual (Low Spending)
Melinda Guzman,968.69,1,121.41,968.69,1,2,Kasual (Low Spending)
Melinda Haas,484.96,2,141.32,242.48,1,3,Potensial (Average Spending)
Melinda Mcclain,161.23,1,54.92,161.23,1,2,Kasual (Low Spending)
Melinda Patel,707.09,1,65.38,707.09,1,2,Kasual (Low Spending)
Melinda Raymond,945.3,1,157.85,945.3,1,2,Kasual (Low Spending)
Melinda Reed,261.35,1,62.57,261.35,1,2,Kasual (Low Spending)
Melinda Reese,4126.48,4,773.44,1031.62,1,1,VIP (Top Buyers & High Quantity)
Melinda Riley,403.72,1,82.6,403.72,1,2,Kasual (Low Spending)
Melinda Smith,276.27,1,33.19,276.27,1,2,Kasual (Low Spending)
Melinda Wilkins,256.11,3,91.81,85.37,1,3,Potensial (Average Spending)
Melissa Allen,160.51,1,46.12,160.51,1,2,Kasual (Low Spending)
Melissa Andrews,3340.7,5,384.04,668.14,1,1,VIP (Top Buyers & High Quantity)
Melissa Barber,80.93,1,32.52,80.93,1,2,Kasual (Low Spending)
Melissa Brown,300.35,1,124.9,300.35,1,2,Kasual (Low Spending)
Melissa Carpenter,315.03,1,112.42,315.03,1,2,Kasual (Low Spending)
Melissa Carter,4085.0,5,793.75,775.595,2,1,VIP (Top Buyers & High Quantity)
Melissa Chavez,334.66,1,129.71,334.66,1,2,Kasual (Low Spending)
Melissa Cook,49.64,2,13.34,24.82,1,3,Potensial (Average Spending)
Melissa Daniels,626.77,1,121.04,626.77,1,2,Kasual (Low Spending)
Melissa Davis,6048.959999999999,8,970.01,675.31,3,1,VIP (Top Buyers & High Quantity)
Melissa Dickson,569.99,1,84.19,569.99,1,2,Kasual (Low Spending)
Melissa English,648.0,2,149.4,324.0,1,3,Potensial (Average Spending)
Melissa Evans,253.78,1,110.11,253.78,1,2,Kasual (Low Spending)
Melissa Ferguson,232.05,1,84.73,232.05,1,2,Kasual (Low Spending)
Melissa Gaines,635.28,1,108.66,635.28,1,2,Kasual (Low Spending)
Melissa Garcia,132.34,1,40.4,132.34,1,2,Kasual (Low Spending)
Melissa Giles,842.46,1,123.96,842.46,1,2,Kasual (Low Spending)
Melissa Goodwin,647.1,1,53.24,647.1,1,2,Kasual (Low Spending)
Melissa Gordon,185.34,2,45.74,92.67,1,3,Potensial (Average Spending)
Melissa Hale,720.45,1,220.07,720.45,1,2,Kasual (Low Spending)
Melissa Harrell,321.5,2,105.48,160.75,1,3,Potensial (Average Spending)
Melissa Harvey,78.72,1,23.28,78.72,1,2,Kasual (Low Spending)
Melissa Hawkins,3497.8100000000004,4,569.8,754.62,3,1,VIP (Top Buyers & High Quantity)
Melissa Henry,228.94,1,102.52,228.94,1,2,Kasual (Low Spending)
Melissa Hensley DVM,48.63,1,10.08,48.63,1,2,Kasual (Low Spending)
Melissa Henson,482.88,3,195.32,160.96,1,3,Potensial (Average Spending)
Melissa Hernandez,484.54,1,87.57,484.54,1,2,Kasual (Low Spending)
Melissa Herrera,934.29,3,316.48,311.43,1,0,Premium (High Spending)
Melissa Hester,634.86,1,119.92,634.86,1,2,Kasual (Low Spending)
Melissa Hinton,355.07,1,112.58,355.07,1,2,Kasual (Low Spending)
Melissa Holmes,861.1,1,72.98,861.1,1,2,Kasual (Low Spending)
Melissa Hubbard,902.94,2,176.6,451.47,1,3,Potensial (Average Spending)
Melissa Hudson,1480.1,2,260.72,740.05,1,3,Potensial (Average Spending)
Melissa Johnson,2750.6,4,417.80999999999995,806.52,2,0,Premium (High Spending)
Melissa Jones,1958.88,7,484.76,378.72333333333336,3,1,VIP (Top Buyers & High Quantity)
Melissa Joseph,1422.5,2,181.22,711.25,1,3,Potensial (Average Spending)
Melissa Joyce,309.44,1,108.54,309.44,1,2,Kasual (Low Spending)
Melissa Kidd,1868.92,4,459.64,467.23,1,0,Premium (High Spending)
Melissa Little,911.88,3,292.22,303.96,1,0,Premium (High Spending)
Melissa Marshall,399.66,1,124.52,399.66,1,2,Kasual (Low Spending)
Melissa Matthews,2180.14,2,186.08,1090.07,1,0,Premium (High Spending)
Melissa May,213.84,1,38.23,213.84,1,2,Kasual (Low Spending)
Melissa Mayo,2808.64,4,464.91,702.16,1,0,Premium (High Spending)
Melissa Mccormick,324.12,2,73.32,162.06,1,3,Potensial (Average Spending)
Melissa Mills,936.84,3,387.54,312.28,1,0,Premium (High Spending)
Melissa Moore,1008.6800000000001,2,159.87,504.34000000000003,2,3,Potensial (Average Spending)
Melissa Morton,1655.97,3,463.99,551.99,1,0,Premium (High Spending)
Melissa Munoz,58.47,1,20.46,58.47,1,2,Kasual (Low Spending)
Melissa Murray,362.47,1,113.04,362.47,1,2,Kasual (Low Spending)
Melissa Newman,1896.44,4,237.1,474.11,1,0,Premium (High Spending)
Melissa Newton,963.95,1,161.92,963.95,1,2,Kasual (Low Spending)
Melissa Nguyen,681.93,3,267.13,227.31,1,3,Potensial (Average Spending)
Melissa Noble,265.93,1,77.31,265.93,1,2,Kasual (Low Spending)
Melissa Ortiz,1054.8100000000002,2,144.29,527.4050000000001,2,3,Potensial (Average Spending)
Melissa Padilla MD,1827.57,3,289.42,609.19,1,0,Premium (High Spending)
Melissa Park,197.09,1,68.54,197.09,1,2,Kasual (Low Spending)
Melissa Patel,390.19,1,94.3,390.19,1,2,Kasual (Low Spending)
Melissa Payne,1878.8,2,191.54,939.4,1,3,Potensial (Average Spending)
Melissa Peterson,882.6,4,244.51,220.65,1,0,Premium (High Spending)
Melissa Phillips,581.27,1,64.79,581.27,1,2,Kasual (Low Spending)
Melissa Ramos,903.28,4,409.12,225.82,1,0,Premium (High Spending)
Melissa Ray,387.4,2,45.58,193.7,1,3,Potensial (Average Spending)
Melissa Reed,4538.389999999999,7,1233.41,516.9766666666667,3,1,VIP (Top Buyers & High Quantity)
Melissa Robinson,589.22,1,175.87,589.22,1,2,Kasual (Low Spending)
Melissa Robles,934.2,1,98.4,934.2,1,2,Kasual (Low Spending)
Melissa Sanchez,1345.25,5,541.55,269.05,1,0,Premium (High Spending)
Melissa Sanders,754.53,3,220.91,251.51,1,3,Potensial (Average Spending)
Melissa Savage,76.93,1,22.49,76.93,1,2,Kasual (Low Spending)
Melissa Sawyer,1775.12,2,232.51,887.56,1,3,Potensial (Average Spending)
Melissa Scott,312.84,2,59.65,156.42,1,3,Potensial (Average Spending)
Melissa Serrano,801.55,5,294.63,160.31,1,0,Premium (High Spending)
Melissa Smith,889.18,1,290.4,889.18,1,2,Kasual (Low Spending)
Melissa Snyder,584.37,3,98.78,194.79,1,3,Potensial (Average Spending)
Melissa Stewart,1828.12,2,279.87,914.06,1,0,Premium (High Spending)
Melissa Strickland,158.67,1,67.99,158.67,1,2,Kasual (Low Spending)
Melissa Stuart PhD,111.27,1,51.7,111.27,1,2,Kasual (Low Spending)
Melissa Sullivan,5093.7,5,954.49,1018.74,1,1,VIP (Top Buyers & High Quantity)
Melissa Taylor,1400.7,6,336.85,233.45,1,0,Premium (High Spending)
Melissa Terrell,587.15,1,98.66,587.15,1,2,Kasual (Low Spending)
Melissa Tran,306.81,3,126.87,102.27,1,3,Potensial (Average Spending)
Melissa Turner,858.98,1,94.98,858.98,1,2,Kasual (Low Spending)
Melissa Villarreal,65.93,1,14.75,65.93,1,2,Kasual (Low Spending)
Melissa Wagner,248.51,1,34.35,248.51,1,2,Kasual (Low Spending)
Melissa Wall,1441.78,2,287.23,720.89,1,3,Potensial (Average Spending)
Melissa Waller,866.19,1,122.6,866.19,1,2,Kasual (Low Spending)
Melissa Ward,461.46,3,169.97,153.82,1,3,Potensial (Average Spending)
Melissa Washington,431.04,1,61.56,431.04,1,2,Kasual (Low Spending)
Melissa Watts,154.89,1,25.02,154.89,1,2,Kasual (Low Spending)
Melissa Weaver,79.33,1,35.48,79.33,1,2,Kasual (Low Spending)
Melissa Wheeler,197.71,1,81.85,197.71,1,2,Kasual (Low Spending)
Melissa Whitaker MD,1481.56,2,483.95,740.78,1,0,Premium (High Spending)
Melissa White,275.52,4,50.01,68.88,1,3,Potensial (Average Spending)
Melissa Williams,155.1,3,39.73,51.7,1,3,Potensial (Average Spending)
Melissa Wilson,136.19,1,26.32,136.19,1,2,Kasual (Low Spending)
Melissa Wise,192.81,3,40.64,64.27,1,3,Potensial (Average Spending)
Melissa Wu,342.36,2,79.33,171.18,1,3,Potensial (Average Spending)
Melissa Young,1197.77,3,213.26,550.03,2,3,Potensial (Average Spending)
Melody Hodges,763.64,1,75.92,763.64,1,2,Kasual (Low Spending)
Melvin Allen,495.42,2,76.73,247.71,1,3,Potensial (Average Spending)
Melvin Arnold,1340.98,2,262.29,670.49,1,3,Potensial (Average Spending)
Melvin Brown,2671.44,3,717.13,890.48,1,1,VIP (Top Buyers & High Quantity)
Melvin Estrada,1799.2,2,293.4,899.6,1,0,Premium (High Spending)
Melvin Howard,304.53,1,54.19,304.53,1,2,Kasual (Low Spending)
Melvin Peterson,3221.19,3,917.85,1073.73,1,1,VIP (Top Buyers & High Quantity)
Mercedes Levine,542.26,2,148.64,271.13,1,3,Potensial (Average Spending)
Mercedes Long,233.4,1,75.9,233.4,1,2,Kasual (Low Spending)
Mercedes Mason,182.78,2,67.66,91.39,1,3,Potensial (Average Spending)
Mercedes Mendez,819.71,1,85.26,819.71,1,2,Kasual (Low Spending)
Mercedes Miller,162.64,1,69.14,162.64,1,2,Kasual (Low Spending)
Meredith Gonzalez,902.42,2,358.18,451.21,1,3,Potensial (Average Spending)
Mia Allen,945.27,3,319.06,315.09,1,0,Premium (High Spending)
Mia Hines,599.06,1,99.36,599.06,1,2,Kasual (Low Spending)
Mia Johnson,1500.38,2,142.6,750.19,1,3,Potensial (Average Spending)
Mia Payne PhD,81.28,1,17.05,81.28,1,2,Kasual (Low Spending)
Michael Adkins,1136.28,2,139.53,568.14,1,3,Potensial (Average Spending)
Michael Aguilar,1135.4099999999999,7,255.03,162.39499999999998,2,0,Premium (High Spending)
Michael Aguirre,204.18,1,64.87,204.18,1,2,Kasual (Low Spending)
Michael Alexander,160.76,2,34.22,80.38,1,3,Potensial (Average Spending)
Michael Allen,4204.66,5,706.86,896.235,2,1,VIP (Top Buyers & High Quantity)
Michael Alvarez,184.59,1,55.3,184.59,1,2,Kasual (Low Spending)
Michael Anderson,4420.3,8,819.12,501.53,2,1,VIP (Top Buyers & High Quantity)
Michael Avery,203.84,4,25.06,50.96,1,3,Potensial (Average Spending)
Michael Bailey,1731.32,4,278.44,432.83,1,0,Premium (High Spending)
Michael Baldwin,1551.6,6,523.72,258.59999999999997,2,1,VIP (Top Buyers & High Quantity)
Michael Ball,53.44,1,15.13,53.44,1,2,Kasual (Low Spending)
Michael Barnes,1938.8500000000001,3,435.87,684.95,2,0,Premium (High Spending)
Michael Barron,1300.02,3,431.26,433.34,1,0,Premium (High Spending)
Michael Bauer,1736.08,2,278.72,868.04,1,0,Premium (High Spending)
Michael Baxter,1867.44,2,203.06,933.72,1,3,Potensial (Average Spending)
Michael Bishop,522.84,2,42.43,261.42,1,3,Potensial (Average Spending)
Michael Black MD,728.37,1,104.66,728.37,1,2,Kasual (Low Spending)
Michael Boyer,1589.5,2,502.31,794.75,1,0,Premium (High Spending)
Michael Bray,2293.74,6,996.35,382.29,1,1,VIP (Top Buyers & High Quantity)
Michael Bridges,310.75,1,125.54,310.75,1,2,Kasual (Low Spending)
Michael Briggs,1057.02,2,258.03,528.51,1,3,Potensial (Average Spending)
Michael Brock,146.44,1,36.0,146.44,1,2,Kasual (Low Spending)
Michael Brooks,381.71,1,54.5,381.71,1,2,Kasual (Low Spending)
Michael Brown,603.04,1,206.11,603.04,1,2,Kasual (Low Spending)
Michael Bruce,538.64,2,166.28,269.32,1,3,Potensial (Average Spending)
Michael Burch,233.09,1,52.99,233.09,1,2,Kasual (Low Spending)
Michael Burnett,2160.51,3,412.57,720.17,1,0,Premium (High Spending)
Michael Calderon,772.01,1,122.16,772.01,1,2,Kasual (Low Spending)
Michael Campbell,2762.63,7,538.62,361.95,3,1,VIP (Top Buyers & High Quantity)
Michael Carey,2244.9,4,569.61,421.86,2,0,Premium (High Spending)
Michael Castro,71.54,1,20.13,71.54,1,2,Kasual (Low Spending)
Michael Chapman,1934.1,2,264.37,967.05,1,0,Premium (High Spending)
Michael Christensen,211.3,2,42.17,105.65,1,3,Potensial (Average Spending)
Michael Cline,58.12,2,16.94,29.06,1,3,Potensial (Average Spending)
Michael Cohen,584.36,4,213.86,146.09,1,3,Potensial (Average Spending)
Michael Cole,707.37,1,130.67,707.37,1,2,Kasual (Low Spending)
Michael Coleman,1678.9,2,166.52,839.45,1,3,Potensial (Average Spending)
Michael Collins,4467.38,8,729.6,454.7575,4,1,VIP (Top Buyers & High Quantity)
Michael Colon,897.1,1,178.28,897.1,1,2,Kasual (Low Spending)
Michael Cox,59.4,2,23.31,29.7,1,3,Potensial (Average Spending)
Michael Crawford,2648.52,4,305.64,662.13,1,0,Premium (High Spending)
Michael Curtis,26.43,1,5.79,26.43,1,2,Kasual (Low Spending)
Michael Davenport,975.75,3,185.95,325.25,1,3,Potensial (Average Spending)
Michael Davila,701.28,2,196.12,350.64,1,3,Potensial (Average Spending)
Michael Davis,2251.0,10,813.75,205.154,5,1,VIP (Top Buyers & High Quantity)
Michael Dawson,182.06,2,82.51,91.03,1,3,Potensial (Average Spending)
Michael Day,1599.8,2,424.36,799.9,1,0,Premium (High Spending)
Michael Dean,1745.64,3,199.43,581.88,1,0,Premium (High Spending)
Michael Delgado,301.38,1,33.76,301.38,1,2,Kasual (Low Spending)
Michael Dennis,40.85,1,11.04,40.85,1,2,Kasual (Low Spending)
Michael Dodson,839.79,3,190.44,279.93,1,3,Potensial (Average Spending)
Michael Dominguez,406.4,1,87.32,406.4,1,2,Kasual (Low Spending)
Michael Douglas,2425.42,2,414.24,1212.71,1,0,Premium (High Spending)
Michael Doyle,754.2,1,154.77,754.2,1,2,Kasual (Low Spending)
Michael Duncan,4404.71,9,1068.3600000000001,500.73333333333335,3,1,VIP (Top Buyers & High Quantity)
Michael Duncan MD,437.06,1,76.45,437.06,1,2,Kasual (Low Spending)
Michael Dunn,947.64,1,82.38,947.64,1,2,Kasual (Low Spending)
Michael Edwards,420.5,1,118.08,420.5,1,2,Kasual (Low Spending)
Michael Erickson,185.56,2,69.5,92.78,1,3,Potensial (Average Spending)
Michael Evans,773.52,3,208.69,257.84,1,3,Potensial (Average Spending)
Michael Everett,1538.92,4,301.7,384.73,1,0,Premium (High Spending)
Michael Ferguson,1679.72,2,210.07,839.86,1,3,Potensial (Average Spending)
Michael Fisher,865.44,3,377.81,288.48,1,0,Premium (High Spending)
Michael Fleming,443.56,4,104.1,110.89,1,3,Potensial (Average Spending)
Michael Fletcher,885.0,2,263.5,442.5,1,3,Potensial (Average Spending)
Michael Flowers,274.7,1,82.27,274.7,1,2,Kasual (Low Spending)
Michael Frank,205.65,3,42.62,68.55,1,3,Potensial (Average Spending)
Michael Fuller,2286.05,5,232.52,457.21,1,0,Premium (High Spending)
Michael Gamble,2360.37,3,285.17,786.79,1,0,Premium (High Spending)
Michael Garcia,2902.2200000000003,8,883.61,314.5,4,1,VIP (Top Buyers & High Quantity)
Michael Gardner,204.5,2,47.44,102.25,1,3,Potensial (Average Spending)
Michael Garner,628.09,3,214.59,267.425,2,3,Potensial (Average Spending)
Michael Garner DVM,449.46,3,73.63,149.82,1,3,Potensial (Average Spending)
Michael Garrett,764.1700000000001,4,327.54999999999995,238.125,2,0,Premium (High Spending)
Michael Grant,1024.8,4,460.97,256.2,1,0,Premium (High Spending)
Michael Graves,104.65,1,28.96,104.65,1,2,Kasual (Low Spending)
Michael Green,569.27,3,197.43,246.905,2,3,Potensial (Average Spending)
Michael Griffin,1300.1000000000001,5,273.85,241.4466666666667,3,0,Premium (High Spending)
Michael Gutierrez,199.16,2,61.42,99.58,1,3,Potensial (Average Spending)
Michael Hale,185.24,1,47.31,185.24,1,2,Kasual (Low Spending)
Michael Hall,85.69,1,34.25,85.69,1,2,Kasual (Low Spending)
Michael Hammond,419.2,5,180.72,83.84,1,0,Premium (High Spending)
Michael Harris,1353.84,4,360.46999999999997,393.55999999999995,3,0,Premium (High Spending)
Michael Hawkins,388.89,1,108.8,388.89,1,2,Kasual (Low Spending)
Michael Henson,433.39,1,52.27,433.39,1,2,Kasual (Low Spending)
Michael Hill,1588.46,7,478.06,338.9866666666667,3,1,VIP (Top Buyers & High Quantity)
Michael Hines,781.4,2,262.96,390.7,1,3,Potensial (Average Spending)
Michael Hinton,55.11,1,11.72,55.11,1,2,Kasual (Low Spending)
Michael Hinton DDS,103.98,1,23.51,103.98,1,2,Kasual (Low Spending)
Michael Hodges,1540.32,2,290.76,770.16,1,0,Premium (High Spending)
Michael Holland,1004.02,2,274.02,502.01,1,3,Potensial (Average Spending)
Michael Holmes,1350.21,3,301.88,450.07,1,0,Premium (High Spending)
Michael Howard,1042.4099999999999,3,248.25,332.475,2,3,Potensial (Average Spending)
Michael Howe,1605.64,4,213.98,401.41,1,0,Premium (High Spending)
Michael Howell,183.6,4,49.47,45.9,1,3,Potensial (Average Spending)
Michael Huang,1329.99,3,234.86,443.33,1,0,Premium (High Spending)
Michael Hubbard,456.17,1,75.43,456.17,1,2,Kasual (Low Spending)
Michael Huber,1332.8,5,263.16,266.56,1,0,Premium (High Spending)
Michael Humphrey,1435.9299999999998,5,411.81,437.04499999999996,2,0,Premium (High Spending)
Michael Hunt,615.6,3,143.3,205.2,1,3,Potensial (Average Spending)
Michael Hurley,105.64,1,42.26,105.64,1,2,Kasual (Low Spending)
Michael Jackson,231.55,3,87.12,78.15,2,3,Potensial (Average Spending)
Michael Jacobs,416.25,3,160.03,138.75,1,3,Potensial (Average Spending)
Michael Jarvis,358.5,2,34.0,179.25,1,3,Potensial (Average Spending)
Michael Jennings,187.6,1,63.0,187.6,1,2,Kasual (Low Spending)
Michael Johns,1666.17,6,430.1,277.695,2,0,Premium (High Spending)
Michael Johnson,2675.57,4,330.37,762.3233333333334,3,0,Premium (High Spending)
Michael Johnston,573.96,1,71.91,573.96,1,2,Kasual (Low Spending)
Michael Jones,4018.01,10,717.57,378.3866666666667,6,1,VIP (Top Buyers & High Quantity)
Michael Jordan,174.48,2,69.0,87.24,1,3,Potensial (Average Spending)
Michael Joseph,214.76,4,98.28,53.69,1,3,Potensial (Average Spending)
Michael Kane,890.47,1,154.48,890.47,1,2,Kasual (Low Spending)
Michael Keller,647.01,3,142.05,215.67,1,3,Potensial (Average Spending)
Michael Kelly,248.05,1,32.52,248.05,1,2,Kasual (Low Spending)
Michael King,1934.01,4,524.14,538.7166666666667,3,0,Premium (High Spending)
Michael Kline,78.63,3,26.67,26.21,1,3,Potensial (Average Spending)
Michael Koch,248.3,1,41.37,248.3,1,2,Kasual (Low Spending)
Michael Lane,454.06,2,39.58,227.03,1,3,Potensial (Average Spending)
Michael Larson,408.47,4,149.14000000000001,170.975,2,3,Potensial (Average Spending)
Michael Lawrence,1211.67,3,373.18,424.16499999999996,2,0,Premium (High Spending)
Michael Le,420.11,1,52.28,420.11,1,2,Kasual (Low Spending)
Michael Lee,2551.85,7,416.37,434.48,4,1,VIP (Top Buyers & High Quantity)
Michael Li,53.71,1,25.12,53.71,1,2,Kasual (Low Spending)
Michael Liu,212.41,1,105.42,212.41,1,2,Kasual (Low Spending)
Michael Logan,624.0,1,121.8,624.0,1,2,Kasual (Low Spending)
Michael Long,705.47,1,85.25,705.47,1,2,Kasual (Low Spending)
Michael Love,187.34,1,89.99,187.34,1,2,Kasual (Low Spending)
Michael Lowe,239.54,2,83.74,119.77,1,3,Potensial (Average Spending)
Michael Lucas,149.84,1,57.83,149.84,1,2,Kasual (Low Spending)
Michael Lyons,981.57,3,397.53,327.19,1,0,Premium (High Spending)
Michael Macias,72.71,1,20.76,72.71,1,2,Kasual (Low Spending)
Michael Madden,1453.74,2,239.63,726.87,1,3,Potensial (Average Spending)
Michael Malone,598.1,2,153.71,299.05,1,3,Potensial (Average Spending)
Michael Martin,2003.99,3,306.68,667.13,2,0,Premium (High Spending)
Michael Martinez,1359.49,5,243.57999999999998,370.355,2,0,Premium (High Spending)
Michael Massey,69.02,1,30.75,69.02,1,2,Kasual (Low Spending)
Michael Mathews,1006.2,1,191.15,1006.2,1,2,Kasual (Low Spending)
Michael May,205.2,2,61.8,102.6,1,3,Potensial (Average Spending)
Michael Mayer,444.84,2,59.41,222.42,1,3,Potensial (Average Spending)
Michael Mcbride,384.92,2,149.0,192.46,1,3,Potensial (Average Spending)
Michael Mccarthy,739.7,2,264.83,369.85,1,3,Potensial (Average Spending)
Michael Mcdaniel,96.3,3,32.41,32.1,1,3,Potensial (Average Spending)
Michael Mcdonald,488.7,1,170.59,488.7,1,2,Kasual (Low Spending)
Michael Mcguire,946.26,3,103.7,315.42,1,3,Potensial (Average Spending)
Michael Mcmahon,76.23,1,19.34,76.23,1,2,Kasual (Low Spending)
Michael Medina,665.73,5,230.39000000000001,119.05499999999999,2,0,Premium (High Spending)
Michael Mejia,556.01,1,57.86,556.01,1,2,Kasual (Low Spending)
Michael Meyers,502.73,2,157.32999999999998,251.365,2,3,Potensial (Average Spending)
Michael Miller,1961.1599999999999,8,345.36999999999995,306.2575,4,1,VIP (Top Buyers & High Quantity)
Michael Miller DVM,89.28,2,34.27,44.64,1,3,Potensial (Average Spending)
Michael Mitchell,171.25,1,33.55,171.25,1,2,Kasual (Low Spending)
Michael Moore,2006.81,10,573.56,227.285,6,1,VIP (Top Buyers & High Quantity)
Michael Mora,119.99,1,22.57,119.99,1,2,Kasual (Low Spending)
Michael Moran,232.81,1,64.58,232.81,1,2,Kasual (Low Spending)
Michael Moreno,769.56,2,155.26000000000002,384.78,2,3,Potensial (Average Spending)
Michael Morris,72.76,1,16.9,72.76,1,2,Kasual (Low Spending)
Michael Mueller,916.8,2,231.55,458.4,1,3,Potensial (Average Spending)
Michael Mullins,783.44,1,155.41,783.44,1,2,Kasual (Low Spending)
Michael Murray,772.54,1,71.96,772.54,1,2,Kasual (Low Spending)
Michael Myers,1762.92,5,391.87,362.49,2,0,Premium (High Spending)
Michael Nelson,399.62,1,92.26,399.62,1,2,Kasual (Low Spending)
Michael Nguyen,501.03,1,53.09,501.03,1,2,Kasual (Low Spending)
Michael Olsen,1080.0,3,162.78,360.0,1,3,Potensial (Average Spending)
Michael Parks,795.03,3,110.24,265.01,1,3,Potensial (Average Spending)
Michael Patrick,293.2,4,63.45,73.3,1,3,Potensial (Average Spending)
Michael Peck,909.28,2,119.52,454.64,1,3,Potensial (Average Spending)
Michael Pennington,664.1,2,176.72,332.05,2,3,Potensial (Average Spending)
Michael Perkins,887.2,4,437.26,221.8,1,0,Premium (High Spending)
Michael Perry,1268.75,5,449.44000000000005,306.3833333333333,3,0,Premium (High Spending)
Michael Peters,503.36,1,164.36,503.36,1,2,Kasual (Low Spending)
Michael Peters PhD,1609.74,2,280.73,804.87,1,0,Premium (High Spending)
Michael Peterson,881.11,1,284.9,881.11,1,2,Kasual (Low Spending)
Michael Phillips,320.58,2,148.43,160.29,2,3,Potensial (Average Spending)
Michael Phillips II,607.12,4,150.57,151.78,1,3,Potensial (Average Spending)
Michael Poole,193.93,1,40.72,193.93,1,2,Kasual (Low Spending)
Michael Powell,375.21,2,151.34,187.605,2,3,Potensial (Average Spending)
Michael Price,310.56,3,128.52,103.52,1,3,Potensial (Average Spending)
Michael Prince,835.04,1,253.07,835.04,1,2,Kasual (Low Spending)
Michael Ramirez,554.18,2,211.46,277.09,2,3,Potensial (Average Spending)
Michael Ramos,673.6,2,179.52,336.8,1,3,Potensial (Average Spending)
Michael Ramsey,366.11,1,75.48,366.11,1,2,Kasual (Low Spending)
Michael Reid,844.64,2,232.20999999999998,422.32,2,3,Potensial (Average Spending)
Michael Reynolds,517.81,1,70.75,517.81,1,2,Kasual (Low Spending)
Michael Rice,1103.16,2,218.72,551.58,1,3,Potensial (Average Spending)
Michael Richard,581.52,4,160.91,145.38,1,3,Potensial (Average Spending)
Michael Richardson,338.5,2,73.65,169.25,1,3,Potensial (Average Spending)
Michael Riley,362.18,1,70.64,362.18,1,2,Kasual (Low Spending)
Michael Rios,788.21,1,118.76,788.21,1,2,Kasual (Low Spending)
Michael Rivera,1579.3600000000001,3,372.96999999999997,460.565,2,0,Premium (High Spending)
Michael Roberson,762.5,2,120.59,381.25,1,3,Potensial (Average Spending)
Michael Robinson,5687.530000000001,9,804.75,427.38,4,1,VIP (Top Buyers & High Quantity)
Michael Rodriguez,499.96000000000004,4,100.76,116.13,2,3,Potensial (Average Spending)
Michael Rogers,223.0,2,73.47,111.5,1,3,Potensial (Average Spending)
Michael Roman,665.04,3,134.74,221.68,1,3,Potensial (Average Spending)
Michael Romero,340.4,2,44.69,170.2,1,3,Potensial (Average Spending)
Michael Ross,914.58,2,329.59,457.29,1,3,Potensial (Average Spending)
Michael Roth,978.24,2,212.14,489.12,1,3,Potensial (Average Spending)
Michael Ruiz,152.95,1,65.99,152.95,1,2,Kasual (Low Spending)
Michael Russell MD,219.02,1,64.02,219.02,1,2,Kasual (Low Spending)
Michael Salazar,638.0,2,208.5,319.0,1,3,Potensial (Average Spending)
Michael Savage,128.1,2,50.86,64.05,1,3,Potensial (Average Spending)
Michael Schmidt,174.33,3,77.91,58.11,1,3,Potensial (Average Spending)
Michael Sherman,421.47,1,187.06,421.47,1,2,Kasual (Low Spending)
Michael Simmons,1727.56,4,471.12,431.89,1,0,Premium (High Spending)
Michael Smith,2125.91,10,446.14,210.625,6,1,VIP (Top Buyers & High Quantity)
Michael Smith MD,239.74,1,106.96,239.74,1,2,Kasual (Low Spending)
Michael Stevens,1353.08,3,316.55,392.74,2,0,Premium (High Spending)
Michael Stewart,178.26,2,50.16,89.13,1,3,Potensial (Average Spending)
Michael Tate,918.6,3,194.57,405.57500000000005,2,3,Potensial (Average Spending)
Michael Taylor,1720.0,7,545.24,246.27666666666664,3,1,VIP (Top Buyers & High Quantity)
Michael Terrell,2520.99,6,504.49,420.16499999999996,2,1,VIP (Top Buyers & High Quantity)
Michael Thomas,332.94,2,94.76,166.47,1,3,Potensial (Average Spending)
Michael Thompson DDS,1203.56,2,374.95,601.78,1,0,Premium (High Spending)
Michael Thornton,863.1,1,171.68,863.1,1,2,Kasual (Low Spending)
Michael Turner,2855.75,5,500.37,548.7950000000001,2,1,VIP (Top Buyers & High Quantity)
Michael Tyler,151.46,1,38.44,151.46,1,2,Kasual (Low Spending)
Michael Vasquez,447.96,3,121.99,149.32,1,3,Potensial (Average Spending)
Michael Velasquez,1492.06,2,353.17,746.03,1,0,Premium (High Spending)
Michael Villa,710.58,3,205.31,236.86,1,3,Potensial (Average Spending)
Michael Villarreal,164.87,1,44.47,164.87,1,2,Kasual (Low Spending)
Michael Walsh,314.68,2,122.64,157.34,1,3,Potensial (Average Spending)
Michael Ward,1448.91,3,273.79,482.97,1,0,Premium (High Spending)
Michael Watson,2110.2400000000002,5,408.0,368.0,2,0,Premium (High Spending)
Michael Watts,310.11,1,104.14,310.11,1,2,Kasual (Low Spending)
Michael Webb,1166.02,2,107.72,583.01,1,3,Potensial (Average Spending)
Michael Weber,1204.69,1,115.39,1204.69,1,2,Kasual (Low Spending)
Michael Welch,320.22,1,48.38,320.22,1,2,Kasual (Low Spending)
Michael Werner,230.2,2,44.19,115.1,1,3,Potensial (Average Spending)
Michael Wheeler,262.2,1,81.76,262.2,1,2,Kasual (Low Spending)
Michael White,2503.3,4,370.35999999999996,625.825,2,0,Premium (High Spending)
Michael White MD,843.01,1,164.77,843.01,1,2,Kasual (Low Spending)
Michael Whitehead,336.98,2,166.82,168.49,1,3,Potensial (Average Spending)
Michael Williams,1957.81,5,524.97,319.34749999999997,4,0,Premium (High Spending)
Michael Willis,318.3,6,133.37,53.05,1,0,Premium (High Spending)
Michael Wilson,521.41,4,149.7,148.37,3,3,Potensial (Average Spending)
Michael Winters,69.73,1,22.63,69.73,1,2,Kasual (Low Spending)
Michael Wolf,495.89,1,66.09,495.89,1,2,Kasual (Low Spending)
Michael Wolfe,491.01,3,199.4,163.67,1,3,Potensial (Average Spending)
Michael Woodard,477.88,2,81.62,238.94,1,3,Potensial (Average Spending)
Michael Woods,282.35,1,62.16,282.35,1,2,Kasual (Low Spending)
Michael Wright,519.43,1,83.61,519.43,1,2,Kasual (Low Spending)
Michael Yang,170.54,1,75.82,170.54,1,2,Kasual (Low Spending)
Michaela Lawrence,825.53,1,208.82,825.53,1,2,Kasual (Low Spending)
Michaela Madden,215.2,4,44.84,53.8,1,3,Potensial (Average Spending)
Micheal Alvarado,3486.92,4,652.05,871.73,1,1,VIP (Top Buyers & High Quantity)
Micheal Davis,2200.71,5,714.74,406.03999999999996,2,1,VIP (Top Buyers & High Quantity)
Micheal Fitzpatrick,495.14,2,235.61,247.57,1,3,Potensial (Average Spending)
Micheal Gutierrez,143.07,1,54.24,143.07,1,2,Kasual (Low Spending)
Micheal Hill,65.06,1,28.2,65.06,1,2,Kasual (Low Spending)
Micheal Lee,408.53,1,92.75,408.53,1,2,Kasual (Low Spending)
Micheal May,696.92,2,168.26,348.46,1,3,Potensial (Average Spending)
Micheal Tucker,341.29,1,80.42,341.29,1,2,Kasual (Low Spending)
Micheal Turner,435.28,1,183.48,435.28,1,2,Kasual (Low Spending)
Michele Anderson,838.05,3,123.5,279.35,1,3,Potensial (Average Spending)
Michele Bailey,81.61,1,23.27,81.61,1,2,Kasual (Low Spending)
Michele Barajas,1438.08,2,268.04,719.04,1,3,Potensial (Average Spending)
Michele Bates,1480.76,2,270.54,740.38,1,3,Potensial (Average Spending)
Michele Bennett,936.24,4,411.51,234.06,1,0,Premium (High Spending)
Michele Bentley,155.71,1,43.34,155.71,1,2,Kasual (Low Spending)
Michele Berry,738.41,1,61.75,738.41,1,2,Kasual (Low Spending)
Michele Burgess,868.8,3,390.71,289.6,1,0,Premium (High Spending)
Michele Burns,654.84,1,139.01,654.84,1,2,Kasual (Low Spending)
Michele Cook,1754.97,3,406.06,584.99,1,0,Premium (High Spending)
Michele Ferguson,109.68,1,38.84,109.68,1,2,Kasual (Low Spending)
Michele Foster,672.15,1,123.86,672.15,1,2,Kasual (Low Spending)
Michele Fuller,347.38,1,44.43,347.38,1,2,Kasual (Low Spending)
Michele Hernandez,192.0,3,78.45,64.0,1,3,Potensial (Average Spending)
Michele Hobbs PhD,111.26,1,27.75,111.26,1,2,Kasual (Low Spending)
Michele Hoffman,935.76,4,204.16,233.94,1,0,Premium (High Spending)
Michele Howell,214.45,1,46.81,214.45,1,2,Kasual (Low Spending)
Michele Khan,461.8,1,173.0,461.8,1,2,Kasual (Low Spending)
Michele Mack,221.69,1,82.95,221.69,1,2,Kasual (Low Spending)
Michele Marquez,69.36,2,14.79,34.68,1,3,Potensial (Average Spending)
Michele Mccormick,187.0,2,57.93,93.5,1,3,Potensial (Average Spending)
Michele Miles,261.98,2,65.21,130.99,1,3,Potensial (Average Spending)
Michele Moore,708.52,2,185.39,354.26,1,3,Potensial (Average Spending)
Michele Rivera,204.78,1,41.85,204.78,1,2,Kasual (Low Spending)
Michele Saunders,79.43,1,28.72,79.43,1,2,Kasual (Low Spending)
Michele Shaw,717.17,1,93.2,717.17,1,2,Kasual (Low Spending)
Michele Shelton,131.0,2,29.33,65.5,1,3,Potensial (Average Spending)
Michele Simmons,386.22,1,162.65,386.22,1,2,Kasual (Low Spending)
Michele Simpson,219.98,2,59.71,109.99,1,3,Potensial (Average Spending)
Michele Valdez,2506.41,3,474.62,835.47,1,0,Premium (High Spending)
Michele Weber,191.98,1,57.02,191.98,1,2,Kasual (Low Spending)
Michele Wilson,1302.69,3,226.45,434.23,1,0,Premium (High Spending)
Michelle Alexander,740.84,2,257.24,370.42,1,3,Potensial (Average Spending)
Michelle Austin,115.27,1,54.94,115.27,1,2,Kasual (Low Spending)
Michelle Barajas,305.48,1,39.8,305.48,1,2,Kasual (Low Spending)
Michelle Beck,2160.62,2,454.13,1080.31,1,0,Premium (High Spending)
Michelle Brown,1367.6200000000001,6,400.75,195.57,2,0,Premium (High Spending)
Michelle Burke,1957.1299999999999,3,382.91,506.91999999999996,2,0,Premium (High Spending)
Michelle Butler,1675.33,7,430.5,312.955,2,1,VIP (Top Buyers & High Quantity)
Michelle Byrd,534.03,1,64.35,534.03,1,2,Kasual (Low Spending)
Michelle Campbell,125.56,2,30.26,62.78,1,3,Potensial (Average Spending)
Michelle Carpenter,436.42,1,112.28,436.42,1,2,Kasual (Low Spending)
Michelle Chang,24.87,1,9.31,24.87,1,2,Kasual (Low Spending)
Michelle Clark,181.92,1,30.11,181.92,1,2,Kasual (Low Spending)
Michelle Clay,941.17,3,301.13,317.03999999999996,2,0,Premium (High Spending)
Michelle Cook,184.56,3,36.83,61.52,1,3,Potensial (Average Spending)
Michelle Cortez,770.78,1,227.06,770.78,1,2,Kasual (Low Spending)
Michelle Curry,284.0,1,75.62,284.0,1,2,Kasual (Low Spending)
Michelle Davenport,1277.55,5,506.39,255.51,1,0,Premium (High Spending)
Michelle Ellis,3752.88,8,514.79,469.11,1,1,VIP (Top Buyers & High Quantity)
Michelle Evans,1176.52,1,111.28,1176.52,1,2,Kasual (Low Spending)
Michelle Ferguson,202.43,1,90.53,202.43,1,2,Kasual (Low Spending)
Michelle Fleming,526.47,3,240.67,175.49,1,3,Potensial (Average Spending)
Michelle Fry,682.98,3,159.55,227.66,1,3,Potensial (Average Spending)
Michelle Frye,269.84,2,94.78,134.92,1,3,Potensial (Average Spending)
Michelle Garcia,445.97,1,36.51,445.97,1,2,Kasual (Low Spending)
Michelle Garrison,223.74,1,55.06,223.74,1,2,Kasual (Low Spending)
Michelle Glass DVM,281.06,1,37.28,281.06,1,2,Kasual (Low Spending)
Michelle Goodman,4250.4,4,579.53,1062.6,1,1,VIP (Top Buyers & High Quantity)
Michelle Grant,615.96,3,303.21,205.32,1,3,Potensial (Average Spending)
Michelle Green,113.24,1,23.86,113.24,1,2,Kasual (Low Spending)
Michelle Greene,788.03,1,63.43,788.03,1,2,Kasual (Low Spending)
Michelle Guzman,209.58,1,35.28,209.58,1,2,Kasual (Low Spending)
Michelle Hall,2925.45,5,904.37,526.175,2,1,VIP (Top Buyers & High Quantity)
Michelle Hampton,1257.92,2,302.94,628.96,1,3,Potensial (Average Spending)
Michelle Harding,413.44,2,86.65,206.72,1,3,Potensial (Average Spending)
Michelle Harris,910.24,7,198.31,143.97,2,0,Premium (High Spending)
Michelle Hartman,1462.2,2,253.55,731.1,1,3,Potensial (Average Spending)
Michelle Hayes,2707.2,4,576.22,676.8,1,1,VIP (Top Buyers & High Quantity)
Michelle Hernandez,750.39,3,188.89,250.13,1,3,Potensial (Average Spending)
Michelle Hogan,98.21,1,21.68,98.21,1,2,Kasual (Low Spending)
Michelle Holt,422.52,1,143.44,422.52,1,2,Kasual (Low Spending)
Michelle Huang,628.52,2,112.12,314.26,1,3,Potensial (Average Spending)
Michelle Hunt,556.44,2,130.68,278.22,1,3,Potensial (Average Spending)
Michelle Hunter,231.8,2,92.71,115.9,1,3,Potensial (Average Spending)
Michelle Hurley,922.65,3,125.32,307.55,1,3,Potensial (Average Spending)
Michelle Ingram,266.04,4,67.48,66.51,1,3,Potensial (Average Spending)
Michelle Johnson,534.4,2,151.29,267.2,1,3,Potensial (Average Spending)
Michelle Jones,2169.01,5,400.49,389.2675,4,0,Premium (High Spending)
Michelle Kim,135.18,2,51.35,67.59,1,3,Potensial (Average Spending)
Michelle Knapp,1494.72,3,517.51,498.24,1,0,Premium (High Spending)
Michelle Kramer,897.22,1,166.48,897.22,1,2,Kasual (Low Spending)
Michelle Leonard,1376.46,3,268.26,458.82,1,0,Premium (High Spending)
Michelle Lewis,667.98,3,169.37,222.66,1,3,Potensial (Average Spending)
Michelle Lopez,169.04,2,54.73,84.52,1,3,Potensial (Average Spending)
Michelle Lynch,648.42,3,220.29,216.14,1,3,Potensial (Average Spending)
Michelle Madden,1802.61,3,332.63,600.87,1,0,Premium (High Spending)
Michelle Martin,1910.94,2,517.8,955.47,1,0,Premium (High Spending)
Michelle May,878.65,2,162.39,439.325,2,3,Potensial (Average Spending)
Michelle Mccall,336.79,1,40.5,336.79,1,2,Kasual (Low Spending)
Michelle Miller,1093.88,1,215.96,1093.88,1,2,Kasual (Low Spending)
Michelle Montoya,557.03,1,88.08,557.03,1,2,Kasual (Low Spending)
Michelle Moore,1744.2,3,298.35,581.4,1,0,Premium (High Spending)
Michelle Morgan,2095.5099999999998,4,344.5,444.145,2,0,Premium (High Spending)
Michelle Morton,281.44,1,125.16,281.44,1,2,Kasual (Low Spending)
Michelle Moss,321.8,1,108.1,321.8,1,2,Kasual (Low Spending)
Michelle Nelson,392.42,2,131.06,196.21,1,3,Potensial (Average Spending)
Michelle Nguyen,713.16,1,129.82,713.16,1,2,Kasual (Low Spending)
Michelle Norman,358.95,5,158.14,71.79,1,0,Premium (High Spending)
Michelle Norris,203.24,2,31.09,101.62,1,3,Potensial (Average Spending)
Michelle Palmer,610.26,2,258.12,305.13,1,3,Potensial (Average Spending)
Michelle Pearson,752.43,1,144.99,752.43,1,2,Kasual (Low Spending)
Michelle Pena,342.9,1,41.91,342.9,1,2,Kasual (Low Spending)
Michelle Petersen,1008.06,2,305.83,504.03,1,3,Potensial (Average Spending)
Michelle Phillips,396.66,1,75.24,396.66,1,2,Kasual (Low Spending)
Michelle Pitts,399.36,3,82.66,133.12,1,3,Potensial (Average Spending)
Michelle Price,352.71,3,131.86,117.57,1,3,Potensial (Average Spending)
Michelle Ramirez,102.82,1,42.84,102.82,1,2,Kasual (Low Spending)
Michelle Randolph,383.64,1,161.68,383.64,1,2,Kasual (Low Spending)
Michelle Roberts,1427.32,2,225.39,713.66,1,3,Potensial (Average Spending)
Michelle Robinson,742.94,6,317.58000000000004,137.375,2,0,Premium (High Spending)
Michelle Rodriguez,463.15999999999997,2,125.85000000000001,231.57999999999998,2,3,Potensial (Average Spending)
Michelle Roth,459.16,4,194.72,114.79,1,3,Potensial (Average Spending)
Michelle Ruiz,38.62,1,16.16,38.62,1,2,Kasual (Low Spending)
Michelle Ryan,160.97,1,55.28,160.97,1,2,Kasual (Low Spending)
Michelle Salazar,103.25,1,45.12,103.25,1,2,Kasual (Low Spending)
Michelle Santos,258.17,1,105.99,258.17,1,2,Kasual (Low Spending)
Michelle Schwartz,83.94,1,29.09,83.94,1,2,Kasual (Low Spending)
Michelle Sharp MD,540.19,1,79.78,540.19,1,2,Kasual (Low Spending)
Michelle Shaw,1088.8600000000001,4,286.96,208.35,2,0,Premium (High Spending)
Michelle Shea,4733.52,4,1231.06,1183.38,1,1,VIP (Top Buyers & High Quantity)
Michelle Smith,2182.24,7,383.58,452.6333333333334,3,1,VIP (Top Buyers & High Quantity)
Michelle Soto MD,200.08,1,85.44,200.08,1,2,Kasual (Low Spending)
Michelle Taylor,690.66,3,144.43,230.22,1,3,Potensial (Average Spending)
Michelle Thompson,350.1,1,87.84,350.1,1,2,Kasual (Low Spending)
Michelle Torres,1869.3,3,486.32,623.1,1,0,Premium (High Spending)
Michelle Travis,263.29,1,108.18,263.29,1,2,Kasual (Low Spending)
Michelle Velez,307.28,2,104.84,153.64,1,3,Potensial (Average Spending)
Michelle Walton,1951.08,2,237.47,975.54,1,0,Premium (High Spending)
Michelle Watson,1015.06,2,248.41,507.53,1,3,Potensial (Average Spending)
Michelle Watts,84.66,1,27.25,84.66,1,2,Kasual (Low Spending)
Michelle Wheeler,472.82,2,177.83,236.41,1,3,Potensial (Average Spending)
Michelle White,602.16,4,193.58,150.54,1,3,Potensial (Average Spending)
Michelle Whitney,230.22,1,89.42,230.22,1,2,Kasual (Low Spending)
Michelle Wiggins,371.98,1,88.2,371.98,1,2,Kasual (Low Spending)
Michelle Williams,358.78,1,157.79,358.78,1,2,Kasual (Low Spending)
Miguel Anderson,1425.18,2,180.56,712.59,1,3,Potensial (Average Spending)
Miguel Conner,296.16,1,72.75,296.16,1,2,Kasual (Low Spending)
Miguel Cook,977.44,4,280.24,244.36,1,0,Premium (High Spending)
Miguel Harris,68.12,1,29.12,68.12,1,2,Kasual (Low Spending)
Miguel Lopez,467.97,1,112.66,467.97,1,2,Kasual (Low Spending)
Miguel Navarro,1824.63,3,439.33,608.21,1,0,Premium (High Spending)
Miguel Turner,85.05,1,28.1,85.05,1,2,Kasual (Low Spending)
Miguel Walter,822.54,2,226.59,411.27,1,3,Potensial (Average Spending)
Mikayla Edwards,315.76,1,131.27,315.76,1,2,Kasual (Low Spending)
Mikayla Mcintyre,643.98,3,136.3,214.66,1,3,Potensial (Average Spending)
Mike Anderson,662.91,3,199.33,220.97,1,3,Potensial (Average Spending)
Mike Christensen,861.09,3,269.98,287.03,1,3,Potensial (Average Spending)
Mike Downs,2190.51,3,238.15,730.17,1,0,Premium (High Spending)
Mike Escobar,243.33,1,58.21,243.33,1,2,Kasual (Low Spending)
Mike Grant,393.98,1,59.01,393.98,1,2,Kasual (Low Spending)
Mike Johnson,192.76,1,72.18,192.76,1,2,Kasual (Low Spending)
Mike King,3586.95,5,325.52,717.39,1,1,VIP (Top Buyers & High Quantity)
Mike Phillips,1455.46,2,179.3,727.73,1,3,Potensial (Average Spending)
Mike Torres,1013.24,4,120.78,253.31,1,3,Potensial (Average Spending)
Mike Williams,638.72,4,249.0,159.68,1,0,Premium (High Spending)
Mindy Munoz DDS,54.56,1,13.43,54.56,1,2,Kasual (Low Spending)
Mindy Nelson,251.23,1,83.42,251.23,1,2,Kasual (Low Spending)
Miranda Campos,1752.48,3,514.98,584.16,1,0,Premium (High Spending)
Miranda Clark,1685.82,2,368.89,842.91,1,0,Premium (High Spending)
Miranda Diaz,365.42,1,76.98,365.42,1,2,Kasual (Low Spending)
Miranda Garcia,805.72,1,135.56,805.72,1,2,Kasual (Low Spending)
Miranda Hanson,359.74,1,154.83,359.74,1,2,Kasual (Low Spending)
Miranda Holmes,325.18,1,87.15,325.18,1,2,Kasual (Low Spending)
Miranda Hudson,389.17,1,96.06,389.17,1,2,Kasual (Low Spending)
Miranda Lynn,225.11,1,50.62,225.11,1,2,Kasual (Low Spending)
Miranda Watson,664.42,2,279.65,332.21,1,3,Potensial (Average Spending)
Miss Ashley Patterson MD,1537.47,3,289.25,512.49,1,0,Premium (High Spending)
Miss Brenda Cochran,568.56,3,149.13,189.52,1,3,Potensial (Average Spending)
Miss Brittany Mitchell MD,1123.4,2,167.02,561.7,1,3,Potensial (Average Spending)
Miss Cheryl Aguilar DVM,548.36,2,92.13,274.18,1,3,Potensial (Average Spending)
Miss Claire Sanders MD,75.56,2,32.64,37.78,1,3,Potensial (Average Spending)
Miss Danielle Lewis,291.9,2,88.08,145.95,1,3,Potensial (Average Spending)
Miss Gabriela Acosta MD,522.62,2,217.06,261.31,1,3,Potensial (Average Spending)
Miss Janet Berg,851.46,2,382.71,425.73,1,3,Potensial (Average Spending)
Miss Jennifer Hobbs,870.56,1,83.14,870.56,1,2,Kasual (Low Spending)
Miss Jessica Hansen,1161.24,3,405.46,387.08,1,0,Premium (High Spending)
Miss Julie Bowman,407.62,2,183.5,203.81,1,3,Potensial (Average Spending)
Miss Kellie Richardson,627.03,1,94.46,627.03,1,2,Kasual (Low Spending)
Miss Lauren Harrington,1662.24,4,701.92,415.56,1,0,Premium (High Spending)
Miss Lisa Anderson,362.07,1,74.01,362.07,1,2,Kasual (Low Spending)
Miss Michelle Nguyen,1119.98,1,218.78,1119.98,1,2,Kasual (Low Spending)
Miss Rebecca Terry,45.54,2,14.2,22.77,1,3,Potensial (Average Spending)
Miss Sara Stevens DDS,196.28,1,45.52,196.28,1,2,Kasual (Low Spending)
Miss Sarah Rowland,124.77,1,14.61,124.77,1,2,Kasual (Low Spending)
Miss Shannon Harrison,647.58,2,173.41,323.79,1,3,Potensial (Average Spending)
Miss Stephanie Moore,751.08,3,186.32,250.36,1,3,Potensial (Average Spending)
Miss Yvonne Robles,1961.36,2,172.32,980.68,1,3,Potensial (Average Spending)
Misty Acevedo,1711.4599999999998,5,671.86,270.59499999999997,2,1,VIP (Top Buyers & High Quantity)
Misty Allen,99.18,1,34.42,99.18,1,2,Kasual (Low Spending)
Misty Campbell,1557.62,2,275.06,778.81,1,0,Premium (High Spending)
Misty Christensen,1312.26,3,281.43,437.42,1,0,Premium (High Spending)
Misty Dean,873.72,2,287.22,436.86,1,3,Potensial (Average Spending)
Misty Glenn,215.46,3,58.58,71.82,1,3,Potensial (Average Spending)
Misty Holland MD,851.12,4,75.34,212.78,1,3,Potensial (Average Spending)
Misty Lopez,749.22,1,219.5,749.22,1,2,Kasual (Low Spending)
Misty Moore,164.5,1,47.4,164.5,1,2,Kasual (Low Spending)
Misty Neal,682.26,1,205.31,682.26,1,2,Kasual (Low Spending)
Misty Oliver,779.24,1,192.15,779.24,1,2,Kasual (Low Spending)
Misty Parsons DDS,1123.41,3,138.22,374.47,1,3,Potensial (Average Spending)
Misty Ross,312.74,1,107.36,312.74,1,2,Kasual (Low Spending)
Misty Silva,625.02,3,120.23,208.34,1,3,Potensial (Average Spending)
Misty Stout,460.29,1,115.5,460.29,1,2,Kasual (Low Spending)
Misty Torres,316.59,1,114.36,316.59,1,2,Kasual (Low Spending)
Misty Weber,1827.76,4,296.25,456.94,1,0,Premium (High Spending)
Misty York,653.88,3,209.6,217.96,1,3,Potensial (Average Spending)
Mitchell Barnes,61.61,1,30.65,61.61,1,2,Kasual (Low Spending)
Mitchell Briggs,1539.64,2,229.97,769.82,1,3,Potensial (Average Spending)
Mitchell Craig,680.75,1,104.5,680.75,1,2,Kasual (Low Spending)
Mitchell Gates,462.08,1,128.34,462.08,1,2,Kasual (Low Spending)
Mitchell Glover,350.61,3,78.12,116.87,1,3,Potensial (Average Spending)
Mitchell Hammond,379.68,2,98.04,189.84,1,3,Potensial (Average Spending)
Mitchell Harvey PhD,156.24,1,31.07,156.24,1,2,Kasual (Low Spending)
Mitchell Jones,350.15,1,94.69,350.15,1,2,Kasual (Low Spending)
Mitchell King,569.37,3,168.09,189.79,1,3,Potensial (Average Spending)
Mitchell Lewis,383.13,1,120.26,383.13,1,2,Kasual (Low Spending)
Mitchell Mason,756.26,2,148.38,378.13,1,3,Potensial (Average Spending)
Mitchell Short,138.53,1,59.61,138.53,1,2,Kasual (Low Spending)
Mitchell Wilkinson,748.2,1,119.92,748.2,1,2,Kasual (Low Spending)
Mitchell Wright,713.99,1,136.59,713.99,1,2,Kasual (Low Spending)
Molly Clark,752.31,3,125.01,250.77,1,3,Potensial (Average Spending)
Molly Garcia,419.26,1,140.86,419.26,1,2,Kasual (Low Spending)
Molly Gibson,2779.38,3,474.98,926.46,1,0,Premium (High Spending)
Molly Hughes,729.56,1,131.33,729.56,1,2,Kasual (Low Spending)
Molly Lee,812.6,1,240.86,812.6,1,2,Kasual (Low Spending)
Molly Murphy,1005.27,3,86.64,335.09,1,3,Potensial (Average Spending)
Molly Ruiz,1263.8,2,219.35,631.9,1,3,Potensial (Average Spending)
Molly Williams,214.11,3,35.88,71.37,1,3,Potensial (Average Spending)
Molly Wilson,235.7,1,56.49,235.7,1,2,Kasual (Low Spending)
Molly Wood,20.45,1,8.08,20.45,1,2,Kasual (Low Spending)
Monica Anderson,539.86,2,187.28,269.93,1,3,Potensial (Average Spending)
Monica Arnold,226.32,1,102.48,226.32,1,2,Kasual (Low Spending)
Monica Bowen,649.06,2,213.96,324.53,1,3,Potensial (Average Spending)
Monica Carpenter,319.56,6,158.34,53.26,1,0,Premium (High Spending)
Monica Davis,103.2,2,26.61,51.6,1,3,Potensial (Average Spending)
Monica Ellison,802.11,1,172.74,802.11,1,2,Kasual (Low Spending)
Monica Evans,1629.78,2,286.74,814.89,1,0,Premium (High Spending)
Monica Garcia,139.47,1,40.29,139.47,1,2,Kasual (Low Spending)
Monica Gonzalez,789.06,2,143.87,394.53,1,3,Potensial (Average Spending)
Monica Gordon,1416.28,2,430.73,708.14,1,0,Premium (High Spending)
Monica Jones,686.29,3,78.91,310.29,2,3,Potensial (Average Spending)
Monica Jordan,827.75,5,209.7,165.55,1,0,Premium (High Spending)
Monica Lloyd,403.94,1,76.93,403.94,1,2,Kasual (Low Spending)
Monica Long,703.47,3,219.5,234.49,1,3,Potensial (Average Spending)
Monica Montgomery,353.96,2,110.35,176.98,1,3,Potensial (Average Spending)
Monica Moran,251.75,1,22.74,251.75,1,2,Kasual (Low Spending)
Monica Morris DVM,446.06,1,107.97,446.06,1,2,Kasual (Low Spending)
Monica Page,1461.52,2,404.71,730.76,1,0,Premium (High Spending)
Monica Park,213.36,2,64.44,106.68,1,3,Potensial (Average Spending)
Monica Ramsey,727.91,1,108.01,727.91,1,2,Kasual (Low Spending)
Monica Rhodes,418.95,1,77.06,418.95,1,2,Kasual (Low Spending)
Monica Richardson,478.89,3,217.44,159.63,1,3,Potensial (Average Spending)
Monica Rivera,179.52,3,77.73,59.84,1,3,Potensial (Average Spending)
Monica Roberson,127.58,1,38.14,127.58,1,2,Kasual (Low Spending)
Monica Roberts,383.86,2,74.99,191.93,1,3,Potensial (Average Spending)
Monica Rodriguez,1715.56,2,464.05,857.78,1,0,Premium (High Spending)
Monica Sandoval,1019.35,5,354.44,203.495,2,0,Premium (High Spending)
Monica Stafford,557.96,1,173.41,557.96,1,2,Kasual (Low Spending)
Monica Stevens,118.46,1,40.39,118.46,1,2,Kasual (Low Spending)
Monica Taylor,422.2,1,162.99,422.2,1,2,Kasual (Low Spending)
Monica Thompson,458.61,1,204.56,458.61,1,2,Kasual (Low Spending)
Monica Vincent,428.98,2,205.62,214.49,1,3,Potensial (Average Spending)
Monique Bates,500.57,1,104.9,500.57,1,2,Kasual (Low Spending)
Monique Bowman,434.58,1,194.02,434.58,1,2,Kasual (Low Spending)
Monique Gutierrez,89.86,1,35.77,89.86,1,2,Kasual (Low Spending)
Monique Joyce,331.52,1,63.15,331.52,1,2,Kasual (Low Spending)
Monique King,46.66,1,18.92,46.66,1,2,Kasual (Low Spending)
Monique Mccarthy,1222.18,2,174.2,611.09,1,3,Potensial (Average Spending)
Monique Mendoza,52.04,1,12.7,52.04,1,2,Kasual (Low Spending)
Monique Parker,1204.0,2,134.22,602.0,1,3,Potensial (Average Spending)
Monique Parsons,208.68,2,86.11,104.34,1,3,Potensial (Average Spending)
Monique Ramos,129.9,1,50.75,129.9,1,2,Kasual (Low Spending)
Monique Smith,1614.16,4,645.75,403.54,1,0,Premium (High Spending)
Morgan Cole,684.2,2,168.56,342.1,1,3,Potensial (Average Spending)
Morgan Crosby,617.1,3,169.58,205.7,1,3,Potensial (Average Spending)
Morgan Dickson,374.69,1,154.26,374.69,1,2,Kasual (Low Spending)
Morgan Garcia,139.44,2,27.68,69.72,1,3,Potensial (Average Spending)
Morgan Green,1084.94,2,144.77,542.47,1,3,Potensial (Average Spending)
Morgan Jackson,166.82,2,62.44,83.41,1,3,Potensial (Average Spending)
Morgan Lamb,1670.94,3,482.06,556.98,1,0,Premium (High Spending)
Morgan Lang,934.84,1,155.43,934.84,1,2,Kasual (Low Spending)
Morgan Morgan,338.7,1,38.93,338.7,1,2,Kasual (Low Spending)
Morgan Solis,133.95,1,36.51,133.95,1,2,Kasual (Low Spending)
Morgan Taylor,213.6,2,48.39,106.8,1,3,Potensial (Average Spending)
Morgan Watson,661.88,1,81.97,661.88,1,2,Kasual (Low Spending)
Morgan Weaver,801.92,1,109.83,801.92,1,2,Kasual (Low Spending)
Morgan Woods,331.61,1,110.82,331.61,1,2,Kasual (Low Spending)
Mr. Aaron Alexander,1058.43,1,115.44,1058.43,1,2,Kasual (Low Spending)
Mr. Adam James,992.6,2,316.12,496.3,1,3,Potensial (Average Spending)
Mr. Adam Willis,168.57,1,34.71,168.57,1,2,Kasual (Low Spending)
Mr. Alan Carlson,921.08,2,368.32,460.54,1,3,Potensial (Average Spending)
Mr. Allen Crosby,1716.78,3,282.74,572.26,1,0,Premium (High Spending)
Mr. Andrew Tyler Jr.,636.67,1,59.88,636.67,1,2,Kasual (Low Spending)
Mr. Arthur Livingston,306.36,3,102.58,102.12,1,3,Potensial (Average Spending)
Mr. Blake Leonard MD,293.04,1,99.75,293.04,1,2,Kasual (Low Spending)
Mr. Bradley Wu,557.88,3,254.75,185.96,1,3,Potensial (Average Spending)
Mr. Brent Jimenez,211.46,1,99.42,211.46,1,2,Kasual (Low Spending)
Mr. Brian Hernandez Jr.,577.63,1,176.77,577.63,1,2,Kasual (Low Spending)
Mr. Brian Patterson II,1376.85,3,408.07,458.95,1,0,Premium (High Spending)
Mr. Chad Rice II,219.05,1,46.03,219.05,1,2,Kasual (Low Spending)
Mr. Chad Ruiz,308.8,1,57.86,308.8,1,2,Kasual (Low Spending)
Mr. Charles Owens,175.68,1,26.04,175.68,1,2,Kasual (Low Spending)
Mr. Chris Carter,246.42,1,58.18,246.42,1,2,Kasual (Low Spending)
Mr. Chris Walker DDS,120.94,2,56.27,60.47,1,3,Potensial (Average Spending)
Mr. Christopher Myers,336.87,3,61.98,112.29,1,3,Potensial (Average Spending)
Mr. Christopher Nielsen,2548.92,4,438.1,637.23,1,0,Premium (High Spending)
Mr. Christopher Robinson,651.54,1,94.69,651.54,1,2,Kasual (Low Spending)
Mr. Clinton Ramirez,979.27,1,129.94,979.27,1,2,Kasual (Low Spending)
Mr. Cole Martin,474.06,2,100.65,237.03,1,3,Potensial (Average Spending)
Mr. Craig Howell,544.44,3,245.41,181.48,1,3,Potensial (Average Spending)
Mr. Dakota Maddox,168.72,1,70.94,168.72,1,2,Kasual (Low Spending)
Mr. Daniel Bentley,98.5,2,40.18,49.25,1,3,Potensial (Average Spending)
Mr. Daniel Graves,640.6,1,85.31,640.6,1,2,Kasual (Low Spending)
Mr. Daniel Johnson,612.6,1,120.12,612.6,1,2,Kasual (Low Spending)
Mr. Daniel Weaver,123.47,1,49.62,123.47,1,2,Kasual (Low Spending)
Mr. David Jackson,1420.26,3,274.36,473.42,1,0,Premium (High Spending)
Mr. David Ochoa Jr.,696.86,2,311.72,348.43,1,3,Potensial (Average Spending)
Mr. David Scott,166.61,1,31.22,166.61,1,2,Kasual (Low Spending)
Mr. David White,1654.32,4,373.6,413.58,1,0,Premium (High Spending)
Mr. Dillon Lozano,200.26,1,49.68,200.26,1,2,Kasual (Low Spending)
Mr. Donald Welch,377.47,1,159.34,377.47,1,2,Kasual (Low Spending)
Mr. Dustin Wolf,64.87,1,18.31,64.87,1,2,Kasual (Low Spending)
Mr. Edward Carter,536.45,1,124.47,536.45,1,2,Kasual (Low Spending)
Mr. Eric Petersen,131.12,2,63.5,65.56,1,3,Potensial (Average Spending)
Mr. George Murphy,566.1,2,164.82,283.05,1,3,Potensial (Average Spending)
Mr. Gerald Banks,865.97,1,239.05,865.97,1,2,Kasual (Low Spending)
Mr. Gregory Arnold,638.46,3,148.38,212.82,1,3,Potensial (Average Spending)
Mr. Gregory Oconnell,386.99,1,71.8,386.99,1,2,Kasual (Low Spending)
Mr. Isaiah Wright,602.5,1,185.03,602.5,1,2,Kasual (Low Spending)
Mr. Ivan Richards MD,1829.85,3,449.86,609.95,1,0,Premium (High Spending)
Mr. James Murillo Jr.,51.54,1,19.5,51.54,1,2,Kasual (Low Spending)
Mr. Jason Nunez,723.42,3,315.61,241.14,1,0,Premium (High Spending)
Mr. Jason Rodriguez,891.85,1,176.47,891.85,1,2,Kasual (Low Spending)
Mr. Jeremy Hernandez,534.02,1,44.45,534.02,1,2,Kasual (Low Spending)
Mr. Jeremy Shaw,3846.9,3,761.16,1282.3,1,1,VIP (Top Buyers & High Quantity)
Mr. Jerry Hawkins DDS,655.72,1,118.52,655.72,1,2,Kasual (Low Spending)
Mr. Jesse Singh,624.22,1,121.6,624.22,1,2,Kasual (Low Spending)
Mr. Jesus Stuart PhD,1413.42,3,402.68,471.14,1,0,Premium (High Spending)
Mr. Jimmy Adkins DVM,428.92,1,177.33,428.92,1,2,Kasual (Low Spending)
Mr. Joe Pena,1933.88,4,459.08,483.47,1,0,Premium (High Spending)
Mr. Joel Brown,2243.4,6,987.34,373.9,1,1,VIP (Top Buyers & High Quantity)
Mr. Joel Woods,1039.04,2,121.59,519.52,1,3,Potensial (Average Spending)
Mr. John Gilbert,112.0,1,46.09,112.0,1,2,Kasual (Low Spending)
Mr. John Johnson Jr.,561.16,2,252.22,280.58,1,3,Potensial (Average Spending)
Mr. Jordan Diaz,662.64,3,135.22,220.88,1,3,Potensial (Average Spending)
Mr. Jose Montgomery,145.64,1,59.78,145.64,1,2,Kasual (Low Spending)
Mr. Jose Nichols,155.14,2,44.47,77.57,1,3,Potensial (Average Spending)
Mr. Joseph Lang II,722.84,2,230.69,361.42,1,3,Potensial (Average Spending)
Mr. Joseph Perry,843.45,3,220.87,281.15,1,3,Potensial (Average Spending)
Mr. Joshua Garcia,107.25,1,26.38,107.25,1,2,Kasual (Low Spending)
Mr. Joshua Gonzalez,92.41,1,21.98,92.41,1,2,Kasual (Low Spending)
Mr. Juan Garcia,155.18,1,36.95,155.18,1,2,Kasual (Low Spending)
Mr. Justin Gould,376.8,2,48.9,188.4,1,3,Potensial (Average Spending)
Mr. Keith Bautista DVM,709.05,1,132.11,709.05,1,2,Kasual (Low Spending)
Mr. Kelly Vargas,3670.68,4,391.02,917.67,1,0,Premium (High Spending)
Mr. Larry Davis DVM,786.96,3,277.99,262.32,1,3,Potensial (Average Spending)
Mr. Manuel Randolph,518.42,1,169.49,518.42,1,2,Kasual (Low Spending)
Mr. Marcus Baker Jr.,261.5,2,84.5,130.75,1,3,Potensial (Average Spending)
Mr. Mark Phillips,415.33,1,99.74,415.33,1,2,Kasual (Low Spending)
Mr. Mark Stanley MD,1116.4,4,360.52,279.1,1,0,Premium (High Spending)
Mr. Marvin Haynes,411.35,1,176.7,411.35,1,2,Kasual (Low Spending)
Mr. Matthew Clark,114.62,1,39.32,114.62,1,2,Kasual (Low Spending)
Mr. Michael Bonilla DVM,817.34,1,85.39,817.34,1,2,Kasual (Low Spending)
Mr. Michael Jackson,79.52,1,16.73,79.52,1,2,Kasual (Low Spending)
Mr. Michael Keller DDS,811.4,2,208.86,405.7,1,3,Potensial (Average Spending)
Mr. Michael Larson,341.34,3,121.82,113.78,1,3,Potensial (Average Spending)
Mr. Michael Monroe DDS,404.25,1,134.4,404.25,1,2,Kasual (Low Spending)
Mr. Michael Peck,170.74,1,81.91,170.74,1,2,Kasual (Low Spending)
Mr. Michael Simpson,1015.36,1,193.58,1015.36,1,2,Kasual (Low Spending)
Mr. Nathan Friedman,397.74,2,149.41,198.87,1,3,Potensial (Average Spending)
Mr. Nicholas Johnson,940.08,2,95.12,470.04,1,3,Potensial (Average Spending)
Mr. Nicholas Tucker,99.35,1,21.81,99.35,1,2,Kasual (Low Spending)
Mr. Paul Garza PhD,2053.32,4,378.62,513.33,1,0,Premium (High Spending)
Mr. Paul Schultz,926.82,1,81.62,926.82,1,2,Kasual (Low Spending)
Mr. Phillip Maldonado,1752.32,2,214.03,876.16,1,3,Potensial (Average Spending)
Mr. Raymond Martinez,98.3,1,30.99,98.3,1,2,Kasual (Low Spending)
Mr. Richard Collier,246.06,2,105.16,123.03,1,3,Potensial (Average Spending)
Mr. Richard Martinez,113.32,1,47.72,113.32,1,2,Kasual (Low Spending)
Mr. Richard Robinson,216.86,2,73.85,108.43,1,3,Potensial (Average Spending)
Mr. Robert Dickerson,395.52,4,162.02,98.88,1,3,Potensial (Average Spending)
Mr. Robert Parrish,370.68,2,94.34,185.34,1,3,Potensial (Average Spending)
Mr. Robert Patton,2861.79,3,527.89,953.93,1,0,Premium (High Spending)
Mr. Roger Arnold PhD,1541.72,2,280.85,770.86,1,0,Premium (High Spending)
Mr. Ronald Stewart MD,104.88,1,22.35,104.88,1,2,Kasual (Low Spending)
Mr. Ryan Bates MD,516.3,1,109.15,516.3,1,2,Kasual (Low Spending)
Mr. Sean Gates,391.34,1,74.17,391.34,1,2,Kasual (Low Spending)
Mr. Sean Martin,640.84,4,88.19,160.21,1,3,Potensial (Average Spending)
Mr. Stephen Combs,1059.1,2,207.13,529.55,1,3,Potensial (Average Spending)
Mr. Stephen Edwards,443.47,1,92.06,443.47,1,2,Kasual (Low Spending)
Mr. Stephen Stephens,1466.0,4,367.82,366.5,1,0,Premium (High Spending)
Mr. Thomas Hudson,931.0,4,324.53,232.75,1,0,Premium (High Spending)
Mr. Thomas James Jr.,119.56,1,51.05,119.56,1,2,Kasual (Low Spending)
Mr. Thomas Rodriguez,886.7,1,98.48,886.7,1,2,Kasual (Low Spending)
Mr. Thomas Wilcox,470.49,1,119.74,470.49,1,2,Kasual (Low Spending)
Mr. Timothy Rodriguez,351.87,3,109.02,117.29,1,3,Potensial (Average Spending)
Mr. Troy Martin,247.46,1,106.01,247.46,1,2,Kasual (Low Spending)
Mr. Vincent Garcia,2798.0,5,850.9,559.6,1,1,VIP (Top Buyers & High Quantity)
Mr. Walter Young,512.64,3,161.14,170.88,1,3,Potensial (Average Spending)
Mr. Wayne Brown DDS,740.06,1,91.98,740.06,1,2,Kasual (Low Spending)
Mr. William Jackson,80.46,2,31.11,40.23,1,3,Potensial (Average Spending)
Mr. William Keller,683.71,1,79.54,683.71,1,2,Kasual (Low Spending)
Mr. William Kelley MD,260.58,1,58.8,260.58,1,2,Kasual (Low Spending)
Mr. William Warren,786.98,2,239.08,393.49,1,3,Potensial (Average Spending)
Mr. Zachary Kelly,163.3,1,33.19,163.3,1,2,Kasual (Low Spending)
Mrs. Alexandria Hall,860.48,2,180.65,430.24,1,3,Potensial (Average Spending)
Mrs. Alexandria Lee,205.39,1,63.66,205.39,1,2,Kasual (Low Spending)
Mrs. Alexis Shields,181.5,3,33.92,60.5,1,3,Potensial (Average Spending)
Mrs. Alicia Taylor,51.69,1,14.7,51.69,1,2,Kasual (Low Spending)
Mrs. Amanda Evans,992.38,2,258.69,496.19,1,3,Potensial (Average Spending)
Mrs. Amy Bell MD,477.2,5,83.59,95.44,1,3,Potensial (Average Spending)
Mrs. Amy Edwards,1550.82,2,202.02,775.41,1,3,Potensial (Average Spending)
Mrs. Andrea Kramer DVM,1397.26,2,196.43,698.63,1,3,Potensial (Average Spending)
Mrs. Angela Mcneil,561.22,1,77.6,561.22,1,2,Kasual (Low Spending)
Mrs. Angela Melton,709.34,2,262.75,354.67,1,3,Potensial (Average Spending)
Mrs. Angela Morgan,155.39,1,31.69,155.39,1,2,Kasual (Low Spending)
Mrs. Angelica Kennedy,171.75,1,62.28,171.75,1,2,Kasual (Low Spending)
Mrs. Ashley Wilson MD,2244.96,3,341.97,748.32,1,0,Premium (High Spending)
Mrs. Autumn Ford,1174.66,1,399.6,1174.66,1,2,Kasual (Low Spending)
Mrs. Beth Wilkinson MD,398.03,1,177.15,398.03,1,2,Kasual (Low Spending)
Mrs. Betty Ross,587.25,1,132.73,587.25,1,2,Kasual (Low Spending)
Mrs. Brandy Evans,840.91,1,142.12,840.91,1,2,Kasual (Low Spending)
Mrs. Breanna Figueroa DVM,188.44,1,91.1,188.44,1,2,Kasual (Low Spending)
Mrs. Brenda Soto,1030.06,2,275.31,515.03,1,3,Potensial (Average Spending)
Mrs. Brianna Wilson MD,1843.78,2,184.66,921.89,1,3,Potensial (Average Spending)
Mrs. Brittany Barnes,532.76,2,171.45,266.38,1,3,Potensial (Average Spending)
Mrs. Carla Miller,1852.96,2,344.21,926.48,1,0,Premium (High Spending)
Mrs. Christine Hughes DDS,686.34,3,285.61,228.78,1,3,Potensial (Average Spending)
Mrs. Christine Summers,575.34,1,109.63,575.34,1,2,Kasual (Low Spending)
Mrs. Cynthia Richardson,68.82,1,17.83,68.82,1,2,Kasual (Low Spending)
Mrs. Danielle Thomas,3977.76,4,845.42,994.44,1,1,VIP (Top Buyers & High Quantity)
Mrs. Danielle Walton,205.61,1,61.05,205.61,1,2,Kasual (Low Spending)
Mrs. Dawn Hubbard,69.64,1,24.22,69.64,1,2,Kasual (Low Spending)
Mrs. Deborah Thompson,2760.63,3,244.02,920.21,1,0,Premium (High Spending)
Mrs. Elizabeth Estes,787.98,1,155.43,787.98,1,2,Kasual (Low Spending)
Mrs. Emma Fletcher,301.03,1,84.74,301.03,1,2,Kasual (Low Spending)
Mrs. Erin Morales,362.27,1,61.44,362.27,1,2,Kasual (Low Spending)
Mrs. Evelyn Hopkins,325.76,4,116.47,81.44,1,3,Potensial (Average Spending)
Mrs. Jaime Schmidt,906.03,3,166.79,302.01,1,3,Potensial (Average Spending)
Mrs. Jamie Huynh,335.08,2,80.22,167.54,1,3,Potensial (Average Spending)
Mrs. Jamie Norris,1027.74,3,424.46,342.58,1,0,Premium (High Spending)
Mrs. Jennifer Barnes,1410.54,3,118.18,470.18,1,3,Potensial (Average Spending)
Mrs. Jennifer Ewing,322.57,1,31.24,322.57,1,2,Kasual (Low Spending)
Mrs. Jennifer Ingram,442.87,1,159.75,442.87,1,2,Kasual (Low Spending)
Mrs. Jennifer Potts DVM,63.6,1,9.18,63.6,1,2,Kasual (Low Spending)
Mrs. Jessica Hudson,1111.11,3,201.91,370.37,1,3,Potensial (Average Spending)
Mrs. Jordan Smith DDS,109.71,1,29.17,109.71,1,2,Kasual (Low Spending)
Mrs. Kaitlyn Cuevas,1205.04,4,504.03,301.26,1,0,Premium (High Spending)
Mrs. Karen Drake MD,824.62,1,116.52,824.62,1,2,Kasual (Low Spending)
Mrs. Katelyn Lopez,947.05,1,257.32,947.05,1,2,Kasual (Low Spending)
Mrs. Katherine Welch,412.39,1,126.18,412.39,1,2,Kasual (Low Spending)
Mrs. Kimberly Herrera,660.75,1,118.35,660.75,1,2,Kasual (Low Spending)
Mrs. Kimberly Smith,1605.96,3,278.16,535.32,1,0,Premium (High Spending)
Mrs. Kristin Green DVM,132.96,1,26.86,132.96,1,2,Kasual (Low Spending)
Mrs. Laura Gentry,963.6,3,280.45,321.2,1,0,Premium (High Spending)
Mrs. Lauren Huynh,415.59,1,91.53,415.59,1,2,Kasual (Low Spending)
Mrs. Lauren Roth,537.29,1,66.39,537.29,1,2,Kasual (Low Spending)
Mrs. Lauren Simmons PhD,824.93,1,133.76,824.93,1,2,Kasual (Low Spending)
Mrs. Linda Jones,4667.76,6,711.87,777.96,1,1,VIP (Top Buyers & High Quantity)
Mrs. Lindsey Luna,554.12,1,161.6,554.12,1,2,Kasual (Low Spending)
Mrs. Lori Rivera,647.16,4,128.3,161.79,1,3,Potensial (Average Spending)
Mrs. Margaret Williams,399.4,4,131.28,99.85,1,3,Potensial (Average Spending)
Mrs. Martha Ramos,331.94,1,72.91,331.94,1,2,Kasual (Low Spending)
Mrs. Mary Bennett,1181.12,2,354.1,590.56,1,0,Premium (High Spending)
Mrs. Michelle Maynard,493.96,2,54.72,246.98,1,3,Potensial (Average Spending)
Mrs. Mindy Miller DVM,1159.02,3,152.35,386.34,1,3,Potensial (Average Spending)
Mrs. Molly Harris MD,110.83,1,50.93,110.83,1,2,Kasual (Low Spending)
Mrs. Monica Hamilton,789.53,1,166.85,789.53,1,2,Kasual (Low Spending)
Mrs. Morgan Matthews,1455.06,2,385.71,727.53,1,0,Premium (High Spending)
Mrs. Nicole Coleman,346.34,1,103.47,346.34,1,2,Kasual (Low Spending)
Mrs. Pamela Harper MD,590.11,1,54.03,590.11,1,2,Kasual (Low Spending)
Mrs. Pamela Lyons,809.8,2,328.98,404.9,1,3,Potensial (Average Spending)
Mrs. Patricia Martinez,398.66,2,162.21,199.33,1,3,Potensial (Average Spending)
Mrs. Rachel Rivera,402.04,1,44.65,402.04,1,2,Kasual (Low Spending)
Mrs. Rachel Thornton DDS,616.04,2,68.99,308.02,1,3,Potensial (Average Spending)
Mrs. Rebecca Scott,1772.7,3,596.21,590.9,1,0,Premium (High Spending)
Mrs. Regina Burns,90.28,1,28.62,90.28,1,2,Kasual (Low Spending)
Mrs. Renee Bradley,696.22,1,90.21,696.22,1,2,Kasual (Low Spending)
Mrs. Sandra Meyer,403.06,2,75.12,201.53,1,3,Potensial (Average Spending)
Mrs. Sara Flores MD,104.08,1,23.46,104.08,1,2,Kasual (Low Spending)
Mrs. Sarah Lucas,1030.42,2,177.19,515.21,1,3,Potensial (Average Spending)
Mrs. Shannon Holmes,461.1,1,96.56,461.1,1,2,Kasual (Low Spending)
Mrs. Shelley Fisher MD,697.33,1,119.91,697.33,1,2,Kasual (Low Spending)
Mrs. Stephanie Boyd,923.64,3,216.5,307.88,1,3,Potensial (Average Spending)
Mrs. Sydney Vance,565.96,2,55.6,282.98,1,3,Potensial (Average Spending)
Mrs. Taylor Richardson,1013.68,1,161.63,1013.68,1,2,Kasual (Low Spending)
Mrs. Taylor Vang,438.55,1,195.28,438.55,1,2,Kasual (Low Spending)
Mrs. Tina Middleton,1175.58,3,323.64,391.86,1,0,Premium (High Spending)
Mrs. Tracey Cooper PhD,581.86,1,56.06,581.86,1,2,Kasual (Low Spending)
Ms. Ann Jackson,517.38,2,152.94,258.69,1,3,Potensial (Average Spending)
Ms. Carmen Townsend,137.56,2,39.52,68.78,1,3,Potensial (Average Spending)
Ms. Catherine Carlson,947.28,1,132.05,947.28,1,2,Kasual (Low Spending)
Ms. Deborah Blankenship,110.82,1,36.75,110.82,1,2,Kasual (Low Spending)
Ms. Deborah Richardson,71.89,1,33.17,71.89,1,2,Kasual (Low Spending)
Ms. Denise Pennington,480.62,1,98.22,480.62,1,2,Kasual (Low Spending)
Ms. Gail Silva,656.59,1,75.34,656.59,1,2,Kasual (Low Spending)
Ms. Heather Bonilla MD,2053.88,4,274.92,513.47,1,0,Premium (High Spending)
Ms. Jaime Kim,2779.0,5,267.21,555.8,1,0,Premium (High Spending)
Ms. Monica Burke MD,137.98,1,42.94,137.98,1,2,Kasual (Low Spending)
Ms. Olivia Butler,412.86,3,137.86,137.62,1,3,Potensial (Average Spending)
Ms. Renee Hernandez,23.42,1,6.29,23.42,1,2,Kasual (Low Spending)
Ms. Sandra Bradley,185.03,1,79.15,185.03,1,2,Kasual (Low Spending)
Ms. Taylor Alvarado,540.38,2,46.93,270.19,1,3,Potensial (Average Spending)
Nancy Allen,941.78,2,141.13,470.89,1,3,Potensial (Average Spending)
Nancy Andrews,261.87,1,98.95,261.87,1,2,Kasual (Low Spending)
Nancy Bell,446.85,5,157.61,89.37,1,0,Premium (High Spending)
Nancy Bennett,388.32,1,121.91,388.32,1,2,Kasual (Low Spending)
Nancy Blake,135.11,1,40.73,135.11,1,2,Kasual (Low Spending)
Nancy Blanchard,414.94,1,51.97,414.94,1,2,Kasual (Low Spending)
Nancy Clark,2637.7799999999997,6,687.12,456.43666666666667,3,1,VIP (Top Buyers & High Quantity)
Nancy Cobb,307.28,1,129.91,307.28,1,2,Kasual (Low Spending)
Nancy Cook,190.98,1,40.19,190.98,1,2,Kasual (Low Spending)
Nancy Crawford,153.57,1,51.78,153.57,1,2,Kasual (Low Spending)
Nancy Cross,197.99,1,98.3,197.99,1,2,Kasual (Low Spending)
Nancy Evans,1434.98,2,146.07,717.49,1,3,Potensial (Average Spending)
Nancy Flowers,618.36,1,80.97,618.36,1,2,Kasual (Low Spending)
Nancy Fowler,504.29,1,78.14,504.29,1,2,Kasual (Low Spending)
Nancy Griffin,2766.72,4,435.6,691.68,1,0,Premium (High Spending)
Nancy Hernandez,202.04,2,71.84,101.02,1,3,Potensial (Average Spending)
Nancy Hill,1239.9,2,168.52,619.95,1,3,Potensial (Average Spending)
Nancy Jackson,3424.95,3,399.82,1141.65,1,0,Premium (High Spending)
Nancy Larson,708.0,5,255.59,141.6,1,0,Premium (High Spending)
Nancy Long,940.42,2,220.59,470.21,1,3,Potensial (Average Spending)
Nancy Luna,883.79,1,155.92,883.79,1,2,Kasual (Low Spending)
Nancy Luna DVM,219.63,3,77.51,73.21,1,3,Potensial (Average Spending)
Nancy Lutz,1039.18,2,287.14,519.59,1,3,Potensial (Average Spending)
Nancy Meyer,1584.1,7,688.39,226.3,1,1,VIP (Top Buyers & High Quantity)
Nancy Moore,637.33,1,62.85,637.33,1,2,Kasual (Low Spending)
Nancy Oconnor,180.37,1,33.33,180.37,1,2,Kasual (Low Spending)
Nancy Parker,59.09,1,17.59,59.09,1,2,Kasual (Low Spending)
Nancy Powell,252.09,3,74.1,84.03,1,3,Potensial (Average Spending)
Nancy Price,434.94,1,93.2,434.94,1,2,Kasual (Low Spending)
Nancy Rogers,619.45,1,91.56,619.45,1,2,Kasual (Low Spending)
Nancy Sanders,248.32,2,106.78,124.16,1,3,Potensial (Average Spending)
Nancy Santiago,848.12,2,271.12,424.06,1,3,Potensial (Average Spending)
Nancy Shaffer,2445.28,4,414.53,611.32,1,0,Premium (High Spending)
Nancy Shaw,352.12,4,167.44,88.03,1,3,Potensial (Average Spending)
Nancy Singh,1826.2,5,738.99,365.24,1,1,VIP (Top Buyers & High Quantity)
Nancy Smith,600.24,1,111.31,600.24,1,2,Kasual (Low Spending)
Nancy Sparks,569.83,1,112.99,569.83,1,2,Kasual (Low Spending)
Nancy Stewart,686.22,1,209.92,686.22,1,2,Kasual (Low Spending)
Nancy Thomas,899.61,1,133.12,899.61,1,2,Kasual (Low Spending)
Nancy Walker,700.27,1,205.01,700.27,1,2,Kasual (Low Spending)
Nancy Wallace,939.16,4,287.47,234.79,1,0,Premium (High Spending)
Nancy Webb,419.13,3,110.49,139.71,1,3,Potensial (Average Spending)
Nancy Williams,370.58,1,51.78,370.58,1,2,Kasual (Low Spending)
Nancy Wilson,363.75,5,154.01,72.75,1,0,Premium (High Spending)
Natalie Cox,325.92,1,75.54,325.92,1,2,Kasual (Low Spending)
Natalie Davis,598.21,1,185.56,598.21,1,2,Kasual (Low Spending)
Natalie Fisher,789.62,2,194.04,394.81,1,3,Potensial (Average Spending)
Natalie Garcia,855.89,1,114.58,855.89,1,2,Kasual (Low Spending)
Natalie Gordon,82.98,3,33.52,27.66,1,3,Potensial (Average Spending)
Natalie Guzman,601.71,1,198.21,601.71,1,2,Kasual (Low Spending)
Natalie Harris,835.5,1,288.18,835.5,1,2,Kasual (Low Spending)
Natalie Hayes,47.39,1,17.13,47.39,1,2,Kasual (Low Spending)
Natalie Hunter,732.3,3,148.44,244.1,1,3,Potensial (Average Spending)
Natalie Johnston,1691.64,2,292.8,845.82,1,0,Premium (High Spending)
Natalie Mann,1333.12,2,147.22,666.56,1,3,Potensial (Average Spending)
Natalie Nelson,538.54,2,102.9,269.27,1,3,Potensial (Average Spending)
Natalie Obrien,1147.88,4,433.71,286.97,2,0,Premium (High Spending)
Natalie Pennington,360.86,1,110.9,360.86,1,2,Kasual (Low Spending)
Natalie Reed,90.26,1,37.63,90.26,1,2,Kasual (Low Spending)
Natalie Reyes,423.57,1,89.09,423.57,1,2,Kasual (Low Spending)
Natalie Rios,559.59,1,111.67,559.59,1,2,Kasual (Low Spending)
Natalie Russell,4854.6,4,916.63,1213.65,1,1,VIP (Top Buyers & High Quantity)
Natalie Torres,345.12,2,166.83,172.56,1,3,Potensial (Average Spending)
Natalie Valenzuela,305.21,1,44.85,305.21,1,2,Kasual (Low Spending)
Natalie Wilkinson,2012.43,3,307.32,670.81,1,0,Premium (High Spending)
Natasha Bartlett,851.97,3,266.36,283.99,1,3,Potensial (Average Spending)
Natasha Beltran,113.34,1,43.48,113.34,1,2,Kasual (Low Spending)
Natasha Hoover,170.91,1,49.77,170.91,1,2,Kasual (Low Spending)
Natasha Long,296.7,3,62.25,98.9,1,3,Potensial (Average Spending)
Natasha Martin,497.49,1,43.5,497.49,1,2,Kasual (Low Spending)
Natasha Mays,1236.87,3,129.96,412.29,1,3,Potensial (Average Spending)
Natasha Montgomery,351.36,1,125.94,351.36,1,2,Kasual (Low Spending)
Natasha Parker,480.1,2,180.39,240.05,1,3,Potensial (Average Spending)
Natasha Proctor,142.7,2,54.09,71.35,1,3,Potensial (Average Spending)
Natasha Riley,197.36,1,37.58,197.36,1,2,Kasual (Low Spending)
Natasha Ryan,221.2,1,49.48,221.2,1,2,Kasual (Low Spending)
Natasha Schultz,83.31,1,26.14,83.31,1,2,Kasual (Low Spending)
Natasha Simon,103.26,2,48.76,51.63,1,3,Potensial (Average Spending)
Natasha Stewart,1918.22,2,236.29,959.11,1,0,Premium (High Spending)
Natasha Strickland,2039.97,3,329.45,679.99,1,0,Premium (High Spending)
Natasha Walls,238.41,1,33.43,238.41,1,2,Kasual (Low Spending)
Natasha Wilkins,438.38,1,90.6,438.38,1,2,Kasual (Low Spending)
Nathan Anderson,1199.32,2,140.82,599.66,1,3,Potensial (Average Spending)
Nathan Bruce,148.78,1,25.1,148.78,1,2,Kasual (Low Spending)
Nathan Caldwell,106.63,1,12.05,106.63,1,2,Kasual (Low Spending)
Nathan Carr,391.98,1,153.98,391.98,1,2,Kasual (Low Spending)
Nathan Clarke,734.92,2,60.44,367.46,1,3,Potensial (Average Spending)
Nathan Espinoza,561.88,1,105.68,561.88,1,2,Kasual (Low Spending)
Nathan Fernandez,232.26,1,111.95,232.26,1,2,Kasual (Low Spending)
Nathan Franco,856.34,2,350.5,428.17,1,3,Potensial (Average Spending)
Nathan Graham,2399.7,3,817.9,799.9,1,1,VIP (Top Buyers & High Quantity)
Nathan Gray,960.56,1,203.46,960.56,1,2,Kasual (Low Spending)
Nathan Hernandez,979.72,3,163.49,316.225,2,3,Potensial (Average Spending)
Nathan Jensen,335.92,1,98.69,335.92,1,2,Kasual (Low Spending)
Nathan Johnson,1313.46,1,248.17,1313.46,1,2,Kasual (Low Spending)
Nathan Lee,3077.65,7,546.77,410.975,2,1,VIP (Top Buyers & High Quantity)
Nathan Madden,1260.04,2,177.24,630.02,1,3,Potensial (Average Spending)
Nathan Mckinney,99.69,1,38.69,99.69,1,2,Kasual (Low Spending)
Nathan Nelson,475.42,1,84.97,475.42,1,2,Kasual (Low Spending)
Nathan Newton,169.98,1,26.75,169.98,1,2,Kasual (Low Spending)
Nathan Perry,1020.3,2,254.09,510.15,1,3,Potensial (Average Spending)
Nathan Ramirez DVM,1954.62,6,228.28,325.77,1,0,Premium (High Spending)
Nathan Reyes,411.15,1,74.36,411.15,1,2,Kasual (Low Spending)
Nathan Ritter,242.66,1,60.6,242.66,1,2,Kasual (Low Spending)
Nathan Ruiz,1661.12,2,515.32,830.56,1,0,Premium (High Spending)
Nathan Sanchez,301.1,5,69.4,60.22,1,3,Potensial (Average Spending)
Nathan Smith,2182.08,3,379.98,727.36,1,0,Premium (High Spending)
Nathan Velasquez,321.86,2,76.59,160.93,1,3,Potensial (Average Spending)
Nathan Wright,104.3,1,31.37,104.3,1,2,Kasual (Low Spending)
Nathaniel Anderson,385.13,1,110.11,385.13,1,2,Kasual (Low Spending)
Nathaniel Blevins,1664.42,2,232.45,832.21,1,3,Potensial (Average Spending)
Nathaniel Bowen PhD,722.54,2,92.43,361.27,1,3,Potensial (Average Spending)
Nathaniel Boyd,449.28,4,123.53,112.32,1,3,Potensial (Average Spending)
Nathaniel Carter,325.88,2,114.26,162.94,1,3,Potensial (Average Spending)
Nathaniel Diaz,1199.02,2,247.54,599.51,1,3,Potensial (Average Spending)
Nathaniel Keller,80.01,1,18.24,80.01,1,2,Kasual (Low Spending)
Nathaniel Martin,113.94,1,43.77,113.94,1,2,Kasual (Low Spending)
Nathaniel Miranda,487.72,2,209.8,243.86,1,3,Potensial (Average Spending)
Nathaniel Morgan,177.15,1,64.54,177.15,1,2,Kasual (Low Spending)
Nathaniel Smith,221.17,1,37.39,221.17,1,2,Kasual (Low Spending)
Nathaniel Tanner,1512.06,2,521.33,756.03,1,0,Premium (High Spending)
Nathaniel Taylor,157.46,1,45.26,157.46,1,2,Kasual (Low Spending)
Nathaniel Wagner,127.38,1,11.83,127.38,1,2,Kasual (Low Spending)
Nathaniel Walker,1094.67,3,265.48,364.89,1,0,Premium (High Spending)
Nathaniel White,205.91,1,22.39,205.91,1,2,Kasual (Low Spending)
Neil Gibson,113.2,2,24.68,56.6,1,3,Potensial (Average Spending)
Neil Knight,397.29,1,102.11,397.29,1,2,Kasual (Low Spending)
Nicholas Aguilar,2486.6,5,415.72,497.32,1,0,Premium (High Spending)
Nicholas Arnold,1251.12,4,118.34,312.78,1,0,Premium (High Spending)
Nicholas Ballard,1715.72,4,589.94,428.93,1,0,Premium (High Spending)
Nicholas Becker,266.26,1,36.28,266.26,1,2,Kasual (Low Spending)
Nicholas Bell,502.74,2,103.93,251.37,1,3,Potensial (Average Spending)
Nicholas Bishop,320.6,4,60.79,80.15,1,3,Potensial (Average Spending)
Nicholas Camacho,1342.58,2,460.14,671.29,1,0,Premium (High Spending)
Nicholas Campbell,608.64,3,180.93,202.88,1,3,Potensial (Average Spending)
Nicholas Carpenter,323.94,3,137.18,107.98,1,3,Potensial (Average Spending)
Nicholas Casey,447.31,1,133.38,447.31,1,2,Kasual (Low Spending)
Nicholas Clark,380.56,1,59.1,380.56,1,2,Kasual (Low Spending)
Nicholas Cruz,380.09,1,31.48,380.09,1,2,Kasual (Low Spending)
Nicholas Cuevas,2926.74,3,380.22,975.58,1,0,Premium (High Spending)
Nicholas Daniels,128.54,2,35.37,64.27,1,3,Potensial (Average Spending)
Nicholas Davis,1047.68,4,255.33,231.17000000000002,2,0,Premium (High Spending)
Nicholas Dean,78.85,1,16.48,78.85,1,2,Kasual (Low Spending)
Nicholas Fernandez,81.97,1,30.53,81.97,1,2,Kasual (Low Spending)
Nicholas Fisher,908.46,2,171.71,454.23,1,3,Potensial (Average Spending)
Nicholas Fisher IV,104.5,1,30.76,104.5,1,2,Kasual (Low Spending)
Nicholas Freeman,806.84,2,303.65,403.42,1,3,Potensial (Average Spending)
Nicholas Gill,1969.28,5,198.07,372.145,2,0,Premium (High Spending)
Nicholas Gillespie PhD,773.4,3,209.85,257.8,1,3,Potensial (Average Spending)
Nicholas Gomez,1386.4,4,618.98,346.6,1,0,Premium (High Spending)
Nicholas Goodman,848.92,2,271.71,424.46,1,3,Potensial (Average Spending)
Nicholas Harris,1016.79,1,157.8,1016.79,1,2,Kasual (Low Spending)
Nicholas Hernandez,485.18,1,85.54,485.18,1,2,Kasual (Low Spending)
Nicholas Herring,844.5,2,194.02,422.25,1,3,Potensial (Average Spending)
Nicholas Hicks,952.34,1,245.79,952.34,1,2,Kasual (Low Spending)
Nicholas Houston,312.09,3,133.99,104.03,1,3,Potensial (Average Spending)
Nicholas Huber,817.44,1,207.71,817.44,1,2,Kasual (Low Spending)
Nicholas Jones,175.38,2,21.25,87.69,1,3,Potensial (Average Spending)
Nicholas Keith,1010.25,1,184.67,1010.25,1,2,Kasual (Low Spending)
Nicholas Kerr,234.52,2,103.12,117.26,1,3,Potensial (Average Spending)
Nicholas Lawrence,4094.95,5,940.67,818.99,1,1,VIP (Top Buyers & High Quantity)
Nicholas Lynn,339.62,1,46.86,339.62,1,2,Kasual (Low Spending)
Nicholas Macias,29.84,1,6.36,29.84,1,2,Kasual (Low Spending)
Nicholas Martinez,935.94,1,105.06,935.94,1,2,Kasual (Low Spending)
Nicholas Mcfarland,411.78,1,121.09,411.78,1,2,Kasual (Low Spending)
Nicholas Montoya,424.86,1,91.66,424.86,1,2,Kasual (Low Spending)
Nicholas Murphy,90.41,1,36.59,90.41,1,2,Kasual (Low Spending)
Nicholas Oconnor,1930.5,2,156.58,965.25,1,3,Potensial (Average Spending)
Nicholas Palmer,1435.84,2,437.86,717.92,1,0,Premium (High Spending)
Nicholas Perez,1483.86,2,390.32,741.93,1,0,Premium (High Spending)
Nicholas Ramirez,936.06,2,151.34,468.03,1,3,Potensial (Average Spending)
Nicholas Randolph,835.77,1,109.59,835.77,1,2,Kasual (Low Spending)
Nicholas Reeves,94.62,1,26.18,94.62,1,2,Kasual (Low Spending)
Nicholas Richards,240.26,1,80.38,240.26,1,2,Kasual (Low Spending)
Nicholas Richardson,195.82,1,69.82,195.82,1,2,Kasual (Low Spending)
Nicholas Rios,507.79,1,73.47,507.79,1,2,Kasual (Low Spending)
Nicholas Rivera,255.18,2,103.2,127.59,1,3,Potensial (Average Spending)
Nicholas Russell,579.02,1,90.86,579.02,1,2,Kasual (Low Spending)
Nicholas Salas,578.26,2,116.88,289.13,1,3,Potensial (Average Spending)
Nicholas Santos,1461.27,3,195.9,487.09,1,0,Premium (High Spending)
Nicholas Scott,346.8,2,90.95,173.4,1,3,Potensial (Average Spending)
Nicholas Simpson,1818.58,2,165.81,909.29,1,3,Potensial (Average Spending)
Nicholas Soto,52.02,1,15.41,52.02,1,2,Kasual (Low Spending)
Nicholas Thomas,1700.06,2,533.37,850.03,1,0,Premium (High Spending)
Nicholas Thompson,3013.02,5,525.4,556.0933333333334,3,1,VIP (Top Buyers & High Quantity)
Nicholas Torres,390.06,1,48.93,390.06,1,2,Kasual (Low Spending)
Nicholas Travis,328.96,1,89.28,328.96,1,2,Kasual (Low Spending)
Nicholas Trevino,259.42,1,54.95,259.42,1,2,Kasual (Low Spending)
Nicholas Valentine,126.59,1,40.64,126.59,1,2,Kasual (Low Spending)
Nicholas Vasquez,732.32,4,204.05,183.08,1,0,Premium (High Spending)
Nicholas Webb,733.96,2,303.72,366.98,1,3,Potensial (Average Spending)
Nicholas Wilson,494.92,2,223.77,247.46,1,3,Potensial (Average Spending)
Nicholas Wyatt,262.62,2,100.23,131.31,1,3,Potensial (Average Spending)
Nicholas Young,259.59,1,80.9,259.59,1,2,Kasual (Low Spending)
Nichole Andrews,698.61,1,232.78,698.61,1,2,Kasual (Low Spending)
Nichole Johnson,1806.98,2,316.49,903.49,1,0,Premium (High Spending)
Nichole Miller,997.36,2,286.5,498.68,1,3,Potensial (Average Spending)
Nichole Perez,1018.55,1,146.88,1018.55,1,2,Kasual (Low Spending)
Nichole Sherman,117.45,1,43.86,117.45,1,2,Kasual (Low Spending)
Nicolas Holland MD,281.1,1,26.75,281.1,1,2,Kasual (Low Spending)
Nicole Acevedo,1473.48,2,236.01,736.74,1,3,Potensial (Average Spending)
Nicole Bailey,1672.08,2,302.42,836.04,1,0,Premium (High Spending)
Nicole Baldwin,848.2,1,194.9,848.2,1,2,Kasual (Low Spending)
Nicole Berger,518.02,1,45.43,518.02,1,2,Kasual (Low Spending)
Nicole Black,588.92,2,122.66,294.46,1,3,Potensial (Average Spending)
Nicole Boone,119.29,1,42.67,119.29,1,2,Kasual (Low Spending)
Nicole Carlson MD,92.49,1,43.91,92.49,1,2,Kasual (Low Spending)
Nicole Castillo,611.41,1,117.41,611.41,1,2,Kasual (Low Spending)
Nicole Cobb,88.75,1,29.84,88.75,1,2,Kasual (Low Spending)
Nicole Cochran,308.0,2,68.83,154.0,1,3,Potensial (Average Spending)
Nicole Collier,813.92,2,93.69,406.96,1,3,Potensial (Average Spending)
Nicole Davis,74.36,1,29.72,74.36,1,2,Kasual (Low Spending)
Nicole Dunn DVM,265.35,1,130.35,265.35,1,2,Kasual (Low Spending)
Nicole Fitzgerald,576.81,1,93.91,576.81,1,2,Kasual (Low Spending)
Nicole Freeman,209.89,1,20.53,209.89,1,2,Kasual (Low Spending)
Nicole French,818.16,3,180.58,272.72,1,3,Potensial (Average Spending)
Nicole Garcia,5253.8,5,849.43,1050.76,1,1,VIP (Top Buyers & High Quantity)
Nicole Garrett,939.76,2,236.11,469.88,1,3,Potensial (Average Spending)
Nicole Garza,674.67,3,140.41,224.89,1,3,Potensial (Average Spending)
Nicole Glenn,516.87,3,229.3,172.29,1,3,Potensial (Average Spending)
Nicole Gomez,291.84,1,74.08,291.84,1,2,Kasual (Low Spending)
Nicole Gonzalez,504.55,3,111.39999999999999,157.405,2,3,Potensial (Average Spending)
Nicole Green,647.6,2,126.59,323.8,1,3,Potensial (Average Spending)
Nicole Hamilton,339.34,2,138.12,169.67,1,3,Potensial (Average Spending)
Nicole Hansen,1163.5,5,430.3,232.7,1,0,Premium (High Spending)
Nicole Harrell,96.47,1,44.37,96.47,1,2,Kasual (Low Spending)
Nicole Hayes,802.44,3,109.97,267.48,1,3,Potensial (Average Spending)
Nicole Hill,750.39,4,159.46,201.77499999999998,2,3,Potensial (Average Spending)
Nicole Holt,704.24,1,202.24,704.24,1,2,Kasual (Low Spending)
Nicole Hood,2359.3,5,703.98,471.86,1,1,VIP (Top Buyers & High Quantity)
Nicole Irwin,451.37,1,51.53,451.37,1,2,Kasual (Low Spending)
Nicole Jimenez,233.14,1,71.68,233.14,1,2,Kasual (Low Spending)
Nicole Johnson,97.48,1,28.14,97.48,1,2,Kasual (Low Spending)
Nicole Jones,1828.89,5,510.78000000000003,366.73,2,0,Premium (High Spending)
Nicole Jordan PhD,160.18,2,51.46,80.09,1,3,Potensial (Average Spending)
Nicole Lee,970.0,2,191.07999999999998,485.0,2,3,Potensial (Average Spending)
Nicole Leonard,1203.98,2,237.8,601.99,1,3,Potensial (Average Spending)
Nicole Levy,197.96,2,79.75,98.98,1,3,Potensial (Average Spending)
Nicole Martin,570.02,1,52.26,570.02,1,2,Kasual (Low Spending)
Nicole Mccormick,387.67,1,125.15,387.67,1,2,Kasual (Low Spending)
Nicole Mckay,1872.9,3,485.86,624.3,1,0,Premium (High Spending)
Nicole Mcpherson,961.62,3,206.73,320.54,1,3,Potensial (Average Spending)
Nicole Moran,620.66,1,156.43,620.66,1,2,Kasual (Low Spending)
Nicole Murphy,387.05,1,134.76,387.05,1,2,Kasual (Low Spending)
Nicole Obrien,683.24,2,295.55,341.62,1,3,Potensial (Average Spending)
Nicole Ortiz,151.04,1,30.69,151.04,1,2,Kasual (Low Spending)
Nicole Parker,3917.1,7,657.99,496.47249999999997,4,1,VIP (Top Buyers & High Quantity)
Nicole Ramirez,1502.04,3,156.71,500.68,1,3,Potensial (Average Spending)
Nicole Ramos,413.32,1,58.24,413.32,1,2,Kasual (Low Spending)
Nicole Reeves,1157.38,4,385.74,336.46,2,0,Premium (High Spending)
Nicole Rivera,890.47,1,276.18,890.47,1,2,Kasual (Low Spending)
Nicole Roberts,110.94,2,43.18,55.47,1,3,Potensial (Average Spending)
Nicole Rodriguez,791.04,3,225.23,263.68,1,3,Potensial (Average Spending)
Nicole Rollins,237.09,1,48.19,237.09,1,2,Kasual (Low Spending)
Nicole Rose,413.01,3,147.21,137.67,1,3,Potensial (Average Spending)
Nicole Schmidt,103.48,2,48.38,51.74,1,3,Potensial (Average Spending)
Nicole Schmidt MD,121.06,2,33.93,60.53,1,3,Potensial (Average Spending)
Nicole Sullivan,482.64,2,226.69,241.32,1,3,Potensial (Average Spending)
Nicole Tate,889.77,3,143.79,296.59,1,3,Potensial (Average Spending)
Nicole Taylor,3037.86,3,458.95,1012.62,1,0,Premium (High Spending)
Nicole Thomas,51.99,1,21.93,51.99,1,2,Kasual (Low Spending)
Nicole Thompson,578.88,4,158.47,144.72,1,3,Potensial (Average Spending)
Nicole Torres,978.5,4,187.18,244.625,2,0,Premium (High Spending)
Nicole Turner,439.6,1,113.18,439.6,1,2,Kasual (Low Spending)
Nicole Vaughn,55.94,1,16.69,55.94,1,2,Kasual (Low Spending)
Nicole Waller,1385.5,2,345.38,692.75,1,0,Premium (High Spending)
Nicole Walsh,1788.0,4,329.82,447.0,1,0,Premium (High Spending)
Nicole Walton,2808.9700000000003,5,504.28000000000003,432.545,2,1,VIP (Top Buyers & High Quantity)
Nicole Warren,240.72,1,99.01,240.72,1,2,Kasual (Low Spending)
Nicole Weaver,270.55,1,84.34,270.55,1,2,Kasual (Low Spending)
Nicole Whitney,213.59,1,60.89,213.59,1,2,Kasual (Low Spending)
Nicole Wright,47.39,1,17.23,47.39,1,2,Kasual (Low Spending)
Nina Davis,774.58,1,92.66,774.58,1,2,Kasual (Low Spending)
Nina Henry,1722.56,2,146.25,861.28,1,3,Potensial (Average Spending)
Noah Bridges,318.66,3,92.32,106.22,1,3,Potensial (Average Spending)
Noah Coleman,1212.15,3,206.86,404.05,1,3,Potensial (Average Spending)
Noah Edwards,391.5,1,157.55,391.5,1,2,Kasual (Low Spending)
Noah Reilly,622.48,2,196.01,311.24,1,3,Potensial (Average Spending)
Noah Robinson,333.31,1,122.63,333.31,1,2,Kasual (Low Spending)
Noah Rodriguez,1928.7,2,642.71,964.35,1,0,Premium (High Spending)
Noah Woods,479.8,2,91.85,239.9,1,3,Potensial (Average Spending)
Norma Bean,356.64,1,135.41,356.64,1,2,Kasual (Low Spending)
Norma Bowen,845.2,2,229.63,422.6,1,3,Potensial (Average Spending)
Norma Goodwin,615.14,1,119.42,615.14,1,2,Kasual (Low Spending)
Norma Schaefer,175.62,3,66.02,58.54,1,3,Potensial (Average Spending)
Norman Kennedy,551.15,1,98.81,551.15,1,2,Kasual (Low Spending)
Norman Kim,80.12,1,22.08,80.12,1,2,Kasual (Low Spending)
Olivia Adams,2428.14,2,848.13,1214.07,1,0,Premium (High Spending)
Olivia Bell,2091.87,3,508.34,697.29,1,0,Premium (High Spending)
Olivia Brown,127.41,1,35.05,127.41,1,2,Kasual (Low Spending)
Olivia Brown DVM,223.88,4,71.56,55.97,1,3,Potensial (Average Spending)
Olivia Campbell,586.37,1,59.62,586.37,1,2,Kasual (Low Spending)
Olivia Cisneros,654.68,1,165.21,654.68,1,2,Kasual (Low Spending)
Olivia Cook,682.18,1,135.68,682.18,1,2,Kasual (Low Spending)
Olivia Figueroa,279.13,1,90.02,279.13,1,2,Kasual (Low Spending)
Olivia Hooper,492.72,2,158.94,246.36,1,3,Potensial (Average Spending)
Olivia Johnson,855.84,3,350.11,285.28,1,0,Premium (High Spending)
Olivia Lopez,458.29,1,118.13,458.29,1,2,Kasual (Low Spending)
Olivia Lutz,706.12,1,205.89,706.12,1,2,Kasual (Low Spending)
Olivia Miller,127.3,2,48.03,63.65,1,3,Potensial (Average Spending)
Olivia Moore,146.09,1,47.18,146.09,1,2,Kasual (Low Spending)
Olivia Perry,496.21,1,65.25,496.21,1,2,Kasual (Low Spending)
Olivia Rhodes,108.3,1,28.44,108.3,1,2,Kasual (Low Spending)
Olivia Schultz,906.76,2,173.32,453.38,1,3,Potensial (Average Spending)
Omar Bryant,474.54,1,97.68,474.54,1,2,Kasual (Low Spending)
Omar Cook,265.18,2,86.42,132.59,1,3,Potensial (Average Spending)
Omar Hill,487.22,2,141.74,243.61,1,3,Potensial (Average Spending)
Oscar Adams,511.2,6,251.89,85.2,1,0,Premium (High Spending)
Oscar Chapman,2236.58,4,539.3699999999999,401.76,2,0,Premium (High Spending)
Oscar Dixon,702.64,2,270.0,351.32,1,3,Potensial (Average Spending)
Oscar Garcia,1081.78,2,281.81,540.89,1,3,Potensial (Average Spending)
Oscar Johnson,538.28,4,243.57,134.57,1,0,Premium (High Spending)
Oscar Lewis,202.72,1,73.03,202.72,1,2,Kasual (Low Spending)
Oscar Mendez,246.99,1,32.53,246.99,1,2,Kasual (Low Spending)
Oscar Mullins,441.9,3,94.69,147.3,1,3,Potensial (Average Spending)
Oscar Webb,342.88,1,53.74,342.88,1,2,Kasual (Low Spending)
Oscar Wilcox,394.19,1,65.97,394.19,1,2,Kasual (Low Spending)
Paige Copeland,1116.14,1,165.18,1116.14,1,2,Kasual (Low Spending)
Paige Henry,1086.15,5,245.55,217.23,1,0,Premium (High Spending)
Paige Howell,600.86,2,133.01,300.43,1,3,Potensial (Average Spending)
Paige Jones,1783.0,2,365.96,891.5,1,0,Premium (High Spending)
Paige Kaufman,1513.74,6,645.57,252.29,1,1,VIP (Top Buyers & High Quantity)
Paige Mason,851.31,3,290.32,283.77,1,0,Premium (High Spending)
Paige Powers DVM,56.36,1,22.96,56.36,1,2,Kasual (Low Spending)
Paige Thomas,869.7,5,218.31,173.94,1,0,Premium (High Spending)
Pam Friedman,507.75,3,165.32,169.25,1,3,Potensial (Average Spending)
Pam Harrington,4150.95,5,577.74,830.19,1,1,VIP (Top Buyers & High Quantity)
Pam Strong,91.53,1,23.35,91.53,1,2,Kasual (Low Spending)
Pamela Alvarez,218.42,1,49.33,218.42,1,2,Kasual (Low Spending)
Pamela Anderson,1665.24,3,316.71,555.08,1,0,Premium (High Spending)
Pamela Brown,65.29,1,25.08,65.29,1,2,Kasual (Low Spending)
Pamela Davis,268.24,1,63.15,268.24,1,2,Kasual (Low Spending)
Pamela Elliott,248.45,1,61.95,248.45,1,2,Kasual (Low Spending)
Pamela Ewing,754.53,3,87.6,251.51,1,3,Potensial (Average Spending)
Pamela Hanson,987.15,3,251.8,329.05,1,3,Potensial (Average Spending)
Pamela Hardy,333.74,1,31.39,333.74,1,2,Kasual (Low Spending)
Pamela Hernandez,1251.6200000000001,4,296.4,292.40999999999997,2,0,Premium (High Spending)
Pamela Johnson,933.9,6,257.29,155.65,1,0,Premium (High Spending)
Pamela Jones,656.94,3,69.28,218.98,1,3,Potensial (Average Spending)
Pamela Jordan,853.26,2,220.55,426.63,2,3,Potensial (Average Spending)
Pamela Lee,360.84,2,95.71,180.42,1,3,Potensial (Average Spending)
Pamela Little,71.89,1,26.23,71.89,1,2,Kasual (Low Spending)
Pamela Lopez,4981.55,6,920.3,543.995,2,1,VIP (Top Buyers & High Quantity)
Pamela Martin,675.72,1,96.35,675.72,1,2,Kasual (Low Spending)
Pamela Mcgee,536.45,1,103.51,536.45,1,2,Kasual (Low Spending)
Pamela Mckinney,194.04,2,62.77,97.02,1,3,Potensial (Average Spending)
Pamela Morgan,175.19,1,78.45,175.19,1,2,Kasual (Low Spending)
Pamela Morris,2746.66,4,265.73,767.28,2,0,Premium (High Spending)
Pamela Morse,278.88,1,115.95,278.88,1,2,Kasual (Low Spending)
Pamela Nelson,149.86,1,43.36,149.86,1,2,Kasual (Low Spending)
Pamela Newman,2718.5,5,804.07,543.7,1,1,VIP (Top Buyers & High Quantity)
Pamela Rivera,885.59,1,153.33,885.59,1,2,Kasual (Low Spending)
Pamela Robinson,61.12,1,24.41,61.12,1,2,Kasual (Low Spending)
Pamela Rodriguez,63.18,1,17.67,63.18,1,2,Kasual (Low Spending)
Pamela Rosales,636.06,1,91.64,636.06,1,2,Kasual (Low Spending)
Pamela Rush,791.47,1,136.61,791.47,1,2,Kasual (Low Spending)
Pamela Ryan,230.53,1,55.99,230.53,1,2,Kasual (Low Spending)
Pamela Sanders MD,238.22,2,67.03,119.11,1,3,Potensial (Average Spending)
Pamela Schmitt,1527.3,2,152.59,763.65,1,3,Potensial (Average Spending)
Pamela Smith,365.85,3,91.5,121.95,1,3,Potensial (Average Spending)
Pamela Stevens,348.56,2,145.08,174.28,1,3,Potensial (Average Spending)
Pamela Stokes,346.71,1,58.85,346.71,1,2,Kasual (Low Spending)
Pamela Tran,389.72,2,65.01,194.86,1,3,Potensial (Average Spending)
Pamela Ward,379.65,1,114.51,379.65,1,2,Kasual (Low Spending)
Pamela Wood,152.57,1,31.07,152.57,1,2,Kasual (Low Spending)
Pamela Zhang,170.39,1,65.63,170.39,1,2,Kasual (Low Spending)
Parker Bennett,419.75,1,188.19,419.75,1,2,Kasual (Low Spending)
Parker Campbell,220.89,1,63.58,220.89,1,2,Kasual (Low Spending)
Parker Edwards,208.78,1,66.46,208.78,1,2,Kasual (Low Spending)
Parker Schroeder,950.43,1,110.26,950.43,1,2,Kasual (Low Spending)
Parker Thompson,476.44,2,174.33,238.22,1,3,Potensial (Average Spending)
Patricia Adams,236.11,1,105.91,236.11,1,2,Kasual (Low Spending)
Patricia Avery,988.96,2,147.91,494.48,1,3,Potensial (Average Spending)
Patricia Bailey,219.58,2,103.43,109.79,1,3,Potensial (Average Spending)
Patricia Baker,408.78,1,131.5,408.78,1,2,Kasual (Low Spending)
Patricia Barron,204.78,1,59.34,204.78,1,2,Kasual (Low Spending)
Patricia Beck,594.86,2,59.26,297.43,1,3,Potensial (Average Spending)
Patricia Conrad,205.78,1,92.22,205.78,1,2,Kasual (Low Spending)
Patricia Cruz,3187.44,5,564.89,642.0533333333333,3,1,VIP (Top Buyers & High Quantity)
Patricia Daugherty,321.29,1,126.69,321.29,1,2,Kasual (Low Spending)
Patricia Erickson,390.64,1,167.36,390.64,1,2,Kasual (Low Spending)
Patricia Flores,242.72,1,93.37,242.72,1,2,Kasual (Low Spending)
Patricia Foster DVM,1930.23,3,271.42,643.41,1,0,Premium (High Spending)
Patricia Garcia,1030.44,2,143.67,515.22,1,3,Potensial (Average Spending)
Patricia Gibson,49.74,1,21.48,49.74,1,2,Kasual (Low Spending)
Patricia Gonzalez,860.4300000000001,4,272.8,198.08333333333334,3,0,Premium (High Spending)
Patricia Graves,237.6,2,60.63,118.8,1,3,Potensial (Average Spending)
Patricia Gregory,69.52,2,18.26,34.76,1,3,Potensial (Average Spending)
Patricia Griffith,241.86,2,80.67,120.93,1,3,Potensial (Average Spending)
Patricia Guerrero,103.88,2,38.41,51.94,1,3,Potensial (Average Spending)
Patricia Hall,262.44,1,93.14,262.44,1,2,Kasual (Low Spending)
Patricia Harris,179.17,1,72.48,179.17,1,2,Kasual (Low Spending)
Patricia Hernandez,508.38,3,216.65,169.46,1,3,Potensial (Average Spending)
Patricia Hill,835.73,1,81.4,835.73,1,2,Kasual (Low Spending)
Patricia Hopkins,67.47,1,19.98,67.47,1,2,Kasual (Low Spending)
Patricia Howard,502.16,1,53.96,502.16,1,2,Kasual (Low Spending)
Patricia Hunter,972.08,2,105.22,486.04,1,3,Potensial (Average Spending)
Patricia Jackson,3141.9,6,947.33,471.745,2,1,VIP (Top Buyers & High Quantity)
Patricia Lawrence,690.79,1,118.54,690.79,1,2,Kasual (Low Spending)
Patricia Lee,959.26,1,90.02,959.26,1,2,Kasual (Low Spending)
Patricia Martin,553.96,4,172.54,138.49,1,3,Potensial (Average Spending)
Patricia Mcmillan,679.54,2,271.2,339.77,1,3,Potensial (Average Spending)
Patricia Miller,1396.6,2,383.74,698.3,1,0,Premium (High Spending)
Patricia Moore,384.87,1,163.89,384.87,1,2,Kasual (Low Spending)
Patricia Morgan,901.98,1,156.02,901.98,1,2,Kasual (Low Spending)
Patricia Morris,155.31,1,31.61,155.31,1,2,Kasual (Low Spending)
Patricia Murphy,237.1,2,74.17,118.55,1,3,Potensial (Average Spending)
Patricia Newman,680.74,1,147.48,680.74,1,2,Kasual (Low Spending)
Patricia Perez,95.65,1,24.19,95.65,1,2,Kasual (Low Spending)
Patricia Randall,855.3,1,126.06,855.3,1,2,Kasual (Low Spending)
Patricia Riddle,1897.28,2,220.79,948.64,1,0,Premium (High Spending)
Patricia Rodriguez,196.58,1,24.67,196.58,1,2,Kasual (Low Spending)
Patricia Rogers,3320.04,3,477.58,1106.68,1,0,Premium (High Spending)
Patricia Romero,217.06,2,72.26,108.53,1,3,Potensial (Average Spending)
Patricia Rush,704.84,1,108.49,704.84,1,2,Kasual (Low Spending)
Patricia Smith,385.11,2,88.85,192.555,2,3,Potensial (Average Spending)
Patricia Snyder,284.23,1,39.42,284.23,1,2,Kasual (Low Spending)
Patricia Tran,236.56,1,84.52,236.56,1,2,Kasual (Low Spending)
Patricia Valencia,2169.93,3,422.27,723.31,1,0,Premium (High Spending)
Patricia Vargas,849.92,1,143.37,849.92,1,2,Kasual (Low Spending)
Patricia Vaughn,736.59,1,252.08,736.59,1,2,Kasual (Low Spending)
Patricia Velasquez,319.52,1,107.71,319.52,1,2,Kasual (Low Spending)
Patricia Waters,344.72,4,149.52,86.18,1,3,Potensial (Average Spending)
Patricia Watkins,1398.42,3,239.91,466.14,1,0,Premium (High Spending)
Patricia White,837.1,4,290.76,209.275,2,0,Premium (High Spending)
Patricia Williams,268.07,2,67.46,134.035,2,3,Potensial (Average Spending)
Patricia Young,188.28,1,16.62,188.28,1,2,Kasual (Low Spending)
Patrick Andrews,323.51,1,49.26,323.51,1,2,Kasual (Low Spending)
Patrick Atkinson,78.23,1,16.17,78.23,1,2,Kasual (Low Spending)
Patrick Bautista,952.32,1,135.91,952.32,1,2,Kasual (Low Spending)
Patrick Bowman,421.89,1,126.07,421.89,1,2,Kasual (Low Spending)
Patrick Carpenter,433.07,1,102.41,433.07,1,2,Kasual (Low Spending)
Patrick Clark,1409.9,5,361.15999999999997,501.115,2,0,Premium (High Spending)
Patrick Costa,680.72,1,80.56,680.72,1,2,Kasual (Low Spending)
Patrick Davis,1236.44,2,277.74,618.22,2,3,Potensial (Average Spending)
Patrick Franklin,324.95,1,116.03,324.95,1,2,Kasual (Low Spending)
Patrick Gonzalez,1017.32,2,220.4,508.66,1,3,Potensial (Average Spending)
Patrick Graves,869.91,3,357.59,289.97,1,0,Premium (High Spending)
Patrick Hardy,1500.78,2,211.95,750.39,1,3,Potensial (Average Spending)
Patrick Hart,662.66,1,123.42,662.66,1,2,Kasual (Low Spending)
Patrick Hendricks,86.95,1,20.82,86.95,1,2,Kasual (Low Spending)
Patrick Hernandez,419.2,2,168.73000000000002,209.6,2,3,Potensial (Average Spending)
Patrick Hinton,376.8,2,66.62,188.4,1,3,Potensial (Average Spending)
Patrick Hunt,290.64,2,116.34,145.32,1,3,Potensial (Average Spending)
Patrick Jenkins,332.35,1,50.05,332.35,1,2,Kasual (Low Spending)
Patrick Jensen,182.62,1,83.04,182.62,1,2,Kasual (Low Spending)
Patrick Johnson,301.9,2,36.53,150.95,1,3,Potensial (Average Spending)
Patrick Jones,378.52,2,99.4,189.26,1,3,Potensial (Average Spending)
Patrick Kim,194.4,1,39.95,194.4,1,2,Kasual (Low Spending)
Patrick Mason,42.85,1,12.35,42.85,1,2,Kasual (Low Spending)
Patrick Mclean,718.13,1,137.0,718.13,1,2,Kasual (Low Spending)
Patrick Moyer,205.06,1,76.69,205.06,1,2,Kasual (Low Spending)
Patrick Phillips,2777.8,4,525.19,694.45,1,0,Premium (High Spending)
Patrick Price,1927.5,2,242.27,963.75,1,0,Premium (High Spending)
Patrick Ramirez,74.69,1,31.71,74.69,1,2,Kasual (Low Spending)
Patrick Reed,1450.94,2,458.65,725.47,1,0,Premium (High Spending)
Patrick Roberts,270.84,2,114.77,135.42,1,3,Potensial (Average Spending)
Patrick Rodriguez,297.82,2,144.56,148.91,1,3,Potensial (Average Spending)
Patrick Rogers,293.82,1,65.96,293.82,1,2,Kasual (Low Spending)
Patrick Smith,116.76,2,27.44,58.38,1,3,Potensial (Average Spending)
Patrick Sullivan,2478.0,4,663.94,504.77,2,1,VIP (Top Buyers & High Quantity)
Patrick Thomas,141.82,2,25.91,70.91,1,3,Potensial (Average Spending)
Patrick Thompson,548.83,1,164.39,548.83,1,2,Kasual (Low Spending)
Patrick Vincent,123.56,1,49.4,123.56,1,2,Kasual (Low Spending)
Patrick Webster,355.24,2,116.35,177.62,1,3,Potensial (Average Spending)
Patrick Werner,141.02,1,48.27,141.02,1,2,Kasual (Low Spending)
Patrick Williams,364.89,3,111.86,121.63,1,3,Potensial (Average Spending)
Patrick Wilson,374.0,2,83.1,187.0,1,3,Potensial (Average Spending)
Patty David,2020.42,2,363.32,1010.21,1,0,Premium (High Spending)
Patty Gallegos,549.61,1,93.23,549.61,1,2,Kasual (Low Spending)
Patty Tate,142.2,2,56.08,71.1,1,3,Potensial (Average Spending)
Patty Taylor,3373.9,5,1021.35,674.78,1,1,VIP (Top Buyers & High Quantity)
Paul Barker,198.55,1,67.86,198.55,1,2,Kasual (Low Spending)
Paul Barnes,38.01,1,12.72,38.01,1,2,Kasual (Low Spending)
Paul Beasley,87.96,2,43.47,43.98,1,3,Potensial (Average Spending)
Paul Bell,147.95,1,45.13,147.95,1,2,Kasual (Low Spending)
Paul Beltran,654.44,4,164.57,163.61,1,3,Potensial (Average Spending)
Paul Bray,1279.22,2,229.91,639.61,1,3,Potensial (Average Spending)
Paul Brown,260.86,2,95.91,130.43,2,3,Potensial (Average Spending)
Paul Bullock,623.44,1,116.76,623.44,1,2,Kasual (Low Spending)
Paul Callahan,166.64,1,62.8,166.64,1,2,Kasual (Low Spending)
Paul Carter,873.3699999999999,2,195.94,436.68499999999995,2,3,Potensial (Average Spending)
Paul Casey,723.19,1,119.68,723.19,1,2,Kasual (Low Spending)
Paul Collins,417.42,1,74.04,417.42,1,2,Kasual (Low Spending)
Paul Cook,788.61,1,138.2,788.61,1,2,Kasual (Low Spending)
Paul Cooper,2112.24,4,382.71,528.06,1,0,Premium (High Spending)
Paul Daugherty,401.28,4,160.62,100.32,1,3,Potensial (Average Spending)
Paul Dawson,445.02,3,175.44,148.34,1,3,Potensial (Average Spending)
Paul Ellison,798.38,1,69.72,798.38,1,2,Kasual (Low Spending)
Paul Flores,137.32,1,39.32,137.32,1,2,Kasual (Low Spending)
Paul Frazier,472.64,1,79.42,472.64,1,2,Kasual (Low Spending)
Paul Glover,648.15,1,119.46,648.15,1,2,Kasual (Low Spending)
Paul Gould,259.18,2,82.93,129.59,1,3,Potensial (Average Spending)
Paul Haas,138.59,1,47.91,138.59,1,2,Kasual (Low Spending)
Paul Hernandez,1236.48,3,536.49,412.16,1,0,Premium (High Spending)
Paul Hunt,196.58,2,48.45,98.29,1,3,Potensial (Average Spending)
Paul Jenkins,616.47,3,215.53,205.49,1,3,Potensial (Average Spending)
Paul Jimenez,185.52,1,72.37,185.52,1,2,Kasual (Low Spending)
Paul Johnson,244.79,1,47.43,244.79,1,2,Kasual (Low Spending)
Paul Kent,175.1,1,72.15,175.1,1,2,Kasual (Low Spending)
Paul Kim,352.41,3,153.99,117.47,1,3,Potensial (Average Spending)
Paul King,778.5899999999999,4,313.94,194.785,2,0,Premium (High Spending)
Paul Lee,81.92,1,15.54,81.92,1,2,Kasual (Low Spending)
Paul Long,342.1,2,118.95,171.05,1,3,Potensial (Average Spending)
Paul Lopez,742.24,1,145.24,742.24,1,2,Kasual (Low Spending)
Paul Lopez MD,675.94,1,163.87,675.94,1,2,Kasual (Low Spending)
Paul Lowery,482.9,2,171.61,241.45,1,3,Potensial (Average Spending)
Paul Martin,696.69,3,183.59,232.23,1,3,Potensial (Average Spending)
Paul Martinez,140.8,1,47.32,140.8,1,2,Kasual (Low Spending)
Paul Mccann,236.35,1,43.55,236.35,1,2,Kasual (Low Spending)
Paul Medina,151.29,1,22.31,151.29,1,2,Kasual (Low Spending)
Paul Mendez,317.26,2,92.01,158.63,1,3,Potensial (Average Spending)
Paul Moreno,164.02,1,36.37,164.02,1,2,Kasual (Low Spending)
Paul Mueller,1083.54,6,199.18,180.59,1,0,Premium (High Spending)
Paul Parker,699.94,2,233.34,349.97,1,3,Potensial (Average Spending)
Paul Porter,619.18,2,147.63,309.59,1,3,Potensial (Average Spending)
Paul Powell,713.21,1,110.65,713.21,1,2,Kasual (Low Spending)
Paul Randall,161.75,1,49.52,161.75,1,2,Kasual (Low Spending)
Paul Rhodes,647.4,2,203.83,323.7,1,3,Potensial (Average Spending)
Paul Rivera,1455.42,2,185.08,727.71,1,3,Potensial (Average Spending)
Paul Rodgers,1286.16,2,365.41,643.08,1,0,Premium (High Spending)
Paul Ryan,385.05,1,42.21,385.05,1,2,Kasual (Low Spending)
Paul Sanchez,1031.6399999999999,2,154.03,515.8199999999999,2,3,Potensial (Average Spending)
Paul Scott,174.28,1,57.77,174.28,1,2,Kasual (Low Spending)
Paul Smith,510.0,5,234.91,102.0,1,0,Premium (High Spending)
Paul Stevenson,673.42,2,120.96,336.71,1,3,Potensial (Average Spending)
Paul Thompson,1011.72,6,278.9,168.62,1,0,Premium (High Spending)
Paul Torres,300.92,4,98.13,75.23,1,3,Potensial (Average Spending)
Paul Tran,136.18,2,32.14,68.09,1,3,Potensial (Average Spending)
Paul Turner,803.35,1,156.4,803.35,1,2,Kasual (Low Spending)
Paul Villegas,856.98,3,231.54,285.66,1,3,Potensial (Average Spending)
Paul Wade,458.89,1,71.42,458.89,1,2,Kasual (Low Spending)
Paul Wall,557.8,1,109.1,557.8,1,2,Kasual (Low Spending)
Paul Waters,226.6,1,41.68,226.6,1,2,Kasual (Low Spending)
Paul Watkins,1800.78,2,180.16,900.39,1,3,Potensial (Average Spending)
Paul Watson,1704.3700000000001,3,395.02,515.27,2,0,Premium (High Spending)
Paul Watson MD,1331.78,2,111.19,665.89,1,3,Potensial (Average Spending)
Paul Williams,227.62,1,24.85,227.62,1,2,Kasual (Low Spending)
Paul Wilson,1233.01,3,387.64,411.00333333333333,3,0,Premium (High Spending)
Paula Acosta,1909.8,2,367.95,954.9,1,0,Premium (High Spending)
Paula Ashley,1623.24,4,302.24,405.81,1,0,Premium (High Spending)
Paula Bailey,588.81,3,269.46,196.27,1,3,Potensial (Average Spending)
Paula Bennett,377.26,2,87.74,188.63,1,3,Potensial (Average Spending)
Paula Burnett,481.1,2,162.89,240.55,1,3,Potensial (Average Spending)
Paula Butler,563.0,2,91.82,281.5,1,3,Potensial (Average Spending)
Paula Carlson,203.92,1,55.92,203.92,1,2,Kasual (Low Spending)
Paula Chavez,272.79,1,118.52,272.79,1,2,Kasual (Low Spending)
Paula Clark,201.86,1,70.58,201.86,1,2,Kasual (Low Spending)
Paula Daniels PhD,117.64,1,41.82,117.64,1,2,Kasual (Low Spending)
Paula Davis,191.34,2,50.9,95.67,1,3,Potensial (Average Spending)
Paula Dickson,1374.1,5,392.09,274.82,1,0,Premium (High Spending)
Paula Flores,403.58,2,101.98,201.79,1,3,Potensial (Average Spending)
Paula Foster,573.99,1,58.0,573.99,1,2,Kasual (Low Spending)
Paula Graham,342.68,2,150.92,171.34,1,3,Potensial (Average Spending)
Paula Hicks,1368.8,2,214.11,684.4,1,3,Potensial (Average Spending)
Paula Michael,3548.61,3,389.31,1182.87,1,0,Premium (High Spending)
Paula Montes,568.54,1,165.34,568.54,1,2,Kasual (Low Spending)
Paula Rivera MD,837.59,1,114.73,837.59,1,2,Kasual (Low Spending)
Paula Ryan,538.45,1,97.27,538.45,1,2,Kasual (Low Spending)
Paula Silva,366.61,1,110.82,366.61,1,2,Kasual (Low Spending)
Paula Sims,937.36,4,411.05,234.34,1,0,Premium (High Spending)
Paula Small,250.14,3,57.97,83.38,1,3,Potensial (Average Spending)
Pedro Mendez,538.88,1,80.45,538.88,1,2,Kasual (Low Spending)
Peggy Collins,830.37,1,90.91,830.37,1,2,Kasual (Low Spending)
Peggy Pham,540.34,1,99.68,540.34,1,2,Kasual (Low Spending)
Penny Buckley PhD,348.04,1,69.38,348.04,1,2,Kasual (Low Spending)
Penny Bush,87.59,1,25.35,87.59,1,2,Kasual (Low Spending)
Penny Graham,687.02,1,214.01,687.02,1,2,Kasual (Low Spending)
Penny Hall,396.8,1,68.14,396.8,1,2,Kasual (Low Spending)
Penny Harmon,2788.02,3,654.31,929.34,1,0,Premium (High Spending)
Penny Johnson,306.98,2,91.58,153.49,1,3,Potensial (Average Spending)
Penny Khan,381.48,3,69.27,127.16,1,3,Potensial (Average Spending)
Penny Mitchell,325.14,1,38.15,325.14,1,2,Kasual (Low Spending)
Peter Baker,288.6,1,74.38,288.6,1,2,Kasual (Low Spending)
Peter Bowman,126.21,1,30.47,126.21,1,2,Kasual (Low Spending)
Peter Bradford,460.07,1,82.05,460.07,1,2,Kasual (Low Spending)
Peter Carroll,1044.85,1,109.35,1044.85,1,2,Kasual (Low Spending)
Peter Chen,1735.53,3,447.97,578.51,1,0,Premium (High Spending)
Peter Cooke,238.92,1,74.38,238.92,1,2,Kasual (Low Spending)
Peter Jennings,199.17,1,32.83,199.17,1,2,Kasual (Low Spending)
Peter Johnson,234.79,1,71.88,234.79,1,2,Kasual (Low Spending)
Peter Miller,1557.41,4,221.43,299.535,2,0,Premium (High Spending)
Peter Moore,286.3,2,128.71,143.15,1,3,Potensial (Average Spending)
Peter Ortiz,841.6,1,104.96,841.6,1,2,Kasual (Low Spending)
Peter Peterson,1194.0,3,345.45,398.0,1,0,Premium (High Spending)
Peter Ramirez,788.14,1,146.31,788.14,1,2,Kasual (Low Spending)
Peter Rogers,733.67,1,114.34,733.67,1,2,Kasual (Low Spending)
Peter Scott,342.5,1,137.73,342.5,1,2,Kasual (Low Spending)
Peter Shepherd,54.62,2,15.5,27.31,1,3,Potensial (Average Spending)
Peter Silva,443.3,2,172.42,221.65,1,3,Potensial (Average Spending)
Peter Smith,196.12,1,25.22,196.12,1,2,Kasual (Low Spending)
Peter Valencia,710.68,4,135.66,177.67,1,3,Potensial (Average Spending)
Peter Wallace,312.24,2,109.73,156.12,1,3,Potensial (Average Spending)
Peter Walter,407.26,1,105.89,407.26,1,2,Kasual (Low Spending)
Peter Ware,118.87,1,52.57,118.87,1,2,Kasual (Low Spending)
Peter West,1533.72,2,214.94,766.86,1,3,Potensial (Average Spending)
Peter Wheeler,528.22,1,93.85,528.22,1,2,Kasual (Low Spending)
Peter Williams,3093.1,9,995.3499999999999,413.3033333333333,3,1,VIP (Top Buyers & High Quantity)
Philip Barnett,459.2,2,100.47,229.6,1,3,Potensial (Average Spending)
Philip Barr,610.18,1,185.44,610.18,1,2,Kasual (Low Spending)
Philip Chang,147.06,1,51.29,147.06,1,2,Kasual (Low Spending)
Philip Cole,121.7,5,52.09,24.34,1,3,Potensial (Average Spending)
Philip Gonzalez,1358.22,2,330.83,679.11,1,0,Premium (High Spending)
Philip Hernandez,909.3,4,203.94,227.325,2,0,Premium (High Spending)
Philip Hobbs,89.61,3,20.01,29.87,1,3,Potensial (Average Spending)
Philip Lindsey,1307.37,4,259.79999999999995,442.245,2,0,Premium (High Spending)
Philip Manning,328.76,1,65.84,328.76,1,2,Kasual (Low Spending)
Philip Mcfarland,950.14,1,175.95,950.14,1,2,Kasual (Low Spending)
Philip Nelson,2376.0,3,815.76,792.0,1,1,VIP (Top Buyers & High Quantity)
Philip Pham,356.2,1,38.6,356.2,1,2,Kasual (Low Spending)
Philip Silva,3358.5,5,427.46,671.7,1,1,VIP (Top Buyers & High Quantity)
Philip Smith,1057.11,3,85.19,352.37,1,3,Potensial (Average Spending)
Philip Torres,998.22,3,142.26,332.74,1,3,Potensial (Average Spending)
Philip Ward,620.0,1,109.65,620.0,1,2,Kasual (Low Spending)
Philip West,190.69,1,40.34,190.69,1,2,Kasual (Low Spending)
Philip Williams,198.24,1,73.49,198.24,1,2,Kasual (Low Spending)
Philip Wong,2529.86,2,331.55,1264.93,1,0,Premium (High Spending)
Phillip Allen,702.72,3,313.22,234.24,1,0,Premium (High Spending)
Phillip Bailey,168.37,1,61.07,168.37,1,2,Kasual (Low Spending)
Phillip Berry,323.4,1,96.49,323.4,1,2,Kasual (Low Spending)
Phillip Larson,600.05,1,104.64,600.05,1,2,Kasual (Low Spending)
Phillip Lin,1523.31,3,397.06,507.77,1,0,Premium (High Spending)
Phillip Lopez,311.64,3,122.74,103.88,1,3,Potensial (Average Spending)
Phillip Marshall,209.23,1,45.34,209.23,1,2,Kasual (Low Spending)
Phillip Mendez,221.35,1,84.25,221.35,1,2,Kasual (Low Spending)
Phillip Miller,1251.18,2,174.45,625.59,1,3,Potensial (Average Spending)
Phillip Moran,969.7,1,115.4,969.7,1,2,Kasual (Low Spending)
Phillip Richard,897.86,1,131.91,897.86,1,2,Kasual (Low Spending)
Phillip Smith,59.13,1,20.12,59.13,1,2,Kasual (Low Spending)
Phillip Todd,155.2,1,63.24,155.2,1,2,Kasual (Low Spending)
Phillip Villegas,536.44,1,62.84,536.44,1,2,Kasual (Low Spending)
Phillip Wiggins,748.5,2,82.05,374.25,1,3,Potensial (Average Spending)
Phillip Williams,934.59,3,224.49,311.53,1,3,Potensial (Average Spending)
Phyllis Reese,192.18,2,81.81,96.09,1,3,Potensial (Average Spending)
Phyllis Rodriguez,339.29,1,72.27,339.29,1,2,Kasual (Low Spending)
Phyllis Ruiz,470.78,1,51.8,470.78,1,2,Kasual (Low Spending)
Preston Hendricks,2238.94,2,310.85,1119.47,1,0,Premium (High Spending)
Preston Smith,641.84,2,104.54,320.92,1,3,Potensial (Average Spending)
Priscilla Christensen,606.6,1,60.79,606.6,1,2,Kasual (Low Spending)
Priscilla Hutchinson,789.78,1,237.34,789.78,1,2,Kasual (Low Spending)
Priscilla Robertson,655.38,2,117.63,327.69,1,3,Potensial (Average Spending)
Rachael Erickson,108.2,1,27.55,108.2,1,2,Kasual (Low Spending)
Rachael Fisher,4877.04,4,715.43,1219.26,1,1,VIP (Top Buyers & High Quantity)
Rachael Harvey,228.02,1,92.62,228.02,1,2,Kasual (Low Spending)
Rachael Johnston,1991.6,5,781.84,398.32,1,1,VIP (Top Buyers & High Quantity)
Rachael Khan,148.63,1,47.61,148.63,1,2,Kasual (Low Spending)
Rachael Mills,789.94,2,330.18,394.97,1,3,Potensial (Average Spending)
Rachael Patterson,220.89,1,98.78,220.89,1,2,Kasual (Low Spending)
Rachel Allen,681.47,1,70.33,681.47,1,2,Kasual (Low Spending)
Rachel Beard,1451.46,3,383.89,483.82,1,0,Premium (High Spending)
Rachel Becker,597.36,3,183.89,199.12,1,3,Potensial (Average Spending)
Rachel Bird,214.45,1,79.78,214.45,1,2,Kasual (Low Spending)
Rachel Brown,1365.48,5,124.39,236.73,2,0,Premium (High Spending)
Rachel Butler,301.97,1,72.43,301.97,1,2,Kasual (Low Spending)
Rachel Byrd,806.25,5,173.33,161.25,1,0,Premium (High Spending)
Rachel Carter,213.97,1,38.52,213.97,1,2,Kasual (Low Spending)
Rachel Dickerson,1380.32,2,201.03,690.16,1,3,Potensial (Average Spending)
Rachel Elliott,580.38,3,84.68,193.46,1,3,Potensial (Average Spending)
Rachel Evans,470.28,3,58.57,156.76,1,3,Potensial (Average Spending)
Rachel Ewing,1599.54,3,295.02,533.18,1,0,Premium (High Spending)
Rachel Foster,1717.38,2,208.19,858.69,1,3,Potensial (Average Spending)
Rachel Freeman,186.93,1,45.37,186.93,1,2,Kasual (Low Spending)
Rachel Garcia,532.54,1,127.9,532.54,1,2,Kasual (Low Spending)
Rachel Gregory,307.47,3,78.11,102.49,1,3,Potensial (Average Spending)
Rachel Hanson,2245.56,4,564.9,561.39,1,0,Premium (High Spending)
Rachel Hardy,287.62,1,85.94,287.62,1,2,Kasual (Low Spending)
Rachel Harris,712.98,2,205.31,356.49,1,3,Potensial (Average Spending)
Rachel Hernandez,416.7,3,191.13,138.9,1,3,Potensial (Average Spending)
Rachel Hicks,244.62,2,65.69,122.31,1,3,Potensial (Average Spending)
Rachel Hill,532.04,4,104.88,133.01,1,3,Potensial (Average Spending)
Rachel Johnson,632.01,3,76.32,210.67,1,3,Potensial (Average Spending)
Rachel Jones,3576.7400000000002,7,713.23,466.68,3,1,VIP (Top Buyers & High Quantity)
Rachel Kramer,751.49,1,140.29,751.49,1,2,Kasual (Low Spending)
Rachel Lambert,1907.24,4,252.23,476.81,1,0,Premium (High Spending)
Rachel Lindsey,231.55,1,115.38,231.55,1,2,Kasual (Low Spending)
Rachel Long,444.69,3,206.44,148.23,1,3,Potensial (Average Spending)
Rachel Marks,697.26,2,289.14,348.63,1,3,Potensial (Average Spending)
Rachel Marquez,421.3,1,37.5,421.3,1,2,Kasual (Low Spending)
Rachel Martin,458.46,6,157.31,76.41,1,0,Premium (High Spending)
Rachel Mcgee,519.39,3,146.02,173.13,1,3,Potensial (Average Spending)
Rachel Mendez,354.07,1,69.01,354.07,1,2,Kasual (Low Spending)
Rachel Mendoza,315.5,2,134.18,157.75,1,3,Potensial (Average Spending)
Rachel Meza,601.38,1,96.83,601.38,1,2,Kasual (Low Spending)
Rachel Myers,3359.0600000000004,6,359.90999999999997,485.04,2,1,VIP (Top Buyers & High Quantity)
Rachel Nelson,769.39,1,111.83,769.39,1,2,Kasual (Low Spending)
Rachel Nguyen,390.24,2,106.42,195.12,1,3,Potensial (Average Spending)
Rachel Olson,399.24,1,106.72,399.24,1,2,Kasual (Low Spending)
Rachel Page,157.2,2,36.87,78.6,1,3,Potensial (Average Spending)
Rachel Pena,623.4,3,203.51,215.22,2,3,Potensial (Average Spending)
Rachel Peterson,1132.8,2,253.57,566.4,1,3,Potensial (Average Spending)
Rachel Pineda,161.11,1,48.34,161.11,1,2,Kasual (Low Spending)
Rachel Reeves,397.84,1,37.38,397.84,1,2,Kasual (Low Spending)
Rachel Reyes,822.56,2,238.46,411.28,1,3,Potensial (Average Spending)
Rachel Reynolds,2985.9,3,589.82,995.3,1,0,Premium (High Spending)
Rachel Richards,640.8,3,248.39,213.6,1,3,Potensial (Average Spending)
Rachel Richardson,177.0,6,65.09,29.5,1,0,Premium (High Spending)
Rachel Robinson,2703.6,4,297.05,675.9,1,0,Premium (High Spending)
Rachel Rollins,2034.24,3,422.13,678.08,1,0,Premium (High Spending)
Rachel Rush,48.2,2,18.23,24.1,1,3,Potensial (Average Spending)
Rachel Ryan,217.75,1,73.48,217.75,1,2,Kasual (Low Spending)
Rachel Sanchez,885.63,1,243.83,885.63,1,2,Kasual (Low Spending)
Rachel Sandoval DDS,326.85,1,129.43,326.85,1,2,Kasual (Low Spending)
Rachel Simmons,620.28,1,190.06,620.28,1,2,Kasual (Low Spending)
Rachel Smith,734.62,2,140.67,367.31,1,3,Potensial (Average Spending)
Rachel Stephens,42.83,1,13.63,42.83,1,2,Kasual (Low Spending)
Rachel Strickland,372.23,1,127.88,372.23,1,2,Kasual (Low Spending)
Rachel Strong,400.88,2,85.55,200.44,1,3,Potensial (Average Spending)
Rachel Taylor,178.76,1,27.53,178.76,1,2,Kasual (Low Spending)
Rachel Thompson,155.44,1,41.38,155.44,1,2,Kasual (Low Spending)
Rachel Walker,913.4,4,211.32,228.35,1,0,Premium (High Spending)
Rachel Warner,240.3,1,65.23,240.3,1,2,Kasual (Low Spending)
Rachel Williams,965.36,1,102.06,965.36,1,2,Kasual (Low Spending)
Rachel Wilson,1694.88,2,412.53,847.44,1,0,Premium (High Spending)
Rachel Woods,171.1,1,60.8,171.1,1,2,Kasual (Low Spending)
Rachel Woods DVM,1972.56,3,628.68,657.52,1,0,Premium (High Spending)
Ralph Hickman,129.8,2,27.97,64.9,1,3,Potensial (Average Spending)
Ralph Holland,499.18,2,204.29,249.59,1,3,Potensial (Average Spending)
Ralph Howell,123.54,2,38.08,61.77,1,3,Potensial (Average Spending)
Randall Garrison,231.35,1,62.65,231.35,1,2,Kasual (Low Spending)
Randall Holmes,535.32,1,55.79,535.32,1,2,Kasual (Low Spending)
Randall Mathis,414.04,1,148.84,414.04,1,2,Kasual (Low Spending)
Randall Medina,393.76,1,101.55,393.76,1,2,Kasual (Low Spending)
Randall Payne,252.1,1,40.03,252.1,1,2,Kasual (Low Spending)
Randall Reyes,1782.81,3,159.27,594.27,1,0,Premium (High Spending)
Randall Salazar,1184.26,2,338.12,592.13,1,0,Premium (High Spending)
Randall Wolfe,904.74,1,239.61,904.74,1,2,Kasual (Low Spending)
Randy Anderson,252.48,3,61.47,84.16,1,3,Potensial (Average Spending)
Randy Barber,393.04,1,57.52,393.04,1,2,Kasual (Low Spending)
Randy Brown,227.66,2,85.04,113.83,1,3,Potensial (Average Spending)
Randy Campbell,887.0,4,279.06,221.75,1,0,Premium (High Spending)
Randy Carroll,420.6,3,133.04,140.2,1,3,Potensial (Average Spending)
Randy Clark,849.36,2,195.67,424.68,1,3,Potensial (Average Spending)
Randy Collins,431.53,1,45.17,431.53,1,2,Kasual (Low Spending)
Randy Davis MD,255.8,1,57.69,255.8,1,2,Kasual (Low Spending)
Randy Dixon,138.81,1,57.98,138.81,1,2,Kasual (Low Spending)
Randy Douglas,401.07,1,135.94,401.07,1,2,Kasual (Low Spending)
Randy Gibbs,2977.38,3,405.8,992.46,1,0,Premium (High Spending)
Randy Gonzales,359.48,1,146.34,359.48,1,2,Kasual (Low Spending)
Randy Gonzalez,64.74,1,14.76,64.74,1,2,Kasual (Low Spending)
Randy Hernandez,412.31,1,176.87,412.31,1,2,Kasual (Low Spending)
Randy Johnson,1321.2,4,173.95,330.3,1,0,Premium (High Spending)
Randy Jones,645.01,1,80.81,645.01,1,2,Kasual (Low Spending)
Randy Landry,287.65,5,68.83,57.53,1,3,Potensial (Average Spending)
Randy Lee,198.47,1,41.76,198.47,1,2,Kasual (Low Spending)
Randy Lewis,380.28,3,106.52,126.76,1,3,Potensial (Average Spending)
Randy Martinez,499.66999999999996,2,98.55000000000001,249.83499999999998,2,3,Potensial (Average Spending)
Randy Nichols,148.97,1,18.33,148.97,1,2,Kasual (Low Spending)
Randy Reynolds,725.77,1,58.66,725.77,1,2,Kasual (Low Spending)
Randy Valenzuela,685.4100000000001,4,258.86,214.755,2,0,Premium (High Spending)
Randy Walker,255.47,1,24.66,255.47,1,2,Kasual (Low Spending)
Randy Watson,3108.37,4,380.99,669.505,2,0,Premium (High Spending)
Raven Webb,1889.91,3,331.62,629.97,1,0,Premium (High Spending)
Raven Young,204.11,1,55.32,204.11,1,2,Kasual (Low Spending)
Ray Miller,436.02,2,209.09,218.01,1,3,Potensial (Average Spending)
Raymond Avila,2375.36,2,437.5,1187.68,1,0,Premium (High Spending)
Raymond Bolton,774.78,1,136.56,774.78,1,2,Kasual (Low Spending)
Raymond Davis,164.71,1,36.37,164.71,1,2,Kasual (Low Spending)
Raymond Fox Jr.,741.88,1,209.72,741.88,1,2,Kasual (Low Spending)
Raymond Franklin,41.34,1,18.16,41.34,1,2,Kasual (Low Spending)
Raymond George,658.53,3,186.15,219.51,1,3,Potensial (Average Spending)
Raymond Hanson,36.08,1,9.46,36.08,1,2,Kasual (Low Spending)
Raymond Hardin,233.5,1,107.06,233.5,1,2,Kasual (Low Spending)
Raymond Hill,1731.42,2,199.24,865.71,1,3,Potensial (Average Spending)
Raymond Lopez,533.6,2,74.94,266.8,1,3,Potensial (Average Spending)
Raymond Mitchell,452.59,1,44.06,452.59,1,2,Kasual (Low Spending)
Raymond Montgomery,1585.16,2,305.33,792.58,1,0,Premium (High Spending)
Raymond Nelson,3575.88,3,397.94,1191.96,1,0,Premium (High Spending)
Raymond Pacheco,3238.92,4,840.83,809.73,1,1,VIP (Top Buyers & High Quantity)
Raymond Russell,520.19,1,156.3,520.19,1,2,Kasual (Low Spending)
Raymond Scott,373.6,2,84.27,186.8,1,3,Potensial (Average Spending)
Raymond Smith,1791.0300000000002,3,174.07999999999998,469.355,2,0,Premium (High Spending)
Raymond Stevens,140.06,1,51.25,140.06,1,2,Kasual (Low Spending)
Raymond Sutton,465.64,1,113.67,465.64,1,2,Kasual (Low Spending)
Raymond Vaughn,66.73,1,16.63,66.73,1,2,Kasual (Low Spending)
Raymond Webb,553.22,4,199.07999999999998,138.305,2,3,Potensial (Average Spending)
Raymond White,574.98,2,216.57,287.49,1,3,Potensial (Average Spending)
Raymond Wiley,881.69,1,131.03,881.69,1,2,Kasual (Low Spending)
Raymond Williams,579.26,2,225.54,289.63,1,3,Potensial (Average Spending)
Raymond Wolf,1024.35,3,340.98,341.45,1,0,Premium (High Spending)
Raymond Wolfe,2697.33,3,249.57,899.11,1,0,Premium (High Spending)
Rebecca Barrett,386.82,1,48.26,386.82,1,2,Kasual (Low Spending)
Rebecca Bolton,818.7,1,166.35,818.7,1,2,Kasual (Low Spending)
Rebecca Bowen,645.94,1,167.78,645.94,1,2,Kasual (Low Spending)
Rebecca Brewer,733.82,2,297.21,366.91,1,3,Potensial (Average Spending)
Rebecca Campbell,483.72,3,139.38,161.24,1,3,Potensial (Average Spending)
Rebecca Chavez,5106.64,4,502.25,1276.66,1,1,VIP (Top Buyers & High Quantity)
Rebecca Christian,745.57,1,98.97,745.57,1,2,Kasual (Low Spending)
Rebecca Coffey,481.94,1,57.07,481.94,1,2,Kasual (Low Spending)
Rebecca Crawford,597.66,1,98.15,597.66,1,2,Kasual (Low Spending)
Rebecca Davis,69.9,1,8.98,69.9,1,2,Kasual (Low Spending)
Rebecca Estes,649.95,3,225.67,216.65,1,3,Potensial (Average Spending)
Rebecca Garcia,1319.97,3,557.29,439.99,1,0,Premium (High Spending)
Rebecca Gibson,2178.59,8,762.53,293.71,3,1,VIP (Top Buyers & High Quantity)
Rebecca Green,649.91,3,150.89,260.355,2,3,Potensial (Average Spending)
Rebecca Gregory MD,297.06,1,125.01,297.06,1,2,Kasual (Low Spending)
Rebecca Gutierrez,372.83,1,100.66,372.83,1,2,Kasual (Low Spending)
Rebecca Harrison,280.86,1,121.38,280.86,1,2,Kasual (Low Spending)
Rebecca Hernandez,416.55,1,107.56,416.55,1,2,Kasual (Low Spending)
Rebecca Holmes,334.31,1,95.33,334.31,1,2,Kasual (Low Spending)
Rebecca Howard,939.14,2,250.12,469.57,1,3,Potensial (Average Spending)
Rebecca Hughes,106.13,1,41.35,106.13,1,2,Kasual (Low Spending)
Rebecca Hughes MD,178.07,1,24.04,178.07,1,2,Kasual (Low Spending)
Rebecca Jefferson,1519.02,2,284.94,759.51,1,0,Premium (High Spending)
Rebecca Kelly,197.2,1,73.3,197.2,1,2,Kasual (Low Spending)
Rebecca Lane,155.6,2,59.5,77.8,1,3,Potensial (Average Spending)
Rebecca Lee,563.0,1,49.54,563.0,1,2,Kasual (Low Spending)
Rebecca Lopez,676.65,3,103.82,225.55,1,3,Potensial (Average Spending)
Rebecca Lyons,798.75,3,260.91,266.25,1,3,Potensial (Average Spending)
Rebecca Mann,1636.6,4,609.79,409.15,1,0,Premium (High Spending)
Rebecca Martinez,1694.6,4,713.83,423.65,1,0,Premium (High Spending)
Rebecca Maxwell,612.8,4,166.0,153.2,1,3,Potensial (Average Spending)
Rebecca Mcclure,633.45,3,188.2,211.15,1,3,Potensial (Average Spending)
Rebecca Miller,6643.33,11,1024.73,590.3766666666667,3,1,VIP (Top Buyers & High Quantity)
Rebecca Mills,1517.36,2,245.4,758.68,1,3,Potensial (Average Spending)
Rebecca Moore,1267.44,1,165.93,1267.44,1,2,Kasual (Low Spending)
Rebecca Morales,155.53,1,33.27,155.53,1,2,Kasual (Low Spending)
Rebecca Murphy,412.72,1,131.42,412.72,1,2,Kasual (Low Spending)
Rebecca Ochoa,212.54,1,68.94,212.54,1,2,Kasual (Low Spending)
Rebecca Ortega,21.49,1,4.68,21.49,1,2,Kasual (Low Spending)
Rebecca Osborn,45.0,1,12.04,45.0,1,2,Kasual (Low Spending)
Rebecca Parker,733.5,3,162.68,244.5,1,3,Potensial (Average Spending)
Rebecca Peterson,55.3,2,16.71,27.65,1,3,Potensial (Average Spending)
Rebecca Reynolds,445.17,1,53.83,445.17,1,2,Kasual (Low Spending)
Rebecca Ruiz,1577.08,4,406.8,394.27,1,0,Premium (High Spending)
Rebecca Russo PhD,776.88,4,243.84,194.22,1,0,Premium (High Spending)
Rebecca Sanders,873.94,1,290.67,873.94,1,2,Kasual (Low Spending)
Rebecca Santos,681.47,1,174.23,681.47,1,2,Kasual (Low Spending)
Rebecca Small,1013.44,2,97.01,506.72,1,3,Potensial (Average Spending)
Rebecca Smith,1997.37,3,317.18,665.79,1,0,Premium (High Spending)
Rebecca Strong,134.68,1,56.02,134.68,1,2,Kasual (Low Spending)
Rebecca Thomas,500.3,5,217.29,100.06,1,0,Premium (High Spending)
Rebecca Thompson,105.49,1,27.36,105.49,1,2,Kasual (Low Spending)
Rebecca Vargas,194.13,1,83.73,194.13,1,2,Kasual (Low Spending)
Rebecca Walker,277.2,1,55.28,277.2,1,2,Kasual (Low Spending)
Rebecca Walls,729.24,1,117.86,729.24,1,2,Kasual (Low Spending)
Rebecca Ward,232.91,1,95.72,232.91,1,2,Kasual (Low Spending)
Rebecca Warren,1185.76,4,347.23,296.44,1,0,Premium (High Spending)
Rebecca Wells,560.19,1,73.93,560.19,1,2,Kasual (Low Spending)
Rebecca Wright,92.63,1,21.3,92.63,1,2,Kasual (Low Spending)
Rebekah Carney,3432.36,3,679.79,1144.12,1,1,VIP (Top Buyers & High Quantity)
Rebekah Clark,659.1,1,111.83,659.1,1,2,Kasual (Low Spending)
Rebekah Cordova MD,423.78,1,146.8,423.78,1,2,Kasual (Low Spending)
Rebekah Ellis,189.86,2,94.43,94.93,1,3,Potensial (Average Spending)
Rebekah Johnson,97.93,1,26.23,97.93,1,2,Kasual (Low Spending)
Rebekah Salazar,275.56,2,123.8,137.78,1,3,Potensial (Average Spending)
Regina Black,239.79,1,40.36,239.79,1,2,Kasual (Low Spending)
Regina Davis,1086.74,2,118.74,543.37,1,3,Potensial (Average Spending)
Regina Hamilton,1496.28,2,511.33,748.14,1,0,Premium (High Spending)
Regina Hart,1329.24,3,445.25,443.08,1,0,Premium (High Spending)
Regina Holland,86.82,1,42.17,86.82,1,2,Kasual (Low Spending)
Regina Knight,153.84,1,45.17,153.84,1,2,Kasual (Low Spending)
Regina Lester,1891.5,5,681.03,378.3,1,1,VIP (Top Buyers & High Quantity)
Regina Miller MD,431.4,2,198.1,215.7,1,3,Potensial (Average Spending)
Regina Taylor,778.86,2,116.99,389.43,1,3,Potensial (Average Spending)
Reginald Carlson,905.08,2,114.36,452.54,1,3,Potensial (Average Spending)
Renee Baird,535.68,3,142.27,178.56,1,3,Potensial (Average Spending)
Renee Clark,1595.14,2,219.56,797.57,1,3,Potensial (Average Spending)
Renee Gray,2139.32,2,286.2,1069.66,1,0,Premium (High Spending)
Renee Hampton,682.34,2,136.9,341.17,1,3,Potensial (Average Spending)
Renee Johns,1709.12,4,180.94,427.28,1,0,Premium (High Spending)
Renee Lawson,1622.24,2,567.46,811.12,1,0,Premium (High Spending)
Renee Lewis,1460.18,2,128.14,730.09,1,3,Potensial (Average Spending)
Renee Mejia,876.2,1,291.51,876.2,1,2,Kasual (Low Spending)
Renee Mitchell,2401.6,4,364.37,600.4,1,0,Premium (High Spending)
Renee Nelson,2482.11,3,776.82,827.37,1,1,VIP (Top Buyers & High Quantity)
Renee Potter,1069.52,4,230.76,267.38,1,0,Premium (High Spending)
Renee Richards,367.04,2,89.7,183.52,1,3,Potensial (Average Spending)
Renee Smith,990.68,4,486.0,247.67,1,0,Premium (High Spending)
Rhonda Alexander,214.86,1,84.95,214.86,1,2,Kasual (Low Spending)
Rhonda Davis,2235.76,6,587.8,366.61,2,1,VIP (Top Buyers & High Quantity)
Rhonda Green,662.16,3,118.08,220.72,1,3,Potensial (Average Spending)
Rhonda Hall,104.16,1,40.17,104.16,1,2,Kasual (Low Spending)
Rhonda Haney,504.88,2,215.9,252.44,1,3,Potensial (Average Spending)
Rhonda Hayden,211.7,1,89.9,211.7,1,2,Kasual (Low Spending)
Rhonda Hunter,2111.25,3,602.58,703.75,1,0,Premium (High Spending)
Rhonda Lloyd,618.21,3,147.47,206.07,1,3,Potensial (Average Spending)
Rhonda Miller,535.74,3,121.96,178.58,1,3,Potensial (Average Spending)
Rhonda Rubio,1919.2,4,353.78,479.8,1,0,Premium (High Spending)
Rhonda Santiago,3779.1,5,1024.38,755.82,1,1,VIP (Top Buyers & High Quantity)
Rhonda Singh,264.4,2,110.96,132.2,1,3,Potensial (Average Spending)
Rhonda Thompson,931.03,1,137.98,931.03,1,2,Kasual (Low Spending)
Rhonda Turner,418.02,2,163.61,209.01,1,3,Potensial (Average Spending)
Ricardo Donaldson,1497.2,4,256.65,374.3,1,0,Premium (High Spending)
Ricardo Farrell,391.07,1,64.67,391.07,1,2,Kasual (Low Spending)
Ricardo Jones,1024.35,5,301.08,204.87,1,0,Premium (High Spending)
Ricardo Ortega,413.35,1,69.94,413.35,1,2,Kasual (Low Spending)
Ricardo Perez,838.38,1,87.83,838.38,1,2,Kasual (Low Spending)
Ricardo Powell,704.23,1,170.47,704.23,1,2,Kasual (Low Spending)
Ricardo Wong,1136.82,3,358.44,378.94,1,0,Premium (High Spending)
Richard Acosta,2026.17,3,355.7,675.39,1,0,Premium (High Spending)
Richard Adams,1185.06,2,228.45,592.53,1,3,Potensial (Average Spending)
Richard Aguirre,305.62,2,40.84,152.81,1,3,Potensial (Average Spending)
Richard Allen,194.49,1,51.44,194.49,1,2,Kasual (Low Spending)
Richard Alvarado,198.0,1,57.15,198.0,1,2,Kasual (Low Spending)
Richard Andrade,61.37,1,16.51,61.37,1,2,Kasual (Low Spending)
Richard Arias,1942.98,3,242.24,647.66,1,0,Premium (High Spending)
Richard Armstrong,533.26,1,84.81,533.26,1,2,Kasual (Low Spending)
Richard Atkinson,722.94,1,163.14,722.94,1,2,Kasual (Low Spending)
Richard Bennett,1675.18,2,497.12,837.59,1,0,Premium (High Spending)
Richard Blake,77.96,1,25.57,77.96,1,2,Kasual (Low Spending)
Richard Bolton,366.07,1,42.25,366.07,1,2,Kasual (Low Spending)
Richard Brown,916.62,6,297.26,154.71,2,0,Premium (High Spending)
Richard Browning,185.52,1,81.98,185.52,1,2,Kasual (Low Spending)
Richard Burgess,1005.65,1,292.74,1005.65,1,2,Kasual (Low Spending)
Richard Camacho,685.9,2,60.39,342.95,1,3,Potensial (Average Spending)
Richard Carpenter,2226.69,3,608.42,742.23,1,0,Premium (High Spending)
Richard Carroll,878.78,2,139.54,439.39,1,3,Potensial (Average Spending)
Richard Chase,169.76,1,16.86,169.76,1,2,Kasual (Low Spending)
Richard Christensen,161.4,1,51.61,161.4,1,2,Kasual (Low Spending)
Richard Clark,1489.8600000000001,3,193.96,555.58,2,0,Premium (High Spending)
Richard Clark DDS,764.52,1,224.85,764.52,1,2,Kasual (Low Spending)
Richard Conner,282.08,2,92.08,141.04,1,3,Potensial (Average Spending)
Richard Contreras,206.38,1,99.64,206.38,1,2,Kasual (Low Spending)
Richard Cooke,186.59,1,89.11,186.59,1,2,Kasual (Low Spending)
Richard Crane,761.72,2,215.54,380.86,1,3,Potensial (Average Spending)
Richard Cruz,181.31,1,74.34,181.31,1,2,Kasual (Low Spending)
Richard Curtis,1021.24,1,125.03,1021.24,1,2,Kasual (Low Spending)
Richard Davis,2339.9500000000003,7,555.13,297.59,3,1,VIP (Top Buyers & High Quantity)
Richard Erickson,1526.08,4,375.98,381.52,1,0,Premium (High Spending)
Richard Evans,1918.2,2,572.56,959.1,1,0,Premium (High Spending)
Richard Everett,105.09,1,24.77,105.09,1,2,Kasual (Low Spending)
Richard Fitzgerald,216.0,1,38.3,216.0,1,2,Kasual (Low Spending)
Richard Garcia,1006.76,4,273.38,251.69,4,0,Premium (High Spending)
Richard Gibson,599.67,1,110.49,599.67,1,2,Kasual (Low Spending)
Richard Gilmore,233.94,1,116.2,233.94,1,2,Kasual (Low Spending)
Richard Graham,112.28,2,44.62,56.14,1,3,Potensial (Average Spending)
Richard Green,551.73,1,46.66,551.73,1,2,Kasual (Low Spending)
Richard Hall,920.45,5,303.3,184.09,1,0,Premium (High Spending)
Richard Hansen,1667.86,2,233.28,833.93,1,3,Potensial (Average Spending)
Richard Harrison,724.67,1,83.83,724.67,1,2,Kasual (Low Spending)
Richard Hickman,1498.72,2,269.74,749.36,1,3,Potensial (Average Spending)
Richard Holland,981.1600000000001,3,171.78,268.65,2,3,Potensial (Average Spending)
Richard Hull,309.04,1,68.32,309.04,1,2,Kasual (Low Spending)
Richard Jensen,210.18,3,41.09,70.06,1,3,Potensial (Average Spending)
Richard Johnson,354.28,4,104.02000000000001,88.57,2,3,Potensial (Average Spending)
Richard Lawson,199.02,1,55.27,199.02,1,2,Kasual (Low Spending)
Richard Lee,650.19,3,182.99,216.73,1,3,Potensial (Average Spending)
Richard Lewis,1044.52,1,87.72,1044.52,1,2,Kasual (Low Spending)
Richard Lindsey,707.42,1,137.48,707.42,1,2,Kasual (Low Spending)
Richard Macias MD,399.31,1,116.23,399.31,1,2,Kasual (Low Spending)
Richard Manning,2592.3300000000004,3,630.87,676.09,2,0,Premium (High Spending)
Richard Mathis,640.6,1,190.53,640.6,1,2,Kasual (Low Spending)
Richard Matthews,688.14,1,94.03,688.14,1,2,Kasual (Low Spending)
Richard Mccarthy,1038.6,2,277.8,519.3,1,3,Potensial (Average Spending)
Richard Merritt,1187.19,3,300.55,395.73,1,0,Premium (High Spending)
Richard Miller,3086.0299999999997,4,268.87,739.925,2,0,Premium (High Spending)
Richard Monroe,579.64,1,87.09,579.64,1,2,Kasual (Low Spending)
Richard Morales,101.44,1,29.62,101.44,1,2,Kasual (Low Spending)
Richard Morris,1669.44,2,336.09,834.72,1,0,Premium (High Spending)
Richard Morrow,586.69,1,180.48,586.69,1,2,Kasual (Low Spending)
Richard Morse,771.38,1,136.05,771.38,1,2,Kasual (Low Spending)
Richard Neal,444.33,3,128.46,148.11,1,3,Potensial (Average Spending)
Richard Obrien,206.96,1,33.06,206.96,1,2,Kasual (Low Spending)
Richard Owens,871.69,2,253.39000000000001,435.845,2,3,Potensial (Average Spending)
Richard Pacheco,149.02,2,48.14,74.51,1,3,Potensial (Average Spending)
Richard Parker,2312.88,4,363.22,578.22,1,0,Premium (High Spending)
Richard Phillips,607.62,3,76.52,202.54,1,3,Potensial (Average Spending)
Richard Pope,1375.86,6,290.91,229.31,1,0,Premium (High Spending)
Richard Price,1095.08,2,194.8,547.54,1,3,Potensial (Average Spending)
Richard Ramirez,749.42,1,148.2,749.42,1,2,Kasual (Low Spending)
Richard Reese,772.65,3,224.97,257.55,1,3,Potensial (Average Spending)
Richard Reid,527.48,2,224.25,263.74,1,3,Potensial (Average Spending)
Richard Rios,172.62,1,26.43,172.62,1,2,Kasual (Low Spending)
Richard Roberts,136.28,1,26.06,136.28,1,2,Kasual (Low Spending)
Richard Robinson,86.6,1,24.54,86.6,1,2,Kasual (Low Spending)
Richard Rodriguez,957.42,3,276.74,319.14,1,0,Premium (High Spending)
Richard Russell,344.0,1,55.74,344.0,1,2,Kasual (Low Spending)
Richard Santos,801.26,2,333.5,400.63,1,3,Potensial (Average Spending)
Richard Scott,675.2,4,251.45,168.8,1,0,Premium (High Spending)
Richard Shaw,757.99,1,78.11,757.99,1,2,Kasual (Low Spending)
Richard Shields,38.21,1,16.76,38.21,1,2,Kasual (Low Spending)
Richard Simmons,911.0,1,173.52,911.0,1,2,Kasual (Low Spending)
Richard Smith,6583.9800000000005,15,1350.61,460.92600000000004,5,1,VIP (Top Buyers & High Quantity)
Richard Soto,159.14,1,49.48,159.14,1,2,Kasual (Low Spending)
Richard Spencer,867.24,1,163.72,867.24,1,2,Kasual (Low Spending)
Richard Steele,250.1,2,54.72,125.05,2,3,Potensial (Average Spending)
Richard Stephens,3397.48,4,712.07,849.37,1,1,VIP (Top Buyers & High Quantity)
Richard Thomas,2017.3600000000001,8,467.23,307.6033333333333,3,1,VIP (Top Buyers & High Quantity)
Richard Turner,1255.3,2,153.26,627.65,1,3,Potensial (Average Spending)
Richard Valdez,1492.96,2,185.85,746.48,1,3,Potensial (Average Spending)
Richard Warren,112.41,1,42.27,112.41,1,2,Kasual (Low Spending)
Richard Watts,318.42,3,138.52,106.14,1,3,Potensial (Average Spending)
Richard Weber,629.25,3,169.86,209.75,1,3,Potensial (Average Spending)
Richard Wells,113.04,1,31.0,113.04,1,2,Kasual (Low Spending)
Richard Whitney,610.42,2,182.5,305.21,1,3,Potensial (Average Spending)
Richard Wilson,387.22,2,75.68,193.61,1,3,Potensial (Average Spending)
Rick Beck,892.58,2,367.52,446.29,1,3,Potensial (Average Spending)
Rick Dennis,917.1,2,231.69,458.55,1,3,Potensial (Average Spending)
Rick Garrett,360.45,1,106.47,360.45,1,2,Kasual (Low Spending)
Rick Scott,455.94,3,152.82,151.98,1,3,Potensial (Average Spending)
Rickey Gonzalez,401.98,1,74.68,401.98,1,2,Kasual (Low Spending)
Ricky Bush,1443.94,2,163.2,721.97,1,3,Potensial (Average Spending)
Ricky Castro,898.77,3,88.9,299.59,1,3,Potensial (Average Spending)
Ricky Coleman,317.86,1,129.98,317.86,1,2,Kasual (Low Spending)
Ricky Johnson,612.02,2,224.74,306.01,1,3,Potensial (Average Spending)
Ricky Jones,237.79,1,58.87,237.79,1,2,Kasual (Low Spending)
Ricky Keller,166.65,1,71.72,166.65,1,2,Kasual (Low Spending)
Ricky Lambert,1075.11,3,333.45,358.37,1,0,Premium (High Spending)
Ricky Martin,212.96,2,72.1,106.48,1,3,Potensial (Average Spending)
Ricky Morales,582.0,2,47.1,291.0,1,3,Potensial (Average Spending)
Ricky Neal,644.22,1,127.13,644.22,1,2,Kasual (Low Spending)
Ricky Padilla,622.08,1,174.51,622.08,1,2,Kasual (Low Spending)
Ricky Perez,920.9,1,77.41,920.9,1,2,Kasual (Low Spending)
Ricky Small,192.1,1,42.66,192.1,1,2,Kasual (Low Spending)
Ricky Taylor,1324.78,2,164.51,662.39,1,3,Potensial (Average Spending)
Ricky Thomas,397.07,1,138.46,397.07,1,2,Kasual (Low Spending)
Ricky Thompson,556.88,2,73.05,278.44,1,3,Potensial (Average Spending)
Ricky Thornton,788.43,1,81.99,788.43,1,2,Kasual (Low Spending)
Riley Harris,614.28,2,182.72,307.14,1,3,Potensial (Average Spending)
Riley Johnson,1863.68,4,817.36,465.92,1,1,VIP (Top Buyers & High Quantity)
Riley Mitchell,240.32,1,46.92,240.32,1,2,Kasual (Low Spending)
Riley Rodriguez,255.37,1,79.23,255.37,1,2,Kasual (Low Spending)
Riley Solomon,565.38,2,176.54,282.69,1,3,Potensial (Average Spending)
Rita Barrera,1739.4,3,277.98,579.8,1,0,Premium (High Spending)
Rita Cain,758.61,1,216.71,758.61,1,2,Kasual (Low Spending)
Rita Ferguson,99.16,2,23.55,49.58,1,3,Potensial (Average Spending)
Rita Khan,299.23,1,25.72,299.23,1,2,Kasual (Low Spending)
Rita Lopez,970.41,3,102.74,323.47,1,3,Potensial (Average Spending)
Robert Alexander,262.19,1,49.73,262.19,1,2,Kasual (Low Spending)
Robert Bailey,1997.98,3,610.01,550.105,2,0,Premium (High Spending)
Robert Baker,323.21,1,109.93,323.21,1,2,Kasual (Low Spending)
Robert Banks,696.93,3,154.52,232.31,1,3,Potensial (Average Spending)
Robert Barnes,1308.36,4,376.88,327.09,1,0,Premium (High Spending)
Robert Barrera,500.25,1,43.7,500.25,1,2,Kasual (Low Spending)
Robert Benitez,1263.54,2,426.33,631.77,1,0,Premium (High Spending)
Robert Benson,795.49,1,139.03,795.49,1,2,Kasual (Low Spending)
Robert Bishop,656.54,2,153.92,328.27,1,3,Potensial (Average Spending)
Robert Blankenship,257.03,2,69.58,128.515,2,3,Potensial (Average Spending)
Robert Bolton,415.38,1,140.65,415.38,1,2,Kasual (Low Spending)
Robert Bowman,768.53,1,170.82,768.53,1,2,Kasual (Low Spending)
Robert Brown,4306.0,9,881.56,421.43,5,1,VIP (Top Buyers & High Quantity)
Robert Bruce,107.62,2,29.13,53.81,1,3,Potensial (Average Spending)
Robert Burke,314.1,3,66.06,104.7,1,3,Potensial (Average Spending)
Robert Butler,125.21,1,25.03,125.21,1,2,Kasual (Low Spending)
Robert Byrd,187.82,1,46.45,187.82,1,2,Kasual (Low Spending)
Robert Cain,2684.64,3,391.99,894.88,1,0,Premium (High Spending)
Robert Carpenter,278.56,2,71.03,139.28,1,3,Potensial (Average Spending)
Robert Carroll,1039.85,1,155.72,1039.85,1,2,Kasual (Low Spending)
Robert Carter,357.07,3,97.36,136.79,2,3,Potensial (Average Spending)
Robert Casey,4371.04,4,843.28,1092.76,1,1,VIP (Top Buyers & High Quantity)
Robert Clark,787.08,1,116.6,787.08,1,2,Kasual (Low Spending)
Robert Coleman,1566.57,5,184.44,283.635,2,0,Premium (High Spending)
Robert Collins,289.27,1,92.79,289.27,1,2,Kasual (Low Spending)
Robert Cowan,170.85,3,48.67,56.95,1,3,Potensial (Average Spending)
Robert Curry,743.21,1,93.56,743.21,1,2,Kasual (Low Spending)
Robert Davies,135.9,1,52.79,135.9,1,2,Kasual (Low Spending)
Robert Davis,5730.87,11,1106.04,478.16399999999993,5,1,VIP (Top Buyers & High Quantity)
Robert Dean,107.8,4,46.44,26.95,1,3,Potensial (Average Spending)
Robert Diaz,346.17,3,71.02,115.39,1,3,Potensial (Average Spending)
Robert Dickerson,30.95,1,11.66,30.95,1,2,Kasual (Low Spending)
Robert Dixon,479.48,4,197.58,119.87,1,3,Potensial (Average Spending)
Robert Dominguez,2276.82,3,368.88,758.94,1,0,Premium (High Spending)
Robert Duffy,1032.78,3,138.59,344.26,1,3,Potensial (Average Spending)
Robert Dunn,177.57,3,56.08,59.19,1,3,Potensial (Average Spending)
Robert Dyer,664.24,2,228.62,332.12,1,3,Potensial (Average Spending)
Robert Edwards,841.19,1,139.13,841.19,1,2,Kasual (Low Spending)
Robert Erickson,169.74,1,55.41,169.74,1,2,Kasual (Low Spending)
Robert Farley,88.29,1,28.48,88.29,1,2,Kasual (Low Spending)
Robert Fernandez,1024.78,2,256.12,512.39,1,3,Potensial (Average Spending)
Robert Finley,194.71,1,49.38,194.71,1,2,Kasual (Low Spending)
Robert Fitzgerald,1437.24,3,222.38,479.08,1,0,Premium (High Spending)
Robert Galloway,389.17,1,81.95,389.17,1,2,Kasual (Low Spending)
Robert Garcia,672.9,2,301.19,336.45,1,3,Potensial (Average Spending)
Robert Gill,202.14,1,57.24,202.14,1,2,Kasual (Low Spending)
Robert Glenn,1274.34,3,368.98,424.78,1,0,Premium (High Spending)
Robert Gonzales,238.26,1,53.16,238.26,1,2,Kasual (Low Spending)
Robert Gonzalez,1126.1,4,314.88,281.525,2,0,Premium (High Spending)
Robert Goodwin,113.46,1,26.43,113.46,1,2,Kasual (Low Spending)
Robert Gordon,340.90999999999997,2,47.7,170.45499999999998,2,3,Potensial (Average Spending)
Robert Grant,517.37,1,122.87,517.37,1,2,Kasual (Low Spending)
Robert Gregory,436.18,1,94.77,436.18,1,2,Kasual (Low Spending)
Robert Griffin,325.5,2,108.99,162.75,1,3,Potensial (Average Spending)
Robert Hale,181.62,3,54.55,60.54,1,3,Potensial (Average Spending)
Robert Hall,576.05,3,166.63,192.01666666666665,3,3,Potensial (Average Spending)
Robert Hamilton,4141.07,7,873.0899999999999,413.00666666666666,3,1,VIP (Top Buyers & High Quantity)
Robert Harrell,375.8,1,96.2,375.8,1,2,Kasual (Low Spending)
Robert Harris,123.45,1,59.96,123.45,1,2,Kasual (Low Spending)
Robert Harrison,192.23,1,18.77,192.23,1,2,Kasual (Low Spending)
Robert Hays,190.03,1,44.72,190.03,1,2,Kasual (Low Spending)
Robert Henry,7082.95,7,1169.59,1011.85,1,1,VIP (Top Buyers & High Quantity)
Robert Henson,441.98,2,202.05,220.99,1,3,Potensial (Average Spending)
Robert Hernandez,357.65,1,143.26,357.65,1,2,Kasual (Low Spending)
Robert Hodges,541.51,1,70.5,541.51,1,2,Kasual (Low Spending)
Robert Howard,153.46,2,62.73,76.73,1,3,Potensial (Average Spending)
Robert Huff,817.6,1,101.2,817.6,1,2,Kasual (Low Spending)
Robert Hull,1641.45,5,398.99,328.29,1,0,Premium (High Spending)
Robert Humphrey,387.14,1,51.29,387.14,1,2,Kasual (Low Spending)
Robert Hunt,740.53,1,142.73,740.53,1,2,Kasual (Low Spending)
Robert Jackson,598.8199999999999,4,175.66,149.70499999999998,2,3,Potensial (Average Spending)
Robert Jefferson,3663.27,5,565.99,759.935,2,1,VIP (Top Buyers & High Quantity)
Robert Jennings,371.03,1,77.79,371.03,1,2,Kasual (Low Spending)
Robert Jimenez,173.44,1,50.66,173.44,1,2,Kasual (Low Spending)
Robert Johnson,451.11,1,178.83,451.11,1,2,Kasual (Low Spending)
Robert Jones,541.3,2,170.0,270.65,2,3,Potensial (Average Spending)
Robert Jordan,823.74,3,263.13,310.56,2,3,Potensial (Average Spending)
Robert Joseph Jr.,918.46,1,117.07,918.46,1,2,Kasual (Low Spending)
Robert Kane,182.5,1,45.72,182.5,1,2,Kasual (Low Spending)
Robert King,197.43,1,82.33,197.43,1,2,Kasual (Low Spending)
Robert Kirk,183.08,1,72.72,183.08,1,2,Kasual (Low Spending)
Robert Klein Jr.,55.38,2,13.46,27.69,1,3,Potensial (Average Spending)
Robert Knox,1086.66,1,181.06,1086.66,1,2,Kasual (Low Spending)
Robert Kramer,1491.6,2,285.51,745.8,1,0,Premium (High Spending)
Robert Lee,593.19,3,92.02,197.73,1,3,Potensial (Average Spending)
Robert Little,324.32,1,103.44,324.32,1,2,Kasual (Low Spending)
Robert Long,665.01,1,76.66,665.01,1,2,Kasual (Low Spending)
Robert Lowe,123.75,1,30.46,123.75,1,2,Kasual (Low Spending)
Robert Lucas,480.76,4,104.51,120.19,1,3,Potensial (Average Spending)
Robert Lynch,284.02,2,86.12,142.01,1,3,Potensial (Average Spending)
Robert Lynn,434.86,2,125.85,217.43,1,3,Potensial (Average Spending)
Robert Marks,165.36,2,38.7,82.68,1,3,Potensial (Average Spending)
Robert Marquez,96.8,1,20.35,96.8,1,2,Kasual (Low Spending)
Robert Marshall,279.69,1,25.58,279.69,1,2,Kasual (Low Spending)
Robert Martin,578.98,4,170.69,171.03,2,3,Potensial (Average Spending)
Robert Mcfarland,895.62,1,79.39,895.62,1,2,Kasual (Low Spending)
Robert Meadows,166.15,1,67.69,166.15,1,2,Kasual (Low Spending)
Robert Mendez,133.36,1,51.15,133.36,1,2,Kasual (Low Spending)
Robert Mendoza,491.04,3,144.06,163.68,1,3,Potensial (Average Spending)
Robert Miller,394.94,2,134.47,197.47,1,3,Potensial (Average Spending)
Robert Molina,116.61,1,16.99,116.61,1,2,Kasual (Low Spending)
Robert Moon,873.05,1,142.92,873.05,1,2,Kasual (Low Spending)
Robert Morales MD,156.72,3,36.58,52.24,1,3,Potensial (Average Spending)
Robert Moran,579.65,1,82.01,579.65,1,2,Kasual (Low Spending)
Robert Morris,66.75,1,16.85,66.75,1,2,Kasual (Low Spending)
Robert Moyer,474.85,2,139.75,237.425,2,3,Potensial (Average Spending)
Robert Mullins,745.78,2,203.52,372.89,1,3,Potensial (Average Spending)
Robert Navarro,55.16,1,13.77,55.16,1,2,Kasual (Low Spending)
Robert Neal,748.28,1,63.83,748.28,1,2,Kasual (Low Spending)
Robert Nichols,106.06,1,42.57,106.06,1,2,Kasual (Low Spending)
Robert Nunez,367.15,1,77.62,367.15,1,2,Kasual (Low Spending)
Robert Parker,476.65,1,72.78,476.65,1,2,Kasual (Low Spending)
Robert Patton,1737.4,4,258.42,434.35,1,0,Premium (High Spending)
Robert Pena,426.77,1,43.71,426.77,1,2,Kasual (Low Spending)
Robert Pennington,192.25,1,70.37,192.25,1,2,Kasual (Low Spending)
Robert Perez,1737.1100000000001,4,471.07,443.975,2,0,Premium (High Spending)
Robert Perry,2564.04,3,492.29,854.68,1,0,Premium (High Spending)
Robert Peterson,1577.71,5,643.79,280.805,2,1,VIP (Top Buyers & High Quantity)
Robert Reyes,966.54,2,189.52,483.27,1,3,Potensial (Average Spending)
Robert Rice,879.4599999999999,3,320.05,264.5,2,0,Premium (High Spending)
Robert Rios,2392.08,6,1060.59,398.68,1,1,VIP (Top Buyers & High Quantity)
Robert Robinson,262.62,1,39.07,262.62,1,2,Kasual (Low Spending)
Robert Rodgers,69.26,1,24.82,69.26,1,2,Kasual (Low Spending)
Robert Rose,743.69,1,206.2,743.69,1,2,Kasual (Low Spending)
Robert Rowland,342.55,1,85.98,342.55,1,2,Kasual (Low Spending)
Robert Salazar,641.64,1,136.22,641.64,1,2,Kasual (Low Spending)
Robert Sanchez,993.0699999999999,3,172.39,331.0233333333333,3,3,Potensial (Average Spending)
Robert Schneider,129.42,2,26.63,64.71,1,3,Potensial (Average Spending)
Robert Simpson,1856.08,4,196.89,464.02,1,0,Premium (High Spending)
Robert Sims,2666.82,3,229.79,888.94,1,0,Premium (High Spending)
Robert Singh,324.92,1,78.43,324.92,1,2,Kasual (Low Spending)
Robert Skinner,227.54,1,42.9,227.54,1,2,Kasual (Low Spending)
Robert Smith,1566.37,4,445.34999999999997,411.755,2,0,Premium (High Spending)
Robert Stephens,424.17,1,90.23,424.17,1,2,Kasual (Low Spending)
Robert Stevens,613.36,4,271.62,153.34,1,0,Premium (High Spending)
Robert Suarez,98.18,2,34.6,49.09,1,3,Potensial (Average Spending)
Robert Taylor,774.56,4,347.31,193.64,1,0,Premium (High Spending)
Robert Thomas,280.61,1,84.74,280.61,1,2,Kasual (Low Spending)
Robert Thomas II,213.39,1,100.47,213.39,1,2,Kasual (Low Spending)
Robert Thompson,682.25,2,210.99,341.125,2,3,Potensial (Average Spending)
Robert Thornton,2036.88,3,256.21,678.96,1,0,Premium (High Spending)
Robert Valentine,2255.07,3,393.36,751.69,1,0,Premium (High Spending)
Robert Velazquez,175.76,1,43.84,175.76,1,2,Kasual (Low Spending)
Robert Villarreal,1098.2,5,405.05,219.64,1,0,Premium (High Spending)
Robert Walker,916.75,4,385.08,191.865,2,0,Premium (High Spending)
Robert Walter,5217.3,6,890.78,872.2,2,1,VIP (Top Buyers & High Quantity)
Robert Walton,89.88,3,29.74,29.96,1,3,Potensial (Average Spending)
Robert Ward,751.07,1,139.53,751.07,1,2,Kasual (Low Spending)
Robert Ware,1908.92,2,607.48,954.46,1,0,Premium (High Spending)
Robert Warren,826.94,1,89.58,826.94,1,2,Kasual (Low Spending)
Robert Waters,531.79,1,66.96,531.79,1,2,Kasual (Low Spending)
Robert Watson,153.72,2,52.71,76.86,1,3,Potensial (Average Spending)
Robert Weiss,1679.78,3,355.08,534.11,2,0,Premium (High Spending)
Robert White,1773.75,5,344.78999999999996,326.22333333333336,3,0,Premium (High Spending)
Robert Wilkins,603.02,1,89.49,603.02,1,2,Kasual (Low Spending)
Robert Williams,1157.55,6,319.47,183.41666666666666,3,0,Premium (High Spending)
Robert Wilson,2448.01,5,572.1800000000001,514.725,4,1,VIP (Top Buyers & High Quantity)
Robert Wood,2677.02,6,999.97,446.17,1,1,VIP (Top Buyers & High Quantity)
Robert Wright,399.18,2,85.19,199.59,1,3,Potensial (Average Spending)
Robert York,216.46,2,76.99,108.23,1,3,Potensial (Average Spending)
Robert Zimmerman,96.44,1,28.31,96.44,1,2,Kasual (Low Spending)
Robert Zuniga,276.91,1,45.9,276.91,1,2,Kasual (Low Spending)
Roberta Brown,696.76,2,196.89,348.38,1,3,Potensial (Average Spending)
Roberta Duncan,942.24,2,79.81,471.12,1,3,Potensial (Average Spending)
Roberta Lewis,326.95,1,46.53,326.95,1,2,Kasual (Low Spending)
Roberta Moran,565.05,3,179.66,188.35,1,3,Potensial (Average Spending)
Roberto Delacruz,52.17,1,18.87,52.17,1,2,Kasual (Low Spending)
Roberto Green,410.04,2,170.63,205.02,1,3,Potensial (Average Spending)
Roberto Miller,320.5,2,92.45,160.25,1,3,Potensial (Average Spending)
Roberto Murphy,91.01,1,28.88,91.01,1,2,Kasual (Low Spending)
Roberto Price,2565.45,3,387.64,855.15,1,0,Premium (High Spending)
Roberto Valentine,242.97,1,64.38,242.97,1,2,Kasual (Low Spending)
Robin Alvarez,517.02,2,210.84,258.51,1,3,Potensial (Average Spending)
Robin Barrett,258.96,2,109.76,129.48,1,3,Potensial (Average Spending)
Robin Bennett,508.03,4,178.06,130.495,2,3,Potensial (Average Spending)
Robin Bowman,1703.76,6,269.76,283.96,1,0,Premium (High Spending)
Robin Case,626.35,1,128.9,626.35,1,2,Kasual (Low Spending)
Robin Clayton,154.08,1,28.26,154.08,1,2,Kasual (Low Spending)
Robin Collins,81.3,3,23.14,27.1,1,3,Potensial (Average Spending)
Robin Dean,633.73,1,145.62,633.73,1,2,Kasual (Low Spending)
Robin Duke,187.25,1,57.34,187.25,1,2,Kasual (Low Spending)
Robin Edwards,2600.07,3,501.53,866.69,1,0,Premium (High Spending)
Robin Freeman,337.24,1,95.93,337.24,1,2,Kasual (Low Spending)
Robin Gonzalez,1832.56,2,186.2,916.28,1,3,Potensial (Average Spending)
Robin Haley,1956.96,2,338.94,978.48,1,0,Premium (High Spending)
Robin Hall,991.98,1,132.89,991.98,1,2,Kasual (Low Spending)
Robin Harris,544.3,5,135.65,108.86,1,0,Premium (High Spending)
Robin Jackson,720.57,3,220.84,240.19,1,3,Potensial (Average Spending)
Robin Lynn,405.98,1,82.99,405.98,1,2,Kasual (Low Spending)
Robin Montoya,525.42,1,136.85,525.42,1,2,Kasual (Low Spending)
Robin Morgan MD,858.82,1,249.0,858.82,1,2,Kasual (Low Spending)
Robin Perez,715.5,1,72.99,715.5,1,2,Kasual (Low Spending)
Robin Robinson,611.14,2,160.78,305.57,1,3,Potensial (Average Spending)
Robin Thompson,553.39,1,103.27,553.39,1,2,Kasual (Low Spending)
Robin Trevino,2416.77,3,293.88,805.59,1,0,Premium (High Spending)
Robin Welch,225.04,2,22.96,112.52,1,3,Potensial (Average Spending)
Robin Wiggins,61.41,1,29.93,61.41,1,2,Kasual (Low Spending)
Rodney Espinoza,402.12,1,175.2,402.12,1,2,Kasual (Low Spending)
Rodney Ford,29.43,1,11.46,29.43,1,2,Kasual (Low Spending)
Rodney Garcia,73.77,1,33.77,73.77,1,2,Kasual (Low Spending)
Rodney Gonzalez,40.54,1,13.99,40.54,1,2,Kasual (Low Spending)
Rodney Harmon,71.25,1,24.07,71.25,1,2,Kasual (Low Spending)
Rodney Huff,178.27,1,48.72,178.27,1,2,Kasual (Low Spending)
Rodney Mendez,95.31,1,23.05,95.31,1,2,Kasual (Low Spending)
Rodney Oconnor,536.52,1,144.17,536.52,1,2,Kasual (Low Spending)
Rodney Peck,1814.2,4,288.09,453.55,1,0,Premium (High Spending)
Rodney Reed,230.85,1,41.21,230.85,1,2,Kasual (Low Spending)
Rodney Richards,1181.55,5,488.76,236.31,1,0,Premium (High Spending)
Rodney Robles,683.46,1,157.57,683.46,1,2,Kasual (Low Spending)
Rodney Silva,907.04,1,153.65,907.04,1,2,Kasual (Low Spending)
Rodney Simmons,209.73,1,17.67,209.73,1,2,Kasual (Low Spending)
Rodney Underwood,113.22,2,39.23,56.61,1,3,Potensial (Average Spending)
Rodney Walker,190.13,1,37.31,190.13,1,2,Kasual (Low Spending)
Rodney Zuniga,346.13,1,136.69,346.13,1,2,Kasual (Low Spending)
Roger Anderson,108.93,3,23.37,36.31,1,3,Potensial (Average Spending)
Roger Baker,571.26,2,245.45,285.63,1,3,Potensial (Average Spending)
Roger Conner,224.52,1,83.86,224.52,1,2,Kasual (Low Spending)
Roger Daniels,1965.56,4,282.7,491.39,1,0,Premium (High Spending)
Roger Evans,727.08,2,305.4,363.54,1,3,Potensial (Average Spending)
Roger Hubbard,85.25,1,24.76,85.25,1,2,Kasual (Low Spending)
Roger Johnson,1341.26,2,115.8,670.63,1,3,Potensial (Average Spending)
Roger Klein,2908.55,5,967.98,581.71,1,1,VIP (Top Buyers & High Quantity)
Roger Mason,299.1,1,55.34,299.1,1,2,Kasual (Low Spending)
Roger Mcgrath,412.14,1,95.41,412.14,1,2,Kasual (Low Spending)
Roger Murphy,659.52,2,198.17,329.76,1,3,Potensial (Average Spending)
Roger Smith,1475.28,4,327.1,368.82,1,0,Premium (High Spending)
Roger Webb,2575.14,6,725.99,429.19,1,1,VIP (Top Buyers & High Quantity)
Roger Williams,105.29,1,47.23,105.29,1,2,Kasual (Low Spending)
Ronald Avila,3222.32,4,694.9,805.58,1,1,VIP (Top Buyers & High Quantity)
Ronald Brown,2367.47,3,453.21999999999997,789.1566666666666,3,0,Premium (High Spending)
Ronald Bryan,244.58,2,82.48,122.29,1,3,Potensial (Average Spending)
Ronald Chen,183.36,1,48.36,183.36,1,2,Kasual (Low Spending)
Ronald Collins,166.64,2,59.46,83.32,1,3,Potensial (Average Spending)
Ronald Doyle,401.71,1,102.92,401.71,1,2,Kasual (Low Spending)
Ronald Edwards,344.23,1,118.57,344.23,1,2,Kasual (Low Spending)
Ronald Fischer,1241.71,2,130.92000000000002,620.855,2,3,Potensial (Average Spending)
Ronald Foley,674.34,3,238.58,224.78,1,3,Potensial (Average Spending)
Ronald Goodman,390.45,1,81.68,390.45,1,2,Kasual (Low Spending)
Ronald Graham,207.03,1,38.7,207.03,1,2,Kasual (Low Spending)
Ronald Griffith,870.3,3,249.47,290.1,1,3,Potensial (Average Spending)
Ronald Gutierrez,139.0,1,59.94,139.0,1,2,Kasual (Low Spending)
Ronald Hardy,2459.97,3,384.74,819.99,1,0,Premium (High Spending)
Ronald Harris MD,2155.32,3,603.48,718.44,1,0,Premium (High Spending)
Ronald Jones,616.06,1,122.32,616.06,1,2,Kasual (Low Spending)
Ronald Jordan,815.3,2,286.52,407.65,1,3,Potensial (Average Spending)
Ronald Joseph,1140.46,2,159.44,570.23,1,3,Potensial (Average Spending)
Ronald Knox,364.41,1,110.22,364.41,1,2,Kasual (Low Spending)
Ronald Larson,87.73,1,28.91,87.73,1,2,Kasual (Low Spending)
Ronald Mejia,502.98,2,143.71,251.49,2,3,Potensial (Average Spending)
Ronald Miller,193.09,1,86.24,193.09,1,2,Kasual (Low Spending)
Ronald Oliver,601.46,2,125.28,300.73,1,3,Potensial (Average Spending)
Ronald Parker,365.6,1,114.29,365.6,1,2,Kasual (Low Spending)
Ronald Rangel,123.38,1,30.9,123.38,1,2,Kasual (Low Spending)
Ronald Rhodes,626.88,2,160.58,313.44,1,3,Potensial (Average Spending)
Ronald Richard,806.59,1,123.58,806.59,1,2,Kasual (Low Spending)
Ronald Robertson,656.02,2,181.61,328.01,1,3,Potensial (Average Spending)
Ronald Robinson,571.88,4,257.69,142.97,1,0,Premium (High Spending)
Ronald Scott,284.61,3,111.24,94.87,1,3,Potensial (Average Spending)
Ronald Sharp,829.8,1,260.71,829.8,1,2,Kasual (Low Spending)
Ronald Simpson,223.92,3,81.04,74.64,1,3,Potensial (Average Spending)
Ronald Smith,361.34,1,145.74,361.34,1,2,Kasual (Low Spending)
Ronald Stanley,1146.84,3,161.56,382.28,1,3,Potensial (Average Spending)
Ronald Stevens,154.16,1,55.52,154.16,1,2,Kasual (Low Spending)
Ronald Tran,2164.41,3,347.43,721.47,1,0,Premium (High Spending)
Ronald Turner,2120.31,3,516.16,706.77,1,0,Premium (High Spending)
Ronald Wagner,157.48,1,38.92,157.48,1,2,Kasual (Low Spending)
Ronald White,214.56,2,65.94,107.28,1,3,Potensial (Average Spending)
Ronald Williams,983.13,3,181.01,327.71,1,3,Potensial (Average Spending)
Ronald Wilson,57.61,1,26.97,57.61,1,2,Kasual (Low Spending)
Ronald Zimmerman,1360.44,2,111.01,680.22,1,3,Potensial (Average Spending)
Ronnie Friedman,1191.08,1,334.47,1191.08,1,2,Kasual (Low Spending)
Ronnie Hughes,123.06,2,27.83,61.53,1,3,Potensial (Average Spending)
Ronnie Kennedy,52.87,1,16.25,52.87,1,2,Kasual (Low Spending)
Ronnie Wall,142.46,2,30.32,71.23,1,3,Potensial (Average Spending)
Ronnie Webb,863.2,1,136.41,863.2,1,2,Kasual (Low Spending)
Ronnie Williamson,945.22,1,161.0,945.22,1,2,Kasual (Low Spending)
Rose Hendrix,1001.96,4,411.7,250.49,1,0,Premium (High Spending)
Rose Norman,317.54,1,87.81,317.54,1,2,Kasual (Low Spending)
Rose Park,162.88,2,60.48,81.44,1,3,Potensial (Average Spending)
Ross Johnson,840.1,1,85.21,840.1,1,2,Kasual (Low Spending)
Ross Oneill,684.47,1,201.57,684.47,1,2,Kasual (Low Spending)
Roy Barnes,1155.03,3,291.17,385.01,1,0,Premium (High Spending)
Roy Brown,1200.76,1,139.9,1200.76,1,2,Kasual (Low Spending)
Roy Delgado,393.13,1,64.77,393.13,1,2,Kasual (Low Spending)
Roy Edwards,314.46,1,80.28,314.46,1,2,Kasual (Low Spending)
Roy Johnson,175.91,1,75.35,175.91,1,2,Kasual (Low Spending)
Roy Patton,340.98,1,127.13,340.98,1,2,Kasual (Low Spending)
Roy Spears,6918.78,6,696.36,1153.13,1,1,VIP (Top Buyers & High Quantity)
Roy Williams,1216.88,2,155.15,608.44,1,3,Potensial (Average Spending)
Ruben Garcia,433.0,5,164.27,86.6,1,0,Premium (High Spending)
Ruben Lewis,253.52,1,83.92,253.52,1,2,Kasual (Low Spending)
Ruben Miller,430.74,2,129.62,215.37,1,3,Potensial (Average Spending)
Ruben Perez,838.78,2,117.72,419.39,1,3,Potensial (Average Spending)
Ruben Rhodes,352.49,1,60.96,352.49,1,2,Kasual (Low Spending)
Ruben Santos,344.75,1,38.21,344.75,1,2,Kasual (Low Spending)
Ruben Taylor,2132.34,2,343.5,1066.17,1,0,Premium (High Spending)
Ruben Thomas,1045.61,1,161.59,1045.61,1,2,Kasual (Low Spending)
Russell Berry,384.68,2,84.44,192.34,1,3,Potensial (Average Spending)
Russell Cox,224.17,1,92.71,224.17,1,2,Kasual (Low Spending)
Russell Dalton,622.71,3,193.15,207.57,1,3,Potensial (Average Spending)
Russell Dawson,275.92,1,55.96,275.92,1,2,Kasual (Low Spending)
Russell Farrell,372.6,3,81.44,124.2,1,3,Potensial (Average Spending)
Russell Garcia,953.42,1,120.91,953.42,1,2,Kasual (Low Spending)
Russell Graham,704.08,2,284.41,352.04,1,3,Potensial (Average Spending)
Russell Hickman,3336.68,4,580.73,834.17,1,1,VIP (Top Buyers & High Quantity)
Russell Jackson,130.71,1,18.43,130.71,1,2,Kasual (Low Spending)
Russell Mack,204.44,1,61.88,204.44,1,2,Kasual (Low Spending)
Russell May,185.57,1,79.92,185.57,1,2,Kasual (Low Spending)
Russell Medina,637.36,1,106.56,637.36,1,2,Kasual (Low Spending)
Russell Meyer,167.5,2,64.09,83.75,1,3,Potensial (Average Spending)
Russell Miller,345.92,2,96.37,172.96,1,3,Potensial (Average Spending)
Russell Owens,113.19,1,21.75,113.19,1,2,Kasual (Low Spending)
Russell Patterson,492.08,4,74.25,123.02,1,3,Potensial (Average Spending)
Russell Perkins,968.3,2,375.37,484.15,1,0,Premium (High Spending)
Russell Pierce,1417.44,4,446.79,354.36,1,0,Premium (High Spending)
Russell Sanchez,935.08,2,119.37,467.54,1,3,Potensial (Average Spending)
Russell Thompson,650.88,4,279.14,221.08,2,0,Premium (High Spending)
Russell Williams,822.69,3,101.78,274.23,1,3,Potensial (Average Spending)
Russell Wilson,53.06,1,19.32,53.06,1,2,Kasual (Low Spending)
Ruth Bailey,94.77,1,25.72,94.77,1,2,Kasual (Low Spending)
Ruth Carlson,2067.54,3,257.99,689.18,1,0,Premium (High Spending)
Ruth Davenport,429.11,1,35.81,429.11,1,2,Kasual (Low Spending)
Ruth Day,1850.22,3,382.43,616.74,1,0,Premium (High Spending)
Ruth Gibson,1445.56,4,240.0,361.39,1,0,Premium (High Spending)
Ruth Gonzales,413.75,1,94.56,413.75,1,2,Kasual (Low Spending)
Ruth Holland,160.68,1,59.81,160.68,1,2,Kasual (Low Spending)
Ruth Hughes,369.74,1,69.33,369.74,1,2,Kasual (Low Spending)
Ruth Mitchell,118.63,1,43.94,118.63,1,2,Kasual (Low Spending)
Ruth Nguyen,689.54,2,247.25,344.77,1,3,Potensial (Average Spending)
Ruth Sandoval,2368.02,3,621.09,789.34,1,0,Premium (High Spending)
Ryan Allen,2057.54,2,253.8,1028.77,1,0,Premium (High Spending)
Ryan Andrews,1568.76,2,232.78,784.38,1,3,Potensial (Average Spending)
Ryan Arnold,531.0,1,170.71,531.0,1,2,Kasual (Low Spending)
Ryan Baker,164.96,1,63.13,164.96,1,2,Kasual (Low Spending)
Ryan Baldwin,352.09,1,119.67,352.09,1,2,Kasual (Low Spending)
Ryan Barton,139.73,1,42.54,139.73,1,2,Kasual (Low Spending)
Ryan Becker,188.72,2,56.82,94.36,1,3,Potensial (Average Spending)
Ryan Bishop,244.47,1,111.57,244.47,1,2,Kasual (Low Spending)
Ryan Brown,157.86,1,28.79,157.86,1,2,Kasual (Low Spending)
Ryan Carroll MD,114.81,1,20.62,114.81,1,2,Kasual (Low Spending)
Ryan Cochran,1469.26,2,152.34,734.63,1,3,Potensial (Average Spending)
Ryan Cole,366.64,1,47.09,366.64,1,2,Kasual (Low Spending)
Ryan Conway,858.4,2,151.47,429.2,1,3,Potensial (Average Spending)
Ryan Cortez,898.22,1,278.29,898.22,1,2,Kasual (Low Spending)
Ryan Daniels,201.0,2,71.26,100.5,1,3,Potensial (Average Spending)
Ryan Davis,1148.83,3,313.90999999999997,399.24,2,0,Premium (High Spending)
Ryan Delgado,291.24,3,115.56,97.08,1,3,Potensial (Average Spending)
Ryan Diaz,353.25,3,100.9,117.75,1,3,Potensial (Average Spending)
Ryan Elliott,220.82,1,97.51,220.82,1,2,Kasual (Low Spending)
Ryan Fletcher,815.21,1,130.44,815.21,1,2,Kasual (Low Spending)
Ryan Floyd,388.76,1,55.3,388.76,1,2,Kasual (Low Spending)
Ryan Garcia,1443.5,2,280.21,721.75,1,3,Potensial (Average Spending)
Ryan Gardner,1087.26,2,191.15,543.63,1,3,Potensial (Average Spending)
Ryan Garrett,199.53,1,59.47,199.53,1,2,Kasual (Low Spending)
Ryan Glass,462.3,2,137.47,231.15,1,3,Potensial (Average Spending)
Ryan Gonzales,400.73,1,118.33,400.73,1,2,Kasual (Low Spending)
Ryan Guzman,520.54,2,113.39,260.27,1,3,Potensial (Average Spending)
Ryan Hancock,766.36,1,107.2,766.36,1,2,Kasual (Low Spending)
Ryan Hansen,1727.5,2,340.14,863.75,1,0,Premium (High Spending)
Ryan Harper,85.66,1,22.86,85.66,1,2,Kasual (Low Spending)
Ryan Hernandez,2241.09,4,370.15999999999997,589.62,3,0,Premium (High Spending)
Ryan Houston,1157.1,2,115.62,578.55,1,3,Potensial (Average Spending)
Ryan Howell,2564.6,4,373.52,641.15,1,0,Premium (High Spending)
Ryan Hudson,247.14,2,70.38,123.57,1,3,Potensial (Average Spending)
Ryan Jackson,269.06,2,107.52,134.53,1,3,Potensial (Average Spending)
Ryan Jones,3436.08,6,635.8,582.435,4,1,VIP (Top Buyers & High Quantity)
Ryan Kelly,465.65,1,70.87,465.65,1,2,Kasual (Low Spending)
Ryan Kramer,1013.73,3,222.97,337.91,1,3,Potensial (Average Spending)
Ryan Lamb,282.99,1,108.27,282.99,1,2,Kasual (Low Spending)
Ryan Lewis,74.86,2,15.85,37.43,1,3,Potensial (Average Spending)
Ryan Lyons,793.16,2,198.79,396.58,1,3,Potensial (Average Spending)
Ryan Murphy,1149.16,2,175.3,574.58,1,3,Potensial (Average Spending)
Ryan Nguyen,2517.16,4,493.79,629.29,1,0,Premium (High Spending)
Ryan Ochoa,983.26,2,194.1,491.63,2,3,Potensial (Average Spending)
Ryan Oliver,287.27,1,63.6,287.27,1,2,Kasual (Low Spending)
Ryan Owens,115.08,2,33.8,57.54,1,3,Potensial (Average Spending)
Ryan Peters MD,456.32,1,59.89,456.32,1,2,Kasual (Low Spending)
Ryan Pham,924.28,2,248.96,462.14,1,3,Potensial (Average Spending)
Ryan Phillips,965.94,3,283.29,321.98,1,0,Premium (High Spending)
Ryan Poole,558.56,4,177.73,139.64,1,3,Potensial (Average Spending)
Ryan Porter,390.32,1,92.92,390.32,1,2,Kasual (Low Spending)
Ryan Pugh,56.1,2,13.99,28.05,1,3,Potensial (Average Spending)
Ryan Richard,288.02,2,100.22,144.01,1,3,Potensial (Average Spending)
Ryan Roman,422.91,1,157.19,422.91,1,2,Kasual (Low Spending)
Ryan Scott,184.41,1,39.7,184.41,1,2,Kasual (Low Spending)
Ryan Shaw,1793.04,4,275.23,448.26,1,0,Premium (High Spending)
Ryan Shepard,241.92,1,115.82,241.92,1,2,Kasual (Low Spending)
Ryan Smith,124.84,1,62.33,124.84,1,2,Kasual (Low Spending)
Ryan Vargas,172.69,1,48.25,172.69,1,2,Kasual (Low Spending)
Ryan Vasquez,519.16,1,69.56,519.16,1,2,Kasual (Low Spending)
Ryan Ward,848.74,2,74.68,424.37,1,3,Potensial (Average Spending)
Ryan Wheeler,303.09,1,25.48,303.09,1,2,Kasual (Low Spending)
Ryan White MD,680.4,1,215.76,680.4,1,2,Kasual (Low Spending)
Ryan Willis,82.96,2,17.79,41.48,1,3,Potensial (Average Spending)
Ryan Woods,250.68,1,85.28,250.68,1,2,Kasual (Low Spending)
Ryan Zamora,294.38,1,51.44,294.38,1,2,Kasual (Low Spending)
Sabrina Adams,345.69,1,56.84,345.69,1,2,Kasual (Low Spending)
Sabrina Brooks,340.36,2,85.49,170.18,1,3,Potensial (Average Spending)
Sabrina Brown,227.47,1,63.6,227.47,1,2,Kasual (Low Spending)
Sabrina Burton,2042.12,2,323.22,1021.06,1,0,Premium (High Spending)
Sabrina Marquez,366.18,2,125.82,183.09,1,3,Potensial (Average Spending)
Sabrina Martin,1172.64,4,452.83,293.16,1,0,Premium (High Spending)
Sabrina Reyes,206.82,1,73.65,206.82,1,2,Kasual (Low Spending)
Sabrina Rios,852.36,2,179.95,426.18,1,3,Potensial (Average Spending)
Sabrina Turner,1212.44,2,187.72,606.22,1,3,Potensial (Average Spending)
Sabrina Velasquez,1132.54,1,186.91,1132.54,1,2,Kasual (Low Spending)
Sabrina Wilkinson,1115.37,3,498.97,371.79,1,0,Premium (High Spending)
Sally Smith,702.84,1,92.94,702.84,1,2,Kasual (Low Spending)
Sally Spencer,1047.34,2,130.68,523.67,1,3,Potensial (Average Spending)
Samantha Alvarado,410.22,2,169.24,205.11,1,3,Potensial (Average Spending)
Samantha Banks,507.44,4,148.99,126.86,1,3,Potensial (Average Spending)
Samantha Benton,533.82,1,174.14,533.82,1,2,Kasual (Low Spending)
Samantha Bright,735.28,4,261.49,183.82,1,0,Premium (High Spending)
Samantha Carter,969.76,2,313.15,484.88,1,3,Potensial (Average Spending)
Samantha Collins,933.45,1,160.62,933.45,1,2,Kasual (Low Spending)
Samantha Crawford,85.52,1,13.62,85.52,1,2,Kasual (Low Spending)
Samantha Cruz,621.54,3,268.66,207.18,1,3,Potensial (Average Spending)
Samantha David,271.47,1,58.65,271.47,1,2,Kasual (Low Spending)
Samantha Davis,102.35,1,23.81,102.35,1,2,Kasual (Low Spending)
Samantha Duran,1034.68,2,84.71,517.34,1,3,Potensial (Average Spending)
Samantha English,690.6,3,280.65,230.2,1,3,Potensial (Average Spending)
Samantha Evans,347.78,2,74.82,173.89,1,3,Potensial (Average Spending)
Samantha Fleming,614.0,5,202.4,122.8,1,0,Premium (High Spending)
Samantha Frank,267.89,1,112.82,267.89,1,2,Kasual (Low Spending)
Samantha Garcia,374.04,2,78.28,187.02,1,3,Potensial (Average Spending)
Samantha Gonzales,90.8,1,26.21,90.8,1,2,Kasual (Low Spending)
Samantha Gross,244.05,1,57.29,244.05,1,2,Kasual (Low Spending)
Samantha Guerrero,479.76,2,236.1,239.88,1,3,Potensial (Average Spending)
Samantha Harrison,745.25,1,138.82,745.25,1,2,Kasual (Low Spending)
Samantha Hood,418.86,1,164.72,418.86,1,2,Kasual (Low Spending)
Samantha Hunt,59.64,1,26.6,59.64,1,2,Kasual (Low Spending)
Samantha Johnson,445.8,1,92.94,445.8,1,2,Kasual (Low Spending)
Samantha Kennedy,564.15,3,178.65,188.05,1,3,Potensial (Average Spending)
Samantha Kramer,270.14,1,24.16,270.14,1,2,Kasual (Low Spending)
Samantha Lambert,168.56,2,83.32,84.28,1,3,Potensial (Average Spending)
Samantha Marquez,190.34,1,64.61,190.34,1,2,Kasual (Low Spending)
Samantha Martinez,542.78,2,187.6,271.39,1,3,Potensial (Average Spending)
Samantha Mcintosh,252.66,1,44.62,252.66,1,2,Kasual (Low Spending)
Samantha Meza,886.89,1,111.56,886.89,1,2,Kasual (Low Spending)
Samantha Mitchell,851.9,5,211.89,170.38,1,0,Premium (High Spending)
Samantha Moore,1501.38,2,178.85,750.69,2,3,Potensial (Average Spending)
Samantha Moreno,270.34,2,114.89,135.17,1,3,Potensial (Average Spending)
Samantha Morrison,1805.58,2,210.98,902.79,1,3,Potensial (Average Spending)
Samantha Nelson,1174.32,4,441.3,293.58,1,0,Premium (High Spending)
Samantha Newman,1230.02,2,195.07,615.01,1,3,Potensial (Average Spending)
Samantha Ortega,2387.17,4,377.3,644.595,2,0,Premium (High Spending)
Samantha Palmer,65.07,1,25.97,65.07,1,2,Kasual (Low Spending)
Samantha Patel,444.52,1,50.62,444.52,1,2,Kasual (Low Spending)
Samantha Perez,2295.35,3,386.41,708.94,2,0,Premium (High Spending)
Samantha Peters,162.52,1,37.76,162.52,1,2,Kasual (Low Spending)
Samantha Pineda,1537.52,2,130.56,768.76,1,3,Potensial (Average Spending)
Samantha Price,451.42,2,140.72,225.71,1,3,Potensial (Average Spending)
Samantha Quinn,2366.76,4,409.98,591.69,1,0,Premium (High Spending)
Samantha Reed,116.43,1,40.77,116.43,1,2,Kasual (Low Spending)
Samantha Robinson,1784.2,2,329.34,892.1,1,0,Premium (High Spending)
Samantha Schwartz,295.46,2,56.82,147.73,1,3,Potensial (Average Spending)
Samantha Stevenson,334.02,3,116.73,111.34,1,3,Potensial (Average Spending)
Samantha Thompson,1535.65,5,261.47,307.13,1,0,Premium (High Spending)
Samantha Valenzuela,371.55,3,30.33,123.85,1,3,Potensial (Average Spending)
Samantha Williams,137.71,1,27.07,137.71,1,2,Kasual (Low Spending)
Samantha Winters,564.55,1,106.07,564.55,1,2,Kasual (Low Spending)
Samantha Wyatt,425.85,3,41.02,141.95,1,3,Potensial (Average Spending)
Samantha Yang,289.84,2,83.51,144.92,1,3,Potensial (Average Spending)
Samantha Young,321.48,3,65.37,107.16,1,3,Potensial (Average Spending)
Samuel Adams,324.06,1,122.96,324.06,1,2,Kasual (Low Spending)
Samuel Anthony,1874.7,2,296.14,937.35,1,0,Premium (High Spending)
Samuel Bell,446.54,1,87.23,446.54,1,2,Kasual (Low Spending)
Samuel Bradley,211.47,3,62.16,70.49,1,3,Potensial (Average Spending)
Samuel Cain,811.77,1,130.05,811.77,1,2,Kasual (Low Spending)
Samuel Carroll,2334.98,2,320.5,1167.49,1,0,Premium (High Spending)
Samuel Cole,109.56,3,35.94,36.52,1,3,Potensial (Average Spending)
Samuel Collins,347.24,2,103.68,173.62,2,3,Potensial (Average Spending)
Samuel Dominguez,1334.94,3,373.74,444.98,1,0,Premium (High Spending)
Samuel Gallagher,1257.75,3,412.9,419.25,1,0,Premium (High Spending)
Samuel Gregory,377.59,1,116.61,377.59,1,2,Kasual (Low Spending)
Samuel Harris,47.18,1,18.05,47.18,1,2,Kasual (Low Spending)
Samuel Holmes DDS,52.43,1,14.29,52.43,1,2,Kasual (Low Spending)
Samuel Ibarra,637.34,1,126.23,637.34,1,2,Kasual (Low Spending)
Samuel Jackson,831.64,3,111.42999999999999,251.7,2,3,Potensial (Average Spending)
Samuel Johnson,1463.74,4,318.09,414.1233333333334,3,0,Premium (High Spending)
Samuel Knight,152.27,1,64.77,152.27,1,2,Kasual (Low Spending)
Samuel Mcbride,643.11,3,160.77,214.37,1,3,Potensial (Average Spending)
Samuel Park,1049.64,2,237.89,524.82,2,3,Potensial (Average Spending)
Samuel Parker,702.36,2,192.79,351.18,1,3,Potensial (Average Spending)
Samuel Potter,305.36,1,25.89,305.36,1,2,Kasual (Low Spending)
Samuel Reyes,291.14,2,91.95,145.57,1,3,Potensial (Average Spending)
Samuel Rogers,3659.46,3,629.39,1219.82,1,1,VIP (Top Buyers & High Quantity)
Samuel Santana,686.62,2,101.63,343.31,1,3,Potensial (Average Spending)
Samuel Savage,238.04,1,94.71,238.04,1,2,Kasual (Low Spending)
Samuel Sexton,101.26,1,20.36,101.26,1,2,Kasual (Low Spending)
Samuel Simpson,399.34,1,45.73,399.34,1,2,Kasual (Low Spending)
Samuel Smith,79.88,1,32.06,79.88,1,2,Kasual (Low Spending)
Samuel Vargas,152.24,2,68.41,76.12,1,3,Potensial (Average Spending)
Samuel Zuniga,1602.18,2,290.42,801.09,1,0,Premium (High Spending)
Sandra Anderson,932.97,1,103.68,932.97,1,2,Kasual (Low Spending)
Sandra Bowen,513.0,1,134.6,513.0,1,2,Kasual (Low Spending)
Sandra Carney MD,408.42,1,98.72,408.42,1,2,Kasual (Low Spending)
Sandra Carroll,105.53,1,29.21,105.53,1,2,Kasual (Low Spending)
Sandra Castillo DDS,410.07,1,115.6,410.07,1,2,Kasual (Low Spending)
Sandra Coleman,347.22,1,88.05,347.22,1,2,Kasual (Low Spending)
Sandra Cortez,172.17,1,62.45,172.17,1,2,Kasual (Low Spending)
Sandra Daniel,77.25,1,19.81,77.25,1,2,Kasual (Low Spending)
Sandra Fowler DVM,359.43,1,101.05,359.43,1,2,Kasual (Low Spending)
Sandra Freeman,1729.4,2,194.42,864.7,1,3,Potensial (Average Spending)
Sandra French,189.61,1,35.62,189.61,1,2,Kasual (Low Spending)
Sandra Gonzalez MD,933.34,2,323.16,466.67,1,3,Potensial (Average Spending)
Sandra Hardy,2086.71,3,331.93,695.57,1,0,Premium (High Spending)
Sandra Jackson,731.86,2,103.29,365.93,1,3,Potensial (Average Spending)
Sandra Johnson,1239.78,3,321.36,492.765,2,0,Premium (High Spending)
Sandra Jones,849.9399999999999,4,246.01999999999998,316.21,2,0,Premium (High Spending)
Sandra Kaufman,570.12,1,175.87,570.12,1,2,Kasual (Low Spending)
Sandra Keller,400.07,1,109.15,400.07,1,2,Kasual (Low Spending)
Sandra Kemp,526.34,2,158.84,263.17,1,3,Potensial (Average Spending)
Sandra King,541.34,2,107.36,270.67,1,3,Potensial (Average Spending)
Sandra Lambert,809.87,1,149.87,809.87,1,2,Kasual (Low Spending)
Sandra Lawson,3081.45,3,403.72,1027.15,1,0,Premium (High Spending)
Sandra Lewis,2880.21,5,401.61,605.395,2,0,Premium (High Spending)
Sandra Martin,416.73,1,165.01,416.73,1,2,Kasual (Low Spending)
Sandra May,1783.29,3,167.86,594.43,1,0,Premium (High Spending)
Sandra Moore,1811.06,2,196.24,905.53,1,3,Potensial (Average Spending)
Sandra Morrison,863.04,3,253.97,287.68,1,3,Potensial (Average Spending)
Sandra Orr,320.9,1,138.02,320.9,1,2,Kasual (Low Spending)
Sandra Ortega,1235.56,2,368.82,617.78,1,0,Premium (High Spending)
Sandra Osborne,295.2,1,110.94,295.2,1,2,Kasual (Low Spending)
Sandra Pena,1926.66,3,371.73,642.22,1,0,Premium (High Spending)
Sandra Perry,394.98,2,99.93,197.49,1,3,Potensial (Average Spending)
Sandra Peters,679.69,1,114.36,679.69,1,2,Kasual (Low Spending)
Sandra Porter,96.82,1,32.63,96.82,1,2,Kasual (Low Spending)
Sandra Ramirez,2673.48,6,1171.48,445.58,1,1,VIP (Top Buyers & High Quantity)
Sandra Ritter,292.79,1,100.9,292.79,1,2,Kasual (Low Spending)
Sandra Rogers,469.1,2,42.02,234.55,1,3,Potensial (Average Spending)
Sandra Russo,6248.83,7,2011.14,892.69,1,1,VIP (Top Buyers & High Quantity)
Sandra Savage,3256.85,5,396.15,651.37,1,1,VIP (Top Buyers & High Quantity)
Sandra Smith,583.26,3,243.65,194.42,1,3,Potensial (Average Spending)
Sandra Steele,269.87,1,43.24,269.87,1,2,Kasual (Low Spending)
Sandra Stewart,223.36,2,61.11,111.68,1,3,Potensial (Average Spending)
Sandra Taylor,192.26,1,18.58,192.26,1,2,Kasual (Low Spending)
Sandra Torres,1050.95,4,286.61,388.755,2,0,Premium (High Spending)
Sandra Tran,90.66,1,23.21,90.66,1,2,Kasual (Low Spending)
Sandra Valenzuela,349.28,1,109.75,349.28,1,2,Kasual (Low Spending)
Sandra Watson,424.24,2,55.46,212.12,1,3,Potensial (Average Spending)
Sandra Williams,779.35,2,182.55,389.675,2,3,Potensial (Average Spending)
Sandra Wright,276.99,1,34.44,276.99,1,2,Kasual (Low Spending)
Sandy Gonzales,1435.08,2,408.31,717.54,1,0,Premium (High Spending)
Sandy Moore,770.65,1,135.52,770.65,1,2,Kasual (Low Spending)
Sandy Scott,480.45,3,97.49,160.15,1,3,Potensial (Average Spending)
Sandy Weber,188.36,1,60.37,188.36,1,2,Kasual (Low Spending)
Sara Becker,387.12,2,78.11,193.56,1,3,Potensial (Average Spending)
Sara Blankenship,168.82,1,47.86,168.82,1,2,Kasual (Low Spending)
Sara Brown,379.56,4,40.21,94.89,1,3,Potensial (Average Spending)
Sara Carroll,233.88,2,39.13,116.94,1,3,Potensial (Average Spending)
Sara Clay,1528.16,2,243.4,764.08,1,3,Potensial (Average Spending)
Sara Colon,1121.16,2,193.08,560.58,1,3,Potensial (Average Spending)
Sara Combs,430.54,2,169.69,215.27,1,3,Potensial (Average Spending)
Sara Curtis,811.44,3,118.43,270.48,1,3,Potensial (Average Spending)
Sara Delgado,108.01,1,53.11,108.01,1,2,Kasual (Low Spending)
Sara Downs,76.81,1,27.84,76.81,1,2,Kasual (Low Spending)
Sara Fleming,177.3,2,58.44,88.65,1,3,Potensial (Average Spending)
Sara Garrison,137.33,1,54.93,137.33,1,2,Kasual (Low Spending)
Sara George,294.28,2,64.33,147.14,1,3,Potensial (Average Spending)
Sara Gutierrez,473.82,2,75.46,236.91,1,3,Potensial (Average Spending)
Sara Hernandez,163.47,3,57.15,54.49,1,3,Potensial (Average Spending)
Sara Hunt,793.2,1,254.54,793.2,1,2,Kasual (Low Spending)
Sara Jackson,1136.32,2,233.95,568.16,2,3,Potensial (Average Spending)
Sara Kirby,81.44,1,36.88,81.44,1,2,Kasual (Low Spending)
Sara Klein,506.68,1,56.61,506.68,1,2,Kasual (Low Spending)
Sara Knapp,361.44,2,154.32,180.72,1,3,Potensial (Average Spending)
Sara Lane,1002.35,1,200.32,1002.35,1,2,Kasual (Low Spending)
Sara Luna,2221.0,5,524.66,444.2,1,1,VIP (Top Buyers & High Quantity)
Sara Marshall,246.9,1,39.01,246.9,1,2,Kasual (Low Spending)
Sara Martinez,352.73,1,57.75,352.73,1,2,Kasual (Low Spending)
Sara Mcclure,55.72,1,18.06,55.72,1,2,Kasual (Low Spending)
Sara Mccormick,847.3,1,184.46,847.3,1,2,Kasual (Low Spending)
Sara Miranda,51.2,1,10.44,51.2,1,2,Kasual (Low Spending)
Sara Norman,271.68,1,47.49,271.68,1,2,Kasual (Low Spending)
Sara Pace,182.12,1,36.85,182.12,1,2,Kasual (Low Spending)
Sara Parker,551.71,1,189.23,551.71,1,2,Kasual (Low Spending)
Sara Peterson,462.15,3,137.13,154.05,1,3,Potensial (Average Spending)
Sara Quinn,1737.98,2,467.27,868.99,1,0,Premium (High Spending)
Sara Richardson,445.52,2,139.41,222.76,1,3,Potensial (Average Spending)
Sara Robinson,379.34000000000003,2,104.14,189.67000000000002,2,3,Potensial (Average Spending)
Sara Ruiz,496.89,3,133.52,165.63,1,3,Potensial (Average Spending)
Sara Russo,1001.71,1,118.52,1001.71,1,2,Kasual (Low Spending)
Sara Ryan,64.6,1,13.64,64.6,1,2,Kasual (Low Spending)
Sara Smith,761.57,1,118.26,761.57,1,2,Kasual (Low Spending)
Sara Stone,692.89,1,133.89,692.89,1,2,Kasual (Low Spending)
Sara Wang,140.01,1,45.95,140.01,1,2,Kasual (Low Spending)
Sara Warren,527.61,1,85.72,527.61,1,2,Kasual (Low Spending)
Sara Watkins,151.54,1,34.71,151.54,1,2,Kasual (Low Spending)
Sara Weber,1591.04,2,199.97,795.52,1,3,Potensial (Average Spending)
Sara Willis,406.05,3,190.61,135.35,1,3,Potensial (Average Spending)
Sarah Abbott,415.44,2,169.68,207.72,1,3,Potensial (Average Spending)
Sarah Allen,316.02,2,156.02,158.01,1,3,Potensial (Average Spending)
Sarah Ayers,320.38,1,53.07,320.38,1,2,Kasual (Low Spending)
Sarah Bailey,216.94,2,52.81,108.47,1,3,Potensial (Average Spending)
Sarah Baker,856.26,3,242.66000000000003,368.515,2,3,Potensial (Average Spending)
Sarah Ballard,881.0,1,208.68,881.0,1,2,Kasual (Low Spending)
Sarah Banks,763.99,1,178.77,763.99,1,2,Kasual (Low Spending)
Sarah Beasley,935.64,4,361.94,233.91,1,0,Premium (High Spending)
Sarah Bell,212.93,1,90.0,212.93,1,2,Kasual (Low Spending)
Sarah Berg,1317.64,2,196.15,658.82,1,3,Potensial (Average Spending)
Sarah Bryant,2911.86,3,256.45,970.62,1,0,Premium (High Spending)
Sarah Bush,200.01,3,52.18,66.67,1,3,Potensial (Average Spending)
Sarah Calderon,267.41,1,36.6,267.41,1,2,Kasual (Low Spending)
Sarah Campbell,164.34,1,69.75,164.34,1,2,Kasual (Low Spending)
Sarah Chandler,591.69,1,155.6,591.69,1,2,Kasual (Low Spending)
Sarah Chang,1446.56,2,371.88,723.28,1,0,Premium (High Spending)
Sarah Cole,480.16999999999996,3,218.83,154.425,2,3,Potensial (Average Spending)
Sarah Cooper,208.21,1,29.44,208.21,1,2,Kasual (Low Spending)
Sarah Cordova,874.96,2,266.13,437.48,1,3,Potensial (Average Spending)
Sarah Crawford,425.46,2,143.74,212.73,1,3,Potensial (Average Spending)
Sarah Cross,519.37,1,70.72,519.37,1,2,Kasual (Low Spending)
Sarah Daniels,2004.28,2,345.59,1002.14,1,0,Premium (High Spending)
Sarah Day,53.21,1,15.97,53.21,1,2,Kasual (Low Spending)
Sarah Deleon,913.52,4,212.58,228.38,1,0,Premium (High Spending)
Sarah Dunn,208.74,1,53.48,208.74,1,2,Kasual (Low Spending)
Sarah Fernandez,242.27,1,63.41,242.27,1,2,Kasual (Low Spending)
Sarah Ford,135.21,1,23.65,135.21,1,2,Kasual (Low Spending)
Sarah Fox,456.63,1,66.06,456.63,1,2,Kasual (Low Spending)
Sarah Garcia,185.19,1,37.72,185.19,1,2,Kasual (Low Spending)
Sarah Garner,190.0,1,38.57,190.0,1,2,Kasual (Low Spending)
Sarah Gill,2566.98,3,515.73,855.66,1,0,Premium (High Spending)
Sarah Gomez,1946.5099999999998,6,463.95000000000005,269.52,4,1,VIP (Top Buyers & High Quantity)
Sarah Goodman,147.3,3,31.24,49.1,1,3,Potensial (Average Spending)
Sarah Gordon,1366.92,4,128.49,341.73,1,0,Premium (High Spending)
Sarah Gutierrez,266.46,1,22.51,266.46,1,2,Kasual (Low Spending)
Sarah Harvey,91.37,1,33.38,91.37,1,2,Kasual (Low Spending)
Sarah Hernandez,1464.99,4,414.45000000000005,390.6933333333333,3,0,Premium (High Spending)
Sarah Hood,20.3,1,8.71,20.3,1,2,Kasual (Low Spending)
Sarah Jacobs,192.03,1,91.5,192.03,1,2,Kasual (Low Spending)
Sarah Johnson,752.4000000000001,2,179.2,376.20000000000005,2,3,Potensial (Average Spending)
Sarah Johnston,2670.06,3,454.87,890.02,1,0,Premium (High Spending)
Sarah Jones,484.54,2,140.76,242.27,1,3,Potensial (Average Spending)
Sarah Kelly,1766.92,6,511.15999999999997,315.075,2,1,VIP (Top Buyers & High Quantity)
Sarah Kent,2244.36,3,695.28,748.12,1,0,Premium (High Spending)
Sarah King,334.36,4,130.47,83.59,2,3,Potensial (Average Spending)
Sarah Long,783.7,2,289.19,391.85,1,3,Potensial (Average Spending)
Sarah Mack,396.18,2,189.35,198.09,1,3,Potensial (Average Spending)
Sarah Marshall,1590.92,4,428.29,397.73,2,0,Premium (High Spending)
Sarah Martin,101.99,1,36.32,101.99,1,2,Kasual (Low Spending)
Sarah Martinez,478.42,2,113.07,239.21,1,3,Potensial (Average Spending)
Sarah Mccormick,536.09,2,217.03,268.045,2,3,Potensial (Average Spending)
Sarah Mcdaniel,694.29,3,222.62,231.43,1,3,Potensial (Average Spending)
Sarah Mcdonald,454.9,3,142.48,151.38,2,3,Potensial (Average Spending)
Sarah Miller,717.26,2,205.73,358.63,1,3,Potensial (Average Spending)
Sarah Moore,927.77,1,175.54,927.77,1,2,Kasual (Low Spending)
Sarah Morgan,1026.84,3,433.11,342.28,1,0,Premium (High Spending)
Sarah Morrison,239.61,1,40.75,239.61,1,2,Kasual (Low Spending)
Sarah Newton,1193.31,5,396.14,244.06,2,0,Premium (High Spending)
Sarah Orr,298.4,1,101.44,298.4,1,2,Kasual (Low Spending)
Sarah Parker,429.52,2,136.27,214.76,1,3,Potensial (Average Spending)
Sarah Peters,572.58,1,96.14,572.58,1,2,Kasual (Low Spending)
Sarah Phelps,359.96,2,148.98,179.98,1,3,Potensial (Average Spending)
Sarah Phillips,255.55,1,52.44,255.55,1,2,Kasual (Low Spending)
Sarah Powers,128.13,1,33.66,128.13,1,2,Kasual (Low Spending)
Sarah Quinn,255.39,1,69.19,255.39,1,2,Kasual (Low Spending)
Sarah Reed,633.13,1,51.38,633.13,1,2,Kasual (Low Spending)
Sarah Reeves,2465.16,2,462.08,1232.58,1,0,Premium (High Spending)
Sarah Richmond,477.7,2,79.96,238.85,1,3,Potensial (Average Spending)
Sarah Riley,1406.3,2,272.34,703.15,1,3,Potensial (Average Spending)
Sarah Roach,227.38,1,61.85,227.38,1,2,Kasual (Low Spending)
Sarah Rogers,131.62,1,33.87,131.62,1,2,Kasual (Low Spending)
Sarah Rush,1328.47,1,211.55,1328.47,1,2,Kasual (Low Spending)
Sarah Ryan,1231.04,2,159.62,615.52,1,3,Potensial (Average Spending)
Sarah Santos,1091.86,7,260.44,155.98,1,0,Premium (High Spending)
Sarah Sharp,1809.39,3,282.92,603.13,1,0,Premium (High Spending)
Sarah Sheppard,1033.88,2,129.68,516.94,1,3,Potensial (Average Spending)
Sarah Smith,1288.87,5,558.95,248.87333333333333,3,0,Premium (High Spending)
Sarah Steele,663.77,1,126.22,663.77,1,2,Kasual (Low Spending)
Sarah Sullivan,559.01,1,71.2,559.01,1,2,Kasual (Low Spending)
Sarah Taylor,2220.5299999999997,4,731.73,511.28666666666663,3,1,VIP (Top Buyers & High Quantity)
Sarah Thompson,1383.19,6,347.03,198.6833333333333,3,0,Premium (High Spending)
Sarah Thompson MD,75.71,1,33.02,75.71,1,2,Kasual (Low Spending)
Sarah Thornton,1814.12,3,377.39,524.005,2,0,Premium (High Spending)
Sarah Vasquez,1013.6299999999999,5,211.03,205.55,2,0,Premium (High Spending)
Sarah Villarreal,109.56,1,34.85,109.56,1,2,Kasual (Low Spending)
Sarah Walker,388.08,2,127.75999999999999,194.04,2,3,Potensial (Average Spending)
Sarah Weber,81.93,3,23.07,27.31,1,3,Potensial (Average Spending)
Sarah Wells,252.32,2,71.86,126.16,1,3,Potensial (Average Spending)
Sarah White,694.67,1,169.37,694.67,1,2,Kasual (Low Spending)
Sarah Wiley,345.91,1,146.2,345.91,1,2,Kasual (Low Spending)
Sarah Williams,464.26,2,135.09,232.13,1,3,Potensial (Average Spending)
Savannah Adams,173.74,1,41.48,173.74,1,2,Kasual (Low Spending)
Savannah Brown,2107.48,6,541.6,400.26,2,1,VIP (Top Buyers & High Quantity)
Savannah Burgess,115.2,3,48.6,38.4,1,3,Potensial (Average Spending)
Savannah Carrillo,66.07,1,19.71,66.07,1,2,Kasual (Low Spending)
Savannah Collier,955.36,4,233.18,238.84,1,0,Premium (High Spending)
Savannah Martinez,3055.84,4,478.97,763.96,1,0,Premium (High Spending)
Savannah Moore,370.13,1,106.03,370.13,1,2,Kasual (Low Spending)
Savannah Smith,267.63,1,99.26,267.63,1,2,Kasual (Low Spending)
Savannah Stephenson,2468.49,3,649.51,822.83,1,0,Premium (High Spending)
Savannah Thomas,199.92,1,36.9,199.92,1,2,Kasual (Low Spending)
Savannah Wiley,1407.96,2,220.07,703.98,1,3,Potensial (Average Spending)
Scott Adams,837.04,4,218.22,209.26,1,0,Premium (High Spending)
Scott Adkins,1934.06,2,213.51,967.03,1,0,Premium (High Spending)
Scott Alexander,483.96,1,77.03,483.96,1,2,Kasual (Low Spending)
Scott Allen,616.26,2,130.97,308.13,1,3,Potensial (Average Spending)
Scott Atkinson,266.49,3,101.06,88.83,1,3,Potensial (Average Spending)
Scott Baldwin,501.82,2,181.93,250.91,1,3,Potensial (Average Spending)
Scott Ball,524.66,1,73.37,524.66,1,2,Kasual (Low Spending)
Scott Bass,173.58,1,80.1,173.58,1,2,Kasual (Low Spending)
Scott Beltran,679.18,2,257.32,339.59,1,3,Potensial (Average Spending)
Scott Bender,1374.75,3,346.72,458.25,1,0,Premium (High Spending)
Scott Blair,2297.52,4,227.71,574.38,1,0,Premium (High Spending)
Scott Brown,946.36,1,130.22,946.36,1,2,Kasual (Low Spending)
Scott Bryan,615.48,2,225.87,307.74,1,3,Potensial (Average Spending)
Scott Carney,67.4,1,23.24,67.4,1,2,Kasual (Low Spending)
Scott Castillo,2104.72,4,286.01,526.18,1,0,Premium (High Spending)
Scott Castro,227.76,1,64.47,227.76,1,2,Kasual (Low Spending)
Scott Clark,176.71,1,49.44,176.71,1,2,Kasual (Low Spending)
Scott Clayton,1075.58,2,158.27,537.79,1,3,Potensial (Average Spending)
Scott Craig,412.45,1,180.65,412.45,1,2,Kasual (Low Spending)
Scott Curry,150.41,1,22.15,150.41,1,2,Kasual (Low Spending)
Scott Davis,927.19,1,164.7,927.19,1,2,Kasual (Low Spending)
Scott Dodson,89.09,1,27.79,89.09,1,2,Kasual (Low Spending)
Scott Dunn,145.03,1,24.78,145.03,1,2,Kasual (Low Spending)
Scott Edwards,2309.88,3,695.52,769.96,1,0,Premium (High Spending)
Scott Everett,112.63,1,34.19,112.63,1,2,Kasual (Low Spending)
Scott Foster,362.07,3,100.52,137.875,2,3,Potensial (Average Spending)
Scott Franklin,740.94,3,79.25,246.98,1,3,Potensial (Average Spending)
Scott Gardner,1474.76,2,140.78,737.38,1,3,Potensial (Average Spending)
Scott Gonzalez,668.49,3,281.82,222.83,1,3,Potensial (Average Spending)
Scott Hammond,263.86,1,62.36,263.86,1,2,Kasual (Low Spending)
Scott Hansen,1320.25,5,387.23,264.05,1,0,Premium (High Spending)
Scott Hernandez,501.42,2,169.05,250.71,1,3,Potensial (Average Spending)
Scott Hodges,1040.22,3,223.5,346.74,1,3,Potensial (Average Spending)
Scott Hogan,281.58,1,41.76,281.58,1,2,Kasual (Low Spending)
Scott Holmes DVM,520.54,2,184.86,260.27,1,3,Potensial (Average Spending)
Scott Howard,415.61,1,137.05,415.61,1,2,Kasual (Low Spending)
Scott Hughes,2486.13,3,202.99,828.71,1,0,Premium (High Spending)
Scott Johnson,651.99,1,99.11,651.99,1,2,Kasual (Low Spending)
Scott Johnston,1876.2,2,225.08,938.1,1,0,Premium (High Spending)
Scott Jones,424.08,2,42.04,212.04,1,3,Potensial (Average Spending)
Scott Jordan,336.54,2,163.16,168.27,1,3,Potensial (Average Spending)
Scott Larsen,255.69,1,33.45,255.69,1,2,Kasual (Low Spending)
Scott Lewis,279.51,1,104.42,279.51,1,2,Kasual (Low Spending)
Scott Love,192.89,1,65.07,192.89,1,2,Kasual (Low Spending)
Scott Manning,903.52,4,224.9,225.88,1,0,Premium (High Spending)
Scott Marks,386.83,1,104.29,386.83,1,2,Kasual (Low Spending)
Scott Maxwell,516.0,1,152.44,516.0,1,2,Kasual (Low Spending)
Scott Meadows,209.08,2,103.55,104.54,1,3,Potensial (Average Spending)
Scott Mendoza,157.02,1,46.76,157.02,1,2,Kasual (Low Spending)
Scott Miller,2295.16,4,279.91,573.79,1,0,Premium (High Spending)
Scott Mitchell,948.06,2,158.11,474.03,1,3,Potensial (Average Spending)
Scott Moore,2376.12,3,445.32,792.04,1,0,Premium (High Spending)
Scott Mullins,339.8,1,43.87,339.8,1,2,Kasual (Low Spending)
Scott Nelson,1752.06,2,400.47,876.03,1,0,Premium (High Spending)
Scott Osborne,442.04,2,96.21,221.02,1,3,Potensial (Average Spending)
Scott Parker,1232.56,4,536.43,308.14,1,0,Premium (High Spending)
Scott Powell,465.83,1,80.83,465.83,1,2,Kasual (Low Spending)
Scott Pruitt,433.43,1,103.78,433.43,1,2,Kasual (Low Spending)
Scott Ramos,981.26,2,161.35,490.63,1,3,Potensial (Average Spending)
Scott Rice,227.2,1,101.29,227.2,1,2,Kasual (Low Spending)
Scott Rivera,869.32,1,274.3,869.32,1,2,Kasual (Low Spending)
Scott Rogers,377.75,1,133.56,377.75,1,2,Kasual (Low Spending)
Scott Ryan,638.45,1,65.24,638.45,1,2,Kasual (Low Spending)
Scott Sanders,32.28,1,11.8,32.28,1,2,Kasual (Low Spending)
Scott Sawyer,1146.03,1,198.91,1146.03,1,2,Kasual (Low Spending)
Scott Schmitt,927.87,1,168.09,927.87,1,2,Kasual (Low Spending)
Scott Shannon,409.33,1,154.19,409.33,1,2,Kasual (Low Spending)
Scott Skinner,78.7,1,20.75,78.7,1,2,Kasual (Low Spending)
Scott Smith,2492.5699999999997,6,473.14,374.1875,4,1,VIP (Top Buyers & High Quantity)
Scott Strickland,201.0,1,82.24,201.0,1,2,Kasual (Low Spending)
Scott Thomas,184.7,1,50.2,184.7,1,2,Kasual (Low Spending)
Scott Thompson,240.94,1,101.85,240.94,1,2,Kasual (Low Spending)
Scott Turner,462.52,4,188.08,115.63,1,3,Potensial (Average Spending)
Scott Vance,340.45,1,95.21,340.45,1,2,Kasual (Low Spending)
Scott Walker,1048.44,3,431.03,349.48,1,0,Premium (High Spending)
Scott Walton,1857.0,2,342.22,928.5,1,0,Premium (High Spending)
Scott Wheeler,186.05,1,77.21,186.05,1,2,Kasual (Low Spending)
Scott Williams,287.02,2,54.83,143.51,1,3,Potensial (Average Spending)
Scott Wolf DDS,1319.76,2,168.81,659.88,1,3,Potensial (Average Spending)
Scott Wright,61.34,1,18.95,61.34,1,2,Kasual (Low Spending)
Sean Anderson,220.2,1,82.96,220.2,1,2,Kasual (Low Spending)
Sean Bailey,372.08,2,94.12,186.04,1,3,Potensial (Average Spending)
Sean Banks,710.08,1,243.46,710.08,1,2,Kasual (Low Spending)
Sean Beard,348.38,1,64.13,348.38,1,2,Kasual (Low Spending)
Sean Bowen,1399.77,3,232.97,466.59,1,0,Premium (High Spending)
Sean Brooks,390.57,3,82.54,130.19,1,3,Potensial (Average Spending)
Sean Brown,1380.94,4,225.56,501.96,2,0,Premium (High Spending)
Sean Bruce,121.29,1,29.31,121.29,1,2,Kasual (Low Spending)
Sean Bryant,1559.92,4,239.16,389.98,2,0,Premium (High Spending)
Sean Combs,766.46,1,148.52,766.46,1,2,Kasual (Low Spending)
Sean Evans,491.02,2,231.71,245.51,1,3,Potensial (Average Spending)
Sean Hebert,772.87,1,193.14,772.87,1,2,Kasual (Low Spending)
Sean Hernandez,811.02,3,138.92000000000002,238.82,2,3,Potensial (Average Spending)
Sean Hines,3716.13,3,495.21,1238.71,1,0,Premium (High Spending)
Sean Johnson,439.76,1,193.26,439.76,1,2,Kasual (Low Spending)
Sean Jones III,288.87,3,92.09,96.29,1,3,Potensial (Average Spending)
Sean Knapp,394.68,1,58.38,394.68,1,2,Kasual (Low Spending)
Sean Mann,2388.05,5,606.23,477.61,1,1,VIP (Top Buyers & High Quantity)
Sean Mitchell,111.62,2,47.95,55.81,1,3,Potensial (Average Spending)
Sean Moore,782.98,1,112.46,782.98,1,2,Kasual (Low Spending)
Sean Newman,225.32,1,43.17,225.32,1,2,Kasual (Low Spending)
Sean Price,967.52,1,164.88,967.52,1,2,Kasual (Low Spending)
Sean Ramirez,380.76,4,50.35,95.19,1,3,Potensial (Average Spending)
Sean Rivers,296.43,1,121.23,296.43,1,2,Kasual (Low Spending)
Sean Robles,768.11,1,84.32,768.11,1,2,Kasual (Low Spending)
Sean Ross,66.16,1,20.81,66.16,1,2,Kasual (Low Spending)
Sean Schmidt,164.21,1,44.34,164.21,1,2,Kasual (Low Spending)
Sean Simmons,692.74,2,230.08,346.37,2,3,Potensial (Average Spending)
Sean Strickland,369.29,1,96.04,369.29,1,2,Kasual (Low Spending)
Sean Tucker,292.46,2,70.36,146.23,1,3,Potensial (Average Spending)
Sean Wade,102.18,1,37.79,102.18,1,2,Kasual (Low Spending)
Sean Webster,1014.54,2,229.01,507.27,1,3,Potensial (Average Spending)
Sean Wilcox,1750.36,4,397.83,437.59,1,0,Premium (High Spending)
Sean Wilson,862.38,1,106.49,862.38,1,2,Kasual (Low Spending)
Sean Wright,1070.28,7,375.84000000000003,187.785,2,0,Premium (High Spending)
Selena Smith,309.26,1,78.96,309.26,1,2,Kasual (Low Spending)
Selena Wilson,796.14,2,205.44,398.07,1,3,Potensial (Average Spending)
Sergio Chandler,109.49,1,46.73,109.49,1,2,Kasual (Low Spending)
Sergio Saunders,189.89,1,80.42,189.89,1,2,Kasual (Low Spending)
Seth Baker,959.07,3,291.36,319.69,1,0,Premium (High Spending)
Seth Brady,107.96,1,46.38,107.96,1,2,Kasual (Low Spending)
Seth Gray,822.97,1,212.55,822.97,1,2,Kasual (Low Spending)
Seth Johnson,162.54,1,62.73,162.54,1,2,Kasual (Low Spending)
Seth Lane,374.29,1,56.25,374.29,1,2,Kasual (Low Spending)
Seth Mccoy,208.65,1,102.03,208.65,1,2,Kasual (Low Spending)
Seth Mitchell,745.38,1,122.89,745.38,1,2,Kasual (Low Spending)
Seth Morales,748.11,1,261.75,748.11,1,2,Kasual (Low Spending)
Seth Walker,3930.15,5,700.05,786.03,1,1,VIP (Top Buyers & High Quantity)
Shane Brown,4328.4,6,1067.91,721.4000000000001,2,1,VIP (Top Buyers & High Quantity)
Shane Clarke,374.04,4,158.19,93.51,1,3,Potensial (Average Spending)
Shane Collins,1143.72,2,208.79,571.86,1,3,Potensial (Average Spending)
Shane Day,92.27,1,27.2,92.27,1,2,Kasual (Low Spending)
Shane Dixon,1952.34,2,524.06,976.17,1,0,Premium (High Spending)
Shane Gardner,401.97,1,80.96,401.97,1,2,Kasual (Low Spending)
Shane Hernandez,252.5,1,61.96,252.5,1,2,Kasual (Low Spending)
Shane Houston,2682.64,4,397.83,670.66,1,0,Premium (High Spending)
Shane Ortiz,900.45,1,107.03,900.45,1,2,Kasual (Low Spending)
Shane Ramirez,35.17,1,7.56,35.17,1,2,Kasual (Low Spending)
Shane Rice,74.69,1,29.16,74.69,1,2,Kasual (Low Spending)
Shane Schmidt,832.45,1,211.07,832.45,1,2,Kasual (Low Spending)
Shane Stewart,51.34,1,17.58,51.34,1,2,Kasual (Low Spending)
Shane Sullivan,244.14,1,87.76,244.14,1,2,Kasual (Low Spending)
Shane Weber,1150.6,5,504.06,230.12,1,0,Premium (High Spending)
Shane Welch,2568.66,3,418.55,856.22,1,0,Premium (High Spending)
Shannon Allen,981.93,3,414.61,327.31,1,0,Premium (High Spending)
Shannon Armstrong,335.14,2,104.37,167.57,1,3,Potensial (Average Spending)
Shannon Atkinson,181.96,2,59.44,90.98,1,3,Potensial (Average Spending)
Shannon Austin,316.66,1,126.79,316.66,1,2,Kasual (Low Spending)
Shannon Ball,373.64,1,53.59,373.64,1,2,Kasual (Low Spending)
Shannon Barnes,2609.46,3,511.53,869.82,1,0,Premium (High Spending)
Shannon Blanchard,272.86,1,97.83,272.86,1,2,Kasual (Low Spending)
Shannon Bowman MD,2355.72,4,456.75,588.93,1,0,Premium (High Spending)
Shannon Brewer,647.44,1,146.41,647.44,1,2,Kasual (Low Spending)
Shannon Carter,192.32,1,42.45,192.32,1,2,Kasual (Low Spending)
Shannon Cobb,426.25,1,177.46,426.25,1,2,Kasual (Low Spending)
Shannon Collins,136.4,2,57.2,68.2,1,3,Potensial (Average Spending)
Shannon Cruz,238.76,1,117.59,238.76,1,2,Kasual (Low Spending)
Shannon Dominguez,928.53,3,114.28,309.51,1,3,Potensial (Average Spending)
Shannon Evans,704.85,3,216.67,234.95,1,3,Potensial (Average Spending)
Shannon Fisher,170.6,1,40.95,170.6,1,2,Kasual (Low Spending)
Shannon Garcia,811.92,3,133.28,270.64,1,3,Potensial (Average Spending)
Shannon Graves,148.73,1,12.0,148.73,1,2,Kasual (Low Spending)
Shannon Guzman,89.08,1,16.52,89.08,1,2,Kasual (Low Spending)
Shannon Hamilton,397.6,1,118.39,397.6,1,2,Kasual (Low Spending)
Shannon Hammond,753.9,1,234.65,753.9,1,2,Kasual (Low Spending)
Shannon Haynes,2309.94,3,796.23,769.98,1,1,VIP (Top Buyers & High Quantity)
Shannon Holland,1218.0,3,425.28,406.0,1,0,Premium (High Spending)
Shannon House,1188.42,2,228.22,594.21,1,3,Potensial (Average Spending)
Shannon Humphrey,1076.61,3,416.19,358.87,1,0,Premium (High Spending)
Shannon Ibarra,414.69,1,165.39,414.69,1,2,Kasual (Low Spending)
Shannon Jones,1203.85,4,403.4,285.1766666666667,3,0,Premium (High Spending)
Shannon Lawson,4381.76,6,558.94,719.76,2,1,VIP (Top Buyers & High Quantity)
Shannon Leach,788.42,2,252.23,394.21,1,3,Potensial (Average Spending)
Shannon Lopez,99.8,1,22.23,99.8,1,2,Kasual (Low Spending)
Shannon Martin,777.16,1,265.32,777.16,1,2,Kasual (Low Spending)
Shannon Martinez,265.02,1,80.97,265.02,1,2,Kasual (Low Spending)
Shannon Morris,92.33,1,28.86,92.33,1,2,Kasual (Low Spending)
Shannon Murphy,343.56,2,96.36,171.78,1,3,Potensial (Average Spending)
Shannon Murray,798.54,2,165.58,399.27,1,3,Potensial (Average Spending)
Shannon Nelson,837.97,1,157.15,837.97,1,2,Kasual (Low Spending)
Shannon Parker,1174.66,1,322.73,1174.66,1,2,Kasual (Low Spending)
Shannon Pena,779.65,1,183.53,779.65,1,2,Kasual (Low Spending)
Shannon Ramirez,1006.06,1,131.27,1006.06,1,2,Kasual (Low Spending)
Shannon Roberts,1838.86,2,219.37,919.43,1,3,Potensial (Average Spending)
Shannon Robinson,646.71,3,97.63,215.57,1,3,Potensial (Average Spending)
Shannon Rodgers,150.35,1,24.87,150.35,1,2,Kasual (Low Spending)
Shannon Salinas,130.6,2,47.32,65.3,1,3,Potensial (Average Spending)
Shannon Schroeder,741.69,3,237.91,247.23,1,3,Potensial (Average Spending)
Shannon Sherman,776.84,4,160.97,194.21,1,3,Potensial (Average Spending)
Shannon Silva,329.35,1,131.13,329.35,1,2,Kasual (Low Spending)
Shannon Simpson,174.64,1,37.24,174.64,1,2,Kasual (Low Spending)
Shannon Smith,3601.12,5,1003.5799999999999,633.8733333333333,3,1,VIP (Top Buyers & High Quantity)
Shannon Terrell,152.76,3,44.92,50.92,1,3,Potensial (Average Spending)
Shannon Velasquez,387.1,2,131.92,193.55,1,3,Potensial (Average Spending)
Shannon Ward,1217.02,2,98.07,608.51,1,3,Potensial (Average Spending)
Shannon Webb,1353.1,4,375.65,473.54,2,0,Premium (High Spending)
Shannon White,1523.99,4,370.1,276.52500000000003,2,0,Premium (High Spending)
Shannon Wilson,299.9,2,133.92,149.95,1,3,Potensial (Average Spending)
Shannon Zimmerman,86.28,2,21.41,43.14,1,3,Potensial (Average Spending)
Shari Chavez,2039.64,2,382.83,1019.82,1,0,Premium (High Spending)
Shari James,349.32,1,85.35,349.32,1,2,Kasual (Low Spending)
Shari Kim,2481.0,4,434.22,620.25,1,0,Premium (High Spending)
Shari West,2210.45,5,205.38,442.09,1,0,Premium (High Spending)
Sharon Allen,252.58,1,80.73,252.58,1,2,Kasual (Low Spending)
Sharon Cochran,637.5,1,151.1,637.5,1,2,Kasual (Low Spending)
Sharon Duncan,88.5,1,34.56,88.5,1,2,Kasual (Low Spending)
Sharon Gibson,625.12,1,119.67,625.12,1,2,Kasual (Low Spending)
Sharon Gutierrez,1142.4,3,353.5,380.8,1,0,Premium (High Spending)
Sharon Hansen,594.02,1,107.04,594.02,1,2,Kasual (Low Spending)
Sharon Harmon,1943.43,3,241.96,647.81,1,0,Premium (High Spending)
Sharon Henry,117.6,1,36.68,117.6,1,2,Kasual (Low Spending)
Sharon Jimenez,816.3,2,266.93,408.15,1,3,Potensial (Average Spending)
Sharon Key,253.93,1,25.06,253.93,1,2,Kasual (Low Spending)
Sharon Lester,2048.22,2,244.86,1024.11,1,0,Premium (High Spending)
Sharon Lewis,501.28,2,214.9,250.64,1,3,Potensial (Average Spending)
Sharon Meyer,131.96,1,37.83,131.96,1,2,Kasual (Low Spending)
Sharon Miller,549.18,2,181.31,274.59,1,3,Potensial (Average Spending)
Sharon Nelson,531.19,1,116.12,531.19,1,2,Kasual (Low Spending)
Sharon Norton,546.76,2,178.72,273.38,1,3,Potensial (Average Spending)
Sharon Randall,147.48,1,17.82,147.48,1,2,Kasual (Low Spending)
Sharon Ray,1172.01,3,269.68,390.67,1,0,Premium (High Spending)
Sharon Reynolds,517.86,2,191.88,258.93,1,3,Potensial (Average Spending)
Sharon Rice,108.28,1,30.56,108.28,1,2,Kasual (Low Spending)
Sharon Roberts,511.77,3,46.71,170.59,1,3,Potensial (Average Spending)
Sharon Rodgers,64.87,1,22.97,64.87,1,2,Kasual (Low Spending)
Sharon Rodriguez,851.49,1,106.71,851.49,1,2,Kasual (Low Spending)
Sharon Salazar,760.96,4,355.01,190.24,1,0,Premium (High Spending)
Sharon Sharp,241.6,1,35.51,241.6,1,2,Kasual (Low Spending)
Sharon Sherman,47.44,1,8.55,47.44,1,2,Kasual (Low Spending)
Sharon Smith,338.52,2,100.05,169.26,1,3,Potensial (Average Spending)
Sharon Vargas,5382.3,5,946.7,1076.46,1,1,VIP (Top Buyers & High Quantity)
Sharon Wade,23.42,1,9.35,23.42,1,2,Kasual (Low Spending)
Sharon Wagner,25.04,1,6.75,25.04,1,2,Kasual (Low Spending)
Sharon Webb,695.85,1,93.03,695.85,1,2,Kasual (Low Spending)
Sharon Williamson,1031.5,2,154.22,515.75,1,3,Potensial (Average Spending)
Sharon Yoder,170.69,1,69.91,170.69,1,2,Kasual (Low Spending)
Shaun Anderson,69.32,2,25.67,34.66,1,3,Potensial (Average Spending)
Shaun Gomez,133.47,1,12.78,133.47,1,2,Kasual (Low Spending)
Shaun Johnson,151.04,1,24.18,151.04,1,2,Kasual (Low Spending)
Shaun Peters,276.17,1,110.66,276.17,1,2,Kasual (Low Spending)
Shaun Pollard,243.88,1,79.7,243.88,1,2,Kasual (Low Spending)
Shaun White,333.18,1,129.41,333.18,1,2,Kasual (Low Spending)
Shawn Adams,509.4,2,56.67,254.7,1,3,Potensial (Average Spending)
Shawn Anderson,904.66,2,188.15,452.33,1,3,Potensial (Average Spending)
Shawn Bailey,3840.16,4,453.27,960.04,1,1,VIP (Top Buyers & High Quantity)
Shawn Baker,661.25,1,77.31,661.25,1,2,Kasual (Low Spending)
Shawn Conner,251.97,3,67.47,83.99,1,3,Potensial (Average Spending)
Shawn Davis,228.47,1,46.83,228.47,1,2,Kasual (Low Spending)
Shawn Farley,1462.74,2,265.52,731.37,1,3,Potensial (Average Spending)
Shawn Garcia,758.76,3,325.03,273.8,2,0,Premium (High Spending)
Shawn Gross,215.87,1,91.15,215.87,1,2,Kasual (Low Spending)
Shawn Holland,352.43,1,108.92,352.43,1,2,Kasual (Low Spending)
Shawn Jennings,165.14,1,21.28,165.14,1,2,Kasual (Low Spending)
Shawn Johnson,659.78,4,201.78,235.77,2,3,Potensial (Average Spending)
Shawn Kelly,676.38,1,114.73,676.38,1,2,Kasual (Low Spending)
Shawn Lamb,198.15,1,65.5,198.15,1,2,Kasual (Low Spending)
Shawn Madden,404.19,3,159.97,134.73,1,3,Potensial (Average Spending)
Shawn Martinez,393.72,3,121.33,131.24,1,3,Potensial (Average Spending)
Shawn Richardson,1153.86,2,203.33,576.93,1,3,Potensial (Average Spending)
Shawn Roberson,1225.46,2,327.54,612.73,1,3,Potensial (Average Spending)
Shawn Shah,2373.88,4,443.81,593.47,1,0,Premium (High Spending)
Shawn Smith,259.58,1,39.78,259.58,1,2,Kasual (Low Spending)
Shawn Thompson,113.39,1,13.86,113.39,1,2,Kasual (Low Spending)
Shawn Vargas,654.21,3,205.1,218.07,1,3,Potensial (Average Spending)
Shawn Velazquez,3838.32,6,419.1,639.72,1,1,VIP (Top Buyers & High Quantity)
Shawn Walker,502.56,4,187.38,125.64,1,3,Potensial (Average Spending)
Shawn Washington,119.82,3,44.54,39.94,1,3,Potensial (Average Spending)
Shawn Wilcox,689.51,1,101.43,689.51,1,2,Kasual (Low Spending)
Shawn Wilson,326.05,1,136.37,326.05,1,2,Kasual (Low Spending)
Shawn Wise,336.46,1,89.86,336.46,1,2,Kasual (Low Spending)
Shawna Alvarez,273.89,1,38.63,273.89,1,2,Kasual (Low Spending)
Shawna Carpenter,355.56,1,129.52,355.56,1,2,Kasual (Low Spending)
Shawna Deleon,918.94,2,274.52,459.47,1,3,Potensial (Average Spending)
Shawna Rogers,2141.1,3,401.71,713.7,1,0,Premium (High Spending)
Sheena Moran,215.63,1,92.41,215.63,1,2,Kasual (Low Spending)
Sheila Brown,350.22,1,109.16,350.22,1,2,Kasual (Low Spending)
Sheila Bruce,2336.64,3,254.18,778.88,1,0,Premium (High Spending)
Sheila Daniels,1068.58,2,277.67,534.29,1,3,Potensial (Average Spending)
Sheila Douglas,106.2,1,37.47,106.2,1,2,Kasual (Low Spending)
Sheila Evans,652.49,1,71.62,652.49,1,2,Kasual (Low Spending)
Sheila Gaines,478.47,1,152.17,478.47,1,2,Kasual (Low Spending)
Sheila Lopez,4345.56,6,766.04,724.26,1,1,VIP (Top Buyers & High Quantity)
Sheila Mccoy MD,436.38,2,112.03,218.19,1,3,Potensial (Average Spending)
Sheila Morris,709.68,1,162.16,709.68,1,2,Kasual (Low Spending)
Sheila Perkins,450.46,2,178.06,225.23,1,3,Potensial (Average Spending)
Sheila Powell,343.55,1,105.4,343.55,1,2,Kasual (Low Spending)
Sheila Reed,467.26,2,68.5,233.63,1,3,Potensial (Average Spending)
Sheila Rowe,1798.84,2,329.35,899.42,1,0,Premium (High Spending)
Sheila Sanford,115.02,1,46.24,115.02,1,2,Kasual (Low Spending)
Sheila Shields,410.7,3,111.79,136.9,1,3,Potensial (Average Spending)
Sheila Smith,788.46,2,259.21,394.23,1,3,Potensial (Average Spending)
Sheila Tate,648.3,2,198.52,324.15,1,3,Potensial (Average Spending)
Sheila Tran,1119.92,2,255.97,559.96,1,3,Potensial (Average Spending)
Sheila Walters,123.46,1,50.33,123.46,1,2,Kasual (Low Spending)
Sheila Williams,766.9,2,98.38,383.45,1,3,Potensial (Average Spending)
Sheila Zamora,642.43,1,123.53,642.43,1,2,Kasual (Low Spending)
Shelby Alexander,1074.45,5,182.87,214.89,1,0,Premium (High Spending)
Shelby Allen,1699.48,2,221.34,849.74,1,3,Potensial (Average Spending)
Shelby Barron,230.58,3,81.04,76.86,1,3,Potensial (Average Spending)
Shelby Davenport,57.14,1,13.25,57.14,1,2,Kasual (Low Spending)
Shelby Davis,66.73,1,18.25,66.73,1,2,Kasual (Low Spending)
Shelby Freeman,1842.88,2,243.36,921.44,1,0,Premium (High Spending)
Shelby Manning DDS,529.94,1,87.44,529.94,1,2,Kasual (Low Spending)
Shelby Mueller,326.36,2,107.07,163.18,1,3,Potensial (Average Spending)
Shelby Reed,3715.64,4,415.99,928.91,1,1,VIP (Top Buyers & High Quantity)
Shelby Winters,1395.76,2,119.32,697.88,1,3,Potensial (Average Spending)
Shelby Wood,765.27,1,165.31,765.27,1,2,Kasual (Low Spending)
Shelia Lawson,58.93,1,11.15,58.93,1,2,Kasual (Low Spending)
Shelia Mason,463.38,2,70.21,231.69,1,3,Potensial (Average Spending)
Shelia Mcpherson,888.42,1,247.36,888.42,1,2,Kasual (Low Spending)
Shelley Conley,605.64,1,85.88,605.64,1,2,Kasual (Low Spending)
Shelley King,1145.54,1,171.3,1145.54,1,2,Kasual (Low Spending)
Shelley Price,426.38,2,137.26,213.19,1,3,Potensial (Average Spending)
Shelley Scott,503.48,2,159.32,251.74,1,3,Potensial (Average Spending)
Shelley Trujillo,351.54,1,49.74,351.54,1,2,Kasual (Low Spending)
Shelley Williams,229.14,2,69.43,114.57,1,3,Potensial (Average Spending)
Shelley Wright,1822.54,2,183.69,911.27,1,3,Potensial (Average Spending)
Shelly Conrad,56.57,1,9.76,56.57,1,2,Kasual (Low Spending)
Shelly Johnson,1465.36,2,435.93,732.68,1,0,Premium (High Spending)
Shelly Le,184.23,3,70.93,61.41,1,3,Potensial (Average Spending)
Shelly Roman,432.03,3,129.3,144.01,1,3,Potensial (Average Spending)
Shelly Stewart,1241.0,2,149.9,620.5,1,3,Potensial (Average Spending)
Shelly Wells,869.77,1,81.54,869.77,1,2,Kasual (Low Spending)
Shelly Williams,238.85,1,87.36,238.85,1,2,Kasual (Low Spending)
Sheri Elliott,286.64,2,37.47,143.32,1,3,Potensial (Average Spending)
Sheri Hicks,197.65,1,57.86,197.65,1,2,Kasual (Low Spending)
Sheri Smith,932.24,1,197.62,932.24,1,2,Kasual (Low Spending)
Sheri Turner,246.66,1,107.18,246.66,1,2,Kasual (Low Spending)
Sheri Wong,247.44,3,50.58,82.48,1,3,Potensial (Average Spending)
Sherri Bennett,303.02,2,132.14,151.51,1,3,Potensial (Average Spending)
Sherri Burns,2965.25,5,639.2,593.05,1,1,VIP (Top Buyers & High Quantity)
Sherri Dyer,223.82,2,53.93,111.91,1,3,Potensial (Average Spending)
Sherri Harmon,785.91,1,112.48,785.91,1,2,Kasual (Low Spending)
Sherri Martin,530.46,6,257.93,88.41,1,0,Premium (High Spending)
Sherri Rodriguez,104.84,1,50.03,104.84,1,2,Kasual (Low Spending)
Sherry Allen,164.28,1,18.97,164.28,1,2,Kasual (Low Spending)
Sherry Armstrong,1130.78,2,211.53,565.39,1,3,Potensial (Average Spending)
Sherry Burgess,1032.48,1,202.97,1032.48,1,2,Kasual (Low Spending)
Sherry Carpenter,2354.19,3,367.22,784.73,1,0,Premium (High Spending)
Sherry Castaneda,573.14,1,129.53,573.14,1,2,Kasual (Low Spending)
Sherry Delgado,74.33,1,19.43,74.33,1,2,Kasual (Low Spending)
Sherry Hernandez,380.72,2,127.52,190.36,1,3,Potensial (Average Spending)
Sherry Howard,1387.78,2,313.05,693.89,1,0,Premium (High Spending)
Sherry Keith,2755.2,3,452.87,918.4,1,0,Premium (High Spending)
Sherry Miller,156.78,1,35.97,156.78,1,2,Kasual (Low Spending)
Sherry Nguyen,217.62,1,96.98,217.62,1,2,Kasual (Low Spending)
Sherry Stark,2690.07,3,389.4,896.69,1,0,Premium (High Spending)
Sherry White,477.36,3,68.94,159.12,1,3,Potensial (Average Spending)
Sheryl Best,813.47,1,180.92,813.47,1,2,Kasual (Low Spending)
Sheryl Rojas,100.78,1,37.59,100.78,1,2,Kasual (Low Spending)
Sheryl Ross,827.43,1,111.21,827.43,1,2,Kasual (Low Spending)
Sheryl Roy,461.78,2,166.91,230.89,1,3,Potensial (Average Spending)
Shirley Alvarez,328.94,1,115.58,328.94,1,2,Kasual (Low Spending)
Shirley Bernard,807.26,1,103.27,807.26,1,2,Kasual (Low Spending)
Shirley Hayes,314.9,2,147.99,157.45,1,3,Potensial (Average Spending)
Shirley Holland,70.95,3,14.5,23.65,1,3,Potensial (Average Spending)
Shirley Kelly,744.88,1,90.34,744.88,1,2,Kasual (Low Spending)
Shirley Myers,147.76,1,43.11,147.76,1,2,Kasual (Low Spending)
Shirley Thomas,431.43,1,169.74,431.43,1,2,Kasual (Low Spending)
Sierra Bishop,1144.54,2,173.57,572.27,1,3,Potensial (Average Spending)
Sierra Casey,196.81,1,74.68,196.81,1,2,Kasual (Low Spending)
Sierra Castillo,382.24,4,63.29,95.56,1,3,Potensial (Average Spending)
Sierra Garcia,1414.5,3,237.71,471.5,1,0,Premium (High Spending)
Sierra Hernandez,260.4,5,116.81,52.08,1,3,Potensial (Average Spending)
Sierra Johnson,3244.86,3,925.93,1081.62,1,1,VIP (Top Buyers & High Quantity)
Sierra Lopez,486.79,1,55.42,486.79,1,2,Kasual (Low Spending)
Sierra Mclaughlin,246.58,1,40.06,246.58,1,2,Kasual (Low Spending)
Sierra Parks,320.49,1,62.34,320.49,1,2,Kasual (Low Spending)
Sierra Reyes,1579.76,2,176.13,789.88,1,3,Potensial (Average Spending)
Sierra Santana,658.15,1,120.77,658.15,1,2,Kasual (Low Spending)
Sierra Smith,552.08,4,117.71,138.02,1,3,Potensial (Average Spending)
Sierra Thompson,655.98,2,98.8,327.99,1,3,Potensial (Average Spending)
Sierra Wang,181.7,1,48.82,181.7,1,2,Kasual (Low Spending)
Sierra Webb,176.6,1,16.62,176.6,1,2,Kasual (Low Spending)
Sonia Bryant,524.75,1,75.65,524.75,1,2,Kasual (Low Spending)
Sonia Davis,861.24,1,90.89,861.24,1,2,Kasual (Low Spending)
Sonia Patterson,407.32,1,83.29,407.32,1,2,Kasual (Low Spending)
Sonia Phillips,883.75,1,217.52,883.75,1,2,Kasual (Low Spending)
Sonia Smith,933.98,2,107.75,466.99,1,3,Potensial (Average Spending)
Sonya Holmes,402.93,1,138.05,402.93,1,2,Kasual (Low Spending)
Sonya Jackson,1144.35,3,306.76,381.45,1,0,Premium (High Spending)
Sonya Johnson,175.34,1,43.59,175.34,1,2,Kasual (Low Spending)
Sonya Mills,1643.16,3,426.99,547.72,1,0,Premium (High Spending)
Sonya Palmer,848.93,1,283.16,848.93,1,2,Kasual (Low Spending)
Sonya Williams,358.77,1,37.9,358.77,1,2,Kasual (Low Spending)
Sophia Daniels,377.89,1,134.32,377.89,1,2,Kasual (Low Spending)
Sophia Thomas,174.91,1,70.28,174.91,1,2,Kasual (Low Spending)
Spencer Guerrero,219.4,2,89.5,109.7,1,3,Potensial (Average Spending)
Spencer Lee,216.36,2,68.01,108.18,1,3,Potensial (Average Spending)
Spencer Silva,316.34,2,74.87,158.17,1,3,Potensial (Average Spending)
Spencer Sloan,799.22,1,142.59,799.22,1,2,Kasual (Low Spending)
Spencer Solis,875.8,4,378.23,218.95,1,0,Premium (High Spending)
Spencer Taylor,763.58,2,136.24,381.79,1,3,Potensial (Average Spending)
Spencer White,842.41,1,234.28,842.41,1,2,Kasual (Low Spending)
Stacey Adams,1516.98,3,298.4,505.66,1,0,Premium (High Spending)
Stacey Anderson,421.36,1,113.74,421.36,1,2,Kasual (Low Spending)
Stacey Bell,189.88,1,47.9,189.88,1,2,Kasual (Low Spending)
Stacey Church,522.57,1,82.32,522.57,1,2,Kasual (Low Spending)
Stacey Cunningham,1830.48,3,206.08,610.16,1,0,Premium (High Spending)
Stacey Evans,221.63,1,66.32,221.63,1,2,Kasual (Low Spending)
Stacey Grant,819.78,1,140.2,819.78,1,2,Kasual (Low Spending)
Stacey Hayes,1271.55,3,317.23,423.85,1,0,Premium (High Spending)
Stacey Holder,3534.04,4,786.05,883.51,1,1,VIP (Top Buyers & High Quantity)
Stacey Howell,453.12,1,81.2,453.12,1,2,Kasual (Low Spending)
Stacey Jackson,395.45,1,54.19,395.45,1,2,Kasual (Low Spending)
Stacey Johnson,530.95,1,155.22,530.95,1,2,Kasual (Low Spending)
Stacey Luna PhD,94.47,1,22.3,94.47,1,2,Kasual (Low Spending)
Stacey Mason,1966.71,3,387.63,655.57,1,0,Premium (High Spending)
Stacey Mcdowell,837.86,2,270.51,418.93,1,3,Potensial (Average Spending)
Stacey Reyes,119.08,2,42.34,59.54,1,3,Potensial (Average Spending)
Stacey Roberts,107.25,1,23.26,107.25,1,2,Kasual (Low Spending)
Stacey Rosario,422.44,1,70.15,422.44,1,2,Kasual (Low Spending)
Stacey Sanders,184.73,1,54.77,184.73,1,2,Kasual (Low Spending)
Stacey Smith,2483.78,4,392.58000000000004,426.84,2,0,Premium (High Spending)
Stacey Sullivan,1068.66,6,285.29,178.11,1,0,Premium (High Spending)
Stacey Thomas,1443.64,2,386.41,721.82,1,0,Premium (High Spending)
Stacey Wheeler,300.99,1,39.64,300.99,1,2,Kasual (Low Spending)
Stacey Woods,434.74,2,195.99,217.37,1,3,Potensial (Average Spending)
Stacie Nguyen,189.43,1,84.85,189.43,1,2,Kasual (Low Spending)
Stacy Allen,643.26,1,77.51,643.26,1,2,Kasual (Low Spending)
Stacy Anderson,817.85,1,146.73,817.85,1,2,Kasual (Low Spending)
Stacy Blake,456.5,2,221.53,228.25,1,3,Potensial (Average Spending)
Stacy Chen,816.43,1,110.7,816.43,1,2,Kasual (Low Spending)
Stacy Christian,284.85,1,111.53,284.85,1,2,Kasual (Low Spending)
Stacy Delgado,1473.08,4,367.24,368.27,1,0,Premium (High Spending)
Stacy Dixon,84.55,1,21.69,84.55,1,2,Kasual (Low Spending)
Stacy Giles,970.86,2,87.22,485.43,1,3,Potensial (Average Spending)
Stacy Gray,488.25,3,159.52,162.75,1,3,Potensial (Average Spending)
Stacy Lester,622.24,1,175.44,622.24,1,2,Kasual (Low Spending)
Stacy Lewis,139.42,2,50.25,69.71,1,3,Potensial (Average Spending)
Stacy Lucas,364.12,1,138.55,364.12,1,2,Kasual (Low Spending)
Stacy Mcneil,1082.84,1,183.02,1082.84,1,2,Kasual (Low Spending)
Stacy Moore,1291.46,2,223.71,645.73,1,3,Potensial (Average Spending)
Stacy Morgan,246.3,1,75.43,246.3,1,2,Kasual (Low Spending)
Stacy Murray,185.18,1,56.72,185.18,1,2,Kasual (Low Spending)
Stacy Osborne,354.8,1,78.76,354.8,1,2,Kasual (Low Spending)
Stacy Parker,529.78,2,132.93,264.89,1,3,Potensial (Average Spending)
Stacy Patterson,859.36,1,114.85,859.36,1,2,Kasual (Low Spending)
Stacy Richards,63.85,1,26.95,63.85,1,2,Kasual (Low Spending)
Stacy Snow,615.92,1,168.86,615.92,1,2,Kasual (Low Spending)
Stacy Wallace,142.28,2,69.32,71.14,1,3,Potensial (Average Spending)
Stacy Wheeler,469.5,1,72.02,469.5,1,2,Kasual (Low Spending)
Stanley Hanna,77.26,1,23.39,77.26,1,2,Kasual (Low Spending)
Stanley Mclaughlin,500.86,2,128.77,250.43,1,3,Potensial (Average Spending)
Stefanie Romero,391.32,1,62.58,391.32,1,2,Kasual (Low Spending)
Stephanie Allen,968.6899999999999,4,214.17000000000002,269.91333333333336,3,0,Premium (High Spending)
Stephanie Anderson,385.84,2,117.02,192.92,1,3,Potensial (Average Spending)
Stephanie Baker,1374.03,3,433.06,458.01,1,0,Premium (High Spending)
Stephanie Barber,374.98,1,87.72,374.98,1,2,Kasual (Low Spending)
Stephanie Baxter,822.55,1,105.51,822.55,1,2,Kasual (Low Spending)
Stephanie Benson,863.34,2,289.74,431.67,1,3,Potensial (Average Spending)
Stephanie Boone,1123.14,3,302.0,374.38,1,0,Premium (High Spending)
Stephanie Bowman,320.22,1,141.28,320.22,1,2,Kasual (Low Spending)
Stephanie Boyd,1455.72,3,289.09,485.24,1,0,Premium (High Spending)
Stephanie Bryan,862.24,2,213.92,431.12,1,3,Potensial (Average Spending)
Stephanie Burns,870.16,1,156.38,870.16,1,2,Kasual (Low Spending)
Stephanie Carr,682.51,1,109.59,682.51,1,2,Kasual (Low Spending)
Stephanie Davis,393.57,3,125.19,131.19,1,3,Potensial (Average Spending)
Stephanie Dawson,53.36,1,13.71,53.36,1,2,Kasual (Low Spending)
Stephanie Doyle,337.53,1,61.95,337.53,1,2,Kasual (Low Spending)
Stephanie Ellis,936.02,1,149.27,936.02,1,2,Kasual (Low Spending)
Stephanie Fitzgerald,356.48,2,127.12,178.24,1,3,Potensial (Average Spending)
Stephanie Flores,1125.92,8,302.97,140.74,2,1,VIP (Top Buyers & High Quantity)
Stephanie Foster,1542.25,5,159.29,308.45,1,0,Premium (High Spending)
Stephanie Gates DDS,114.85,1,37.71,114.85,1,2,Kasual (Low Spending)
Stephanie Glenn,2612.16,3,740.33,870.72,1,1,VIP (Top Buyers & High Quantity)
Stephanie Gonzalez,489.22,1,69.48,489.22,1,2,Kasual (Low Spending)
Stephanie Goodman,798.37,1,65.72,798.37,1,2,Kasual (Low Spending)
Stephanie Graham,716.22,3,234.71,213.335,2,3,Potensial (Average Spending)
Stephanie Gross,1401.51,3,149.31,467.17,1,3,Potensial (Average Spending)
Stephanie Hamilton,922.17,3,405.55,307.39,1,0,Premium (High Spending)
Stephanie Harris,3011.94,8,580.05,434.08,3,1,VIP (Top Buyers & High Quantity)
Stephanie Hensley,406.98,2,147.21,203.49,1,3,Potensial (Average Spending)
Stephanie Jackson,37.56,1,9.54,37.56,1,2,Kasual (Low Spending)
Stephanie Johnson,2033.19,7,394.7,407.85999999999996,3,1,VIP (Top Buyers & High Quantity)
Stephanie Johnston,2290.96,3,339.14,726.075,2,0,Premium (High Spending)
Stephanie Kane,86.34,1,16.55,86.34,1,2,Kasual (Low Spending)
Stephanie Keller,705.15,3,298.92,235.05,1,3,Potensial (Average Spending)
Stephanie Kennedy,351.57,1,109.48,351.57,1,2,Kasual (Low Spending)
Stephanie Kim,1219.44,3,306.32,406.48,1,0,Premium (High Spending)
Stephanie Kline,2741.28,3,757.33,913.76,1,1,VIP (Top Buyers & High Quantity)
Stephanie Lang,880.61,1,283.53,880.61,1,2,Kasual (Low Spending)
Stephanie Lucero,1305.2,2,180.86,652.6,1,3,Potensial (Average Spending)
Stephanie Mason,1364.39,1,148.31,1364.39,1,2,Kasual (Low Spending)
Stephanie Mckenzie,852.24,2,246.07,426.12,1,3,Potensial (Average Spending)
Stephanie Mckinney,234.16,1,58.85,234.16,1,2,Kasual (Low Spending)
Stephanie Melendez,179.49,1,53.91,179.49,1,2,Kasual (Low Spending)
Stephanie Miller,217.02,2,47.96,108.51,1,3,Potensial (Average Spending)
Stephanie Montoya,300.35,1,55.1,300.35,1,2,Kasual (Low Spending)
Stephanie Moody,401.58,3,58.96,133.86,1,3,Potensial (Average Spending)
Stephanie Moore,227.89,1,18.74,227.89,1,2,Kasual (Low Spending)
Stephanie Mullen,3420.24,4,679.11,855.06,1,1,VIP (Top Buyers & High Quantity)
Stephanie Myers,455.64,2,54.02,227.82,1,3,Potensial (Average Spending)
Stephanie Navarro,687.49,1,123.63,687.49,1,2,Kasual (Low Spending)
Stephanie Nguyen,1779.28,4,323.81,444.82,2,0,Premium (High Spending)
Stephanie Orozco,348.48,1,97.34,348.48,1,2,Kasual (Low Spending)
Stephanie Page,478.14,2,163.98,239.07,1,3,Potensial (Average Spending)
Stephanie Pena,893.92,4,304.91,223.48,1,0,Premium (High Spending)
Stephanie Perez,713.67,1,124.93,713.67,1,2,Kasual (Low Spending)
Stephanie Peterson,1074.2,4,361.57,268.55,1,0,Premium (High Spending)
Stephanie Phillips,837.4000000000001,3,313.84000000000003,234.965,2,0,Premium (High Spending)
Stephanie Potts,910.45,3,279.64,332.27,2,0,Premium (High Spending)
Stephanie Robinson,88.35,1,39.64,88.35,1,2,Kasual (Low Spending)
Stephanie Rodriguez,461.33,1,119.01,461.33,1,2,Kasual (Low Spending)
Stephanie Roth,865.2,5,364.53,173.04,1,0,Premium (High Spending)
Stephanie Ruiz,363.28,1,95.86,363.28,1,2,Kasual (Low Spending)
Stephanie Sanchez,920.24,3,247.63,383.7,2,3,Potensial (Average Spending)
Stephanie Shannon,309.02,1,66.03,309.02,1,2,Kasual (Low Spending)
Stephanie Smith,295.22,2,61.38,147.61,1,3,Potensial (Average Spending)
Stephanie Spencer,2595.24,4,402.77,648.81,1,0,Premium (High Spending)
Stephanie Thompson,1883.73,3,262.12,528.47,2,0,Premium (High Spending)
Stephanie Trujillo,222.05,1,28.45,222.05,1,2,Kasual (Low Spending)
Stephanie Vargas,2929.72,4,267.15,732.43,1,0,Premium (High Spending)
Stephanie Velasquez,478.42,1,126.04,478.42,1,2,Kasual (Low Spending)
Stephanie Wade,1360.11,3,169.07,453.37,1,3,Potensial (Average Spending)
Stephanie Walls,904.73,1,141.62,904.73,1,2,Kasual (Low Spending)
Stephanie Walter,415.96,1,181.27,415.96,1,2,Kasual (Low Spending)
Stephanie Washington,1481.44,3,471.95,597.395,2,0,Premium (High Spending)
Stephanie Wells,427.92,3,144.4,142.64,1,3,Potensial (Average Spending)
Stephanie Wilkins,508.44,2,80.65,254.22,1,3,Potensial (Average Spending)
Stephanie Williams,1623.79,5,294.54,309.5575,4,0,Premium (High Spending)
Stephanie Wilson,218.71,1,91.93,218.71,1,2,Kasual (Low Spending)
Stephanie Winters,3040.56,4,977.94,760.14,1,1,VIP (Top Buyers & High Quantity)
Stephanie Wright,1408.68,4,542.13,369.94,2,0,Premium (High Spending)
Stephanie Wu,444.76,1,63.71,444.76,1,2,Kasual (Low Spending)
Stephanie Yang,434.5,2,132.11,217.25,1,3,Potensial (Average Spending)
Stephen Allison,663.39,1,221.3,663.39,1,2,Kasual (Low Spending)
Stephen Ayala,1794.04,2,343.36,897.02,1,0,Premium (High Spending)
Stephen Bailey,388.35,3,139.67,129.45,1,3,Potensial (Average Spending)
Stephen Ballard,2139.26,2,448.75,1069.63,1,0,Premium (High Spending)
Stephen Beltran,1530.08,2,256.15,765.04,1,3,Potensial (Average Spending)
Stephen Bullock,410.01,1,148.62,410.01,1,2,Kasual (Low Spending)
Stephen Calderon,708.96,2,226.64,354.48,1,3,Potensial (Average Spending)
Stephen Castillo,686.8,5,266.54,137.36,1,0,Premium (High Spending)
Stephen Chase,203.9,1,67.56,203.9,1,2,Kasual (Low Spending)
Stephen Clark,250.1,1,81.69,250.1,1,2,Kasual (Low Spending)
Stephen Coleman,171.17,1,64.1,171.17,1,2,Kasual (Low Spending)
Stephen Cook,303.21,1,52.8,303.21,1,2,Kasual (Low Spending)
Stephen Cortez,538.15,1,180.44,538.15,1,2,Kasual (Low Spending)
Stephen Dunn,150.05,1,40.24,150.05,1,2,Kasual (Low Spending)
Stephen Farmer,1223.83,1,410.25,1223.83,1,3,Potensial (Average Spending)
Stephen Fitzgerald,589.91,1,129.84,589.91,1,2,Kasual (Low Spending)
Stephen Garcia,390.51,1,87.12,390.51,1,2,Kasual (Low Spending)
Stephen Garner,218.08,1,38.47,218.08,1,2,Kasual (Low Spending)
Stephen Golden,445.34,2,63.63,222.67,1,3,Potensial (Average Spending)
Stephen Grant,3842.12,4,377.44,960.53,1,0,Premium (High Spending)
Stephen Graves,305.68,2,63.49,152.84,1,3,Potensial (Average Spending)
Stephen Hall,234.61,1,86.79,234.61,1,2,Kasual (Low Spending)
Stephen Hanson,1856.66,2,164.42,928.33,1,3,Potensial (Average Spending)
Stephen Holden,518.96,2,88.69,259.48,1,3,Potensial (Average Spending)
Stephen Howell,446.17,1,141.21,446.17,1,2,Kasual (Low Spending)
Stephen Johnson,28.0,1,5.62,28.0,1,2,Kasual (Low Spending)
Stephen Jones,1382.0299999999997,8,456.2,232.95333333333335,3,1,VIP (Top Buyers & High Quantity)
Stephen Kennedy,233.96,1,43.86,233.96,1,2,Kasual (Low Spending)
Stephen Kirby,935.54,1,221.88,935.54,1,2,Kasual (Low Spending)
Stephen Knox,344.55,1,63.44,344.55,1,2,Kasual (Low Spending)
Stephen Levine,1428.04,2,177.21,714.02,1,3,Potensial (Average Spending)
Stephen Lopez,1341.12,2,344.73,670.56,1,0,Premium (High Spending)
Stephen Lynch,152.58,1,68.38,152.58,1,2,Kasual (Low Spending)
Stephen Mccarthy,119.19,1,21.13,119.19,1,2,Kasual (Low Spending)
Stephen Mccormick,218.1,1,89.91,218.1,1,2,Kasual (Low Spending)
Stephen Mcknight,1270.54,2,175.42,635.27,1,3,Potensial (Average Spending)
Stephen Mercer,557.58,2,53.94,278.79,1,3,Potensial (Average Spending)
Stephen Morris,778.26,1,153.73,778.26,1,2,Kasual (Low Spending)
Stephen Murray,425.1,2,146.48,212.55,1,3,Potensial (Average Spending)
Stephen Myers,631.32,3,148.36,210.44,1,3,Potensial (Average Spending)
Stephen Nichols,256.2,2,94.56,128.1,1,3,Potensial (Average Spending)
Stephen Pearson,798.08,1,251.52,798.08,1,2,Kasual (Low Spending)
Stephen Peterson,239.92,1,56.91,239.92,1,2,Kasual (Low Spending)
Stephen Preston,410.79,3,163.01,136.93,1,3,Potensial (Average Spending)
Stephen Riley,312.46,2,136.73,156.23,1,3,Potensial (Average Spending)
Stephen Rios,77.58,3,33.3,25.86,1,3,Potensial (Average Spending)
Stephen Rivera,1124.88,2,204.33,562.44,1,3,Potensial (Average Spending)
Stephen Roberts,285.64,4,99.09,71.41,1,3,Potensial (Average Spending)
Stephen Robinson,182.56,2,37.02,91.28,1,3,Potensial (Average Spending)
Stephen Rodriguez,571.24,4,103.57,142.81,1,3,Potensial (Average Spending)
Stephen Ross,306.62,1,126.17,306.62,1,2,Kasual (Low Spending)
Stephen Roy,395.16,2,153.24,197.58,1,3,Potensial (Average Spending)
Stephen Schroeder,210.91,1,89.87,210.91,1,2,Kasual (Low Spending)
Stephen Scott,460.12,1,132.55,460.12,1,2,Kasual (Low Spending)
Stephen Smith,367.89,3,117.69,122.63,1,3,Potensial (Average Spending)
Stephen Stephens,724.13,1,185.46,724.13,1,2,Kasual (Low Spending)
Stephen Stewart,391.16,2,157.75,195.58,1,3,Potensial (Average Spending)
Stephen Taylor,373.24,2,91.43,186.62,1,3,Potensial (Average Spending)
Stephen Taylor Jr.,851.28,3,99.9,283.76,1,3,Potensial (Average Spending)
Stephen Thomas,207.58,2,79.83,103.79,1,3,Potensial (Average Spending)
Stephen Torres,54.38,1,18.99,54.38,1,2,Kasual (Low Spending)
Stephen Tucker,265.84,2,70.58,132.92,1,3,Potensial (Average Spending)
Stephen Walker,672.6600000000001,2,136.43,336.33000000000004,2,3,Potensial (Average Spending)
Stephen Waller,396.3,1,107.42,396.3,1,2,Kasual (Low Spending)
Stephen West,283.54,2,76.61,141.77,1,3,Potensial (Average Spending)
Stephen Wilson,271.57,1,25.02,271.57,1,2,Kasual (Low Spending)
Stephen Wright,131.55,1,22.03,131.55,1,2,Kasual (Low Spending)
Steve Allen,905.06,2,261.28,452.53,1,3,Potensial (Average Spending)
Steve Barker,94.47,1,45.21,94.47,1,2,Kasual (Low Spending)
Steve Brown,220.26,1,81.04,220.26,1,2,Kasual (Low Spending)
Steve Cruz,349.56,2,76.01,174.78,1,3,Potensial (Average Spending)
Steve Hodges,121.83,1,23.25,121.83,1,2,Kasual (Low Spending)
Steve Maynard,532.1,2,140.42,266.05,1,3,Potensial (Average Spending)
Steve Perry,439.66,1,75.04,439.66,1,2,Kasual (Low Spending)
Steve Roberts,230.71,1,108.01,230.71,1,2,Kasual (Low Spending)
Steve Sanchez,1608.18,2,300.81,804.09,1,0,Premium (High Spending)
Steve Stevens,207.05,1,46.98,207.05,1,2,Kasual (Low Spending)
Steve Taylor,206.52,1,78.79,206.52,1,2,Kasual (Low Spending)
Steve Wu,205.84,1,73.2,205.84,1,2,Kasual (Low Spending)
Steven Aguilar,532.46,1,185.43,532.46,1,2,Kasual (Low Spending)
Steven Armstrong,22.68,1,7.32,22.68,1,2,Kasual (Low Spending)
Steven Bailey,1747.86,3,334.37,582.62,1,0,Premium (High Spending)
Steven Berry,511.14,2,120.78,255.57,1,3,Potensial (Average Spending)
Steven Bryant,356.64,1,46.01,356.64,1,2,Kasual (Low Spending)
Steven Caldwell,1794.34,2,219.42,897.17,1,3,Potensial (Average Spending)
Steven Campbell,585.49,1,47.15,585.49,1,2,Kasual (Low Spending)
Steven Cardenas,835.34,1,148.99,835.34,1,2,Kasual (Low Spending)
Steven Castillo,1540.44,2,196.03,770.22,1,3,Potensial (Average Spending)
Steven Chung,56.69,1,24.9,56.69,1,2,Kasual (Low Spending)
Steven Clark,403.84000000000003,2,94.08000000000001,201.92000000000002,2,3,Potensial (Average Spending)
Steven Clay,283.1,2,85.77,141.55,1,3,Potensial (Average Spending)
Steven Collier,101.7,1,25.67,101.7,1,2,Kasual (Low Spending)
Steven Cooper,477.89,1,84.52,477.89,1,2,Kasual (Low Spending)
Steven Crane,2406.94,2,417.43,1203.47,1,0,Premium (High Spending)
Steven Davis,1722.29,3,381.78999999999996,476.015,2,0,Premium (High Spending)
Steven Ellis,1331.2,2,233.57,665.6,1,3,Potensial (Average Spending)
Steven Erickson,544.98,3,125.12,181.66,1,3,Potensial (Average Spending)
Steven Escobar,221.16,1,85.98,221.16,1,2,Kasual (Low Spending)
Steven Farmer,1036.95,3,245.79,345.65,1,3,Potensial (Average Spending)
Steven Fernandez,1224.4,2,204.87,612.2,1,3,Potensial (Average Spending)
Steven Garrison,654.82,2,276.88,327.41,1,3,Potensial (Average Spending)
Steven Golden,1151.92,3,144.45,468.29,2,3,Potensial (Average Spending)
Steven Greer,67.76,1,25.96,67.76,1,2,Kasual (Low Spending)
Steven Griffith,161.94,3,57.44,53.98,1,3,Potensial (Average Spending)
Steven Griffith III,1175.04,2,154.33,587.52,1,3,Potensial (Average Spending)
Steven Hamilton,2313.36,3,284.36,771.12,1,0,Premium (High Spending)
Steven Hardy,499.57,1,67.04,499.57,1,2,Kasual (Low Spending)
Steven Harris,846.1600000000001,2,171.41,423.08000000000004,2,3,Potensial (Average Spending)
Steven Harrison,1923.42,2,285.46,961.71,1,0,Premium (High Spending)
Steven Hernandez,593.38,3,89.94,196.325,2,3,Potensial (Average Spending)
Steven Hill,2256.4,5,890.22,451.28,1,1,VIP (Top Buyers & High Quantity)
Steven Holden,986.92,1,101.57,986.92,1,2,Kasual (Low Spending)
Steven Horne,213.76,1,47.6,213.76,1,2,Kasual (Low Spending)
Steven Howe,893.22,2,205.21,446.61,1,3,Potensial (Average Spending)
Steven Hudson,868.12,2,302.48,434.06,1,3,Potensial (Average Spending)
Steven Johnson,1870.57,7,231.3,251.625,4,0,Premium (High Spending)
Steven Jones,513.5799999999999,2,104.83,256.78999999999996,2,3,Potensial (Average Spending)
Steven Kidd,536.01,3,92.36,178.67,1,3,Potensial (Average Spending)
Steven Kim,609.7,2,228.68,304.85,2,3,Potensial (Average Spending)
Steven King,151.66,1,61.94,151.66,1,2,Kasual (Low Spending)
Steven Lewis,3252.2,4,548.05,813.05,1,1,VIP (Top Buyers & High Quantity)
Steven Maldonado,387.13,1,131.95,387.13,1,2,Kasual (Low Spending)
Steven Mann,883.55,1,266.62,883.55,1,2,Kasual (Low Spending)
Steven Martin,2650.5,3,337.23,883.5,1,0,Premium (High Spending)
Steven Mathis DDS,72.84,1,32.6,72.84,1,2,Kasual (Low Spending)
Steven May,1916.78,2,328.83,958.39,1,0,Premium (High Spending)
Steven Mcdonald,788.17,1,251.94,788.17,1,2,Kasual (Low Spending)
Steven Mcdowell,1295.34,3,198.38,431.78,1,3,Potensial (Average Spending)
Steven Mcpherson,232.41,3,53.53,77.47,1,3,Potensial (Average Spending)
Steven Miller,793.18,2,115.59,396.59,1,3,Potensial (Average Spending)
Steven Mills,175.59,1,86.45,175.59,1,2,Kasual (Low Spending)
Steven Moore,288.12,3,90.24,96.04,1,3,Potensial (Average Spending)
Steven Mullins,474.85,1,151.18,474.85,1,2,Kasual (Low Spending)
Steven Myers,1408.89,3,348.77,469.63,1,0,Premium (High Spending)
Steven Neal,781.26,2,76.6,390.63,1,3,Potensial (Average Spending)
Steven Nielsen,602.06,1,100.56,602.06,1,2,Kasual (Low Spending)
Steven Nolan,211.7,2,76.45,105.85,1,3,Potensial (Average Spending)
Steven Owen,356.17,1,160.0,356.17,1,2,Kasual (Low Spending)
Steven Parrish,715.76,4,312.11,178.94,1,0,Premium (High Spending)
Steven Perez,1193.04,4,473.8,298.26,1,0,Premium (High Spending)
Steven Price,1599.6,4,345.08,399.9,1,0,Premium (High Spending)
Steven Reyes,44.84,1,8.73,44.84,1,2,Kasual (Low Spending)
Steven Roberts,335.17,1,100.93,335.17,1,2,Kasual (Low Spending)
Steven Robinson,439.92,2,146.0,219.96,1,3,Potensial (Average Spending)
Steven Rodriguez,279.0,1,100.97,279.0,1,2,Kasual (Low Spending)
Steven Rubio,206.68,2,31.37,103.34,1,3,Potensial (Average Spending)
Steven Russell,434.34,2,107.97,217.17,1,3,Potensial (Average Spending)
Steven Santana,169.9,1,37.43,169.9,1,2,Kasual (Low Spending)
Steven Shepherd,682.76,2,92.8,341.38,1,3,Potensial (Average Spending)
Steven Silva,1447.66,2,246.64,723.83,1,3,Potensial (Average Spending)
Steven Singleton,1303.36,2,182.57,651.68,1,3,Potensial (Average Spending)
Steven Sloan,452.67,1,170.12,452.67,1,2,Kasual (Low Spending)
Steven Smith,359.88,3,157.72,132.165,2,3,Potensial (Average Spending)
Steven Stanley,744.41,1,114.58,744.41,1,2,Kasual (Low Spending)
Steven Stokes,895.35,1,307.52,895.35,1,2,Kasual (Low Spending)
Steven Thomas,265.82,1,108.04,265.82,1,2,Kasual (Low Spending)
Steven Thompson,718.15,2,161.34,359.075,2,3,Potensial (Average Spending)
Steven Valencia,349.21,1,112.66,349.21,1,2,Kasual (Low Spending)
Steven Wagner,814.37,1,157.41,814.37,1,2,Kasual (Low Spending)
Steven Ward,755.0,1,84.66,755.0,1,2,Kasual (Low Spending)
Steven Webb,399.03,1,105.14,399.03,1,2,Kasual (Low Spending)
Steven Williams,172.6,1,33.43,172.6,1,2,Kasual (Low Spending)
Steven Wise,389.48,2,159.31,194.74,1,3,Potensial (Average Spending)
Steven Wyatt,810.12,2,107.64,405.06,1,3,Potensial (Average Spending)
Steven Young,743.45,1,124.58,743.45,1,2,Kasual (Low Spending)
Stuart Estrada,156.48,2,58.14,78.24,1,3,Potensial (Average Spending)
Sue Clark,1259.72,2,306.64,629.86,1,3,Potensial (Average Spending)
Sue Diaz,309.7,2,100.44,154.85,1,3,Potensial (Average Spending)
Sue Singleton,1829.62,2,516.29,914.81,1,0,Premium (High Spending)
Sue Velez DDS,192.44,1,85.22,192.44,1,2,Kasual (Low Spending)
Sue Werner,580.74,1,176.32,580.74,1,2,Kasual (Low Spending)
Summer Dickson,1879.38,2,355.87,939.69,1,0,Premium (High Spending)
Summer Johnson,433.58,1,70.38,433.58,1,2,Kasual (Low Spending)
Susan Acosta,620.66,1,95.43,620.66,1,2,Kasual (Low Spending)
Susan Aguilar,34.4,1,7.14,34.4,1,2,Kasual (Low Spending)
Susan Anderson,87.5,1,36.53,87.5,1,2,Kasual (Low Spending)
Susan Ball,831.41,1,241.88,831.41,1,2,Kasual (Low Spending)
Susan Barrett,274.77,1,107.72,274.77,1,2,Kasual (Low Spending)
Susan Barry,1121.52,4,439.95,280.38,1,0,Premium (High Spending)
Susan Baxter,144.88,1,14.27,144.88,1,2,Kasual (Low Spending)
Susan Bishop,438.42,1,147.8,438.42,1,2,Kasual (Low Spending)
Susan Bowman,651.92,1,222.47,651.92,1,2,Kasual (Low Spending)
Susan Boyd,791.62,1,252.57,791.62,1,2,Kasual (Low Spending)
Susan Brown,317.76,2,123.91,158.88,1,3,Potensial (Average Spending)
Susan Browning,899.52,3,123.46,299.84,1,3,Potensial (Average Spending)
Susan Butler,2406.96,5,382.27,553.135,2,0,Premium (High Spending)
Susan Byrd,88.11,1,31.36,88.11,1,2,Kasual (Low Spending)
Susan Carr,2620.17,3,285.36,873.39,1,0,Premium (High Spending)
Susan Chandler,527.97,1,57.08,527.97,1,2,Kasual (Low Spending)
Susan Cisneros,823.89,3,169.64,274.63,1,3,Potensial (Average Spending)
Susan Clark,257.22,3,102.33,85.74,1,3,Potensial (Average Spending)
Susan Cox,79.03,1,19.4,79.03,1,2,Kasual (Low Spending)
Susan Davis,260.36,2,109.36,130.18,1,3,Potensial (Average Spending)
Susan Flores,1015.67,1,202.27,1015.67,1,2,Kasual (Low Spending)
Susan Garcia,194.88,3,40.74,64.96,1,3,Potensial (Average Spending)
Susan Gonzales,49.3,1,19.41,49.3,1,2,Kasual (Low Spending)
Susan Gray,668.4,5,127.82,133.68,1,0,Premium (High Spending)
Susan Gregory,72.93,1,30.4,72.93,1,2,Kasual (Low Spending)
Susan Guzman,186.48,2,92.54,93.24,1,3,Potensial (Average Spending)
Susan Hall,2724.99,3,261.21,908.33,1,0,Premium (High Spending)
Susan Hardy,614.48,4,302.99,153.62,1,0,Premium (High Spending)
Susan Haynes,108.3,1,41.56,108.3,1,2,Kasual (Low Spending)
Susan Hicks,677.28,3,225.36,225.76,1,3,Potensial (Average Spending)
Susan Holland,834.08,2,319.06,417.04,1,3,Potensial (Average Spending)
Susan Houston,2942.97,3,555.68,980.99,1,0,Premium (High Spending)
Susan Howe,720.94,1,135.58,720.94,1,2,Kasual (Low Spending)
Susan Hughes,411.44,2,98.39,205.72,1,3,Potensial (Average Spending)
Susan Johnson,1276.33,3,230.22000000000003,520.675,2,0,Premium (High Spending)
Susan Kelley,429.46,1,182.01,429.46,1,2,Kasual (Low Spending)
Susan King,271.5,2,66.24,135.75,1,3,Potensial (Average Spending)
Susan Lester,315.75,3,156.44,105.25,1,3,Potensial (Average Spending)
Susan Martin,148.25,1,65.9,148.25,1,2,Kasual (Low Spending)
Susan Martinez,472.06,2,155.67,236.03,1,3,Potensial (Average Spending)
Susan Miller,1693.9,2,239.64,846.95,1,3,Potensial (Average Spending)
Susan Moody,230.53,1,87.78,230.53,1,2,Kasual (Low Spending)
Susan Moore,1008.73,1,336.1,1008.73,1,2,Kasual (Low Spending)
Susan Morgan,569.8,2,196.85,284.9,1,3,Potensial (Average Spending)
Susan Newton,419.54,2,185.27,209.77,1,3,Potensial (Average Spending)
Susan Ritter,259.12,2,88.67,129.56,1,3,Potensial (Average Spending)
Susan Ross,492.93,1,58.01,492.93,1,2,Kasual (Low Spending)
Susan Rowland,250.2,1,55.5,250.2,1,2,Kasual (Low Spending)
Susan Russell,171.56,1,84.83,171.56,1,2,Kasual (Low Spending)
Susan Smith,2419.46,2,198.79,1209.73,1,0,Premium (High Spending)
Susan Steele,395.71,1,82.05,395.71,1,2,Kasual (Low Spending)
Susan Swanson,149.81,1,21.41,149.81,1,2,Kasual (Low Spending)
Susan Torres,56.62,1,14.13,56.62,1,2,Kasual (Low Spending)
Susan Valdez,1909.23,3,324.89,494.355,2,0,Premium (High Spending)
Susan Vega,247.62,1,41.33,247.62,1,2,Kasual (Low Spending)
Susan Walker,260.51,1,79.97,260.51,1,2,Kasual (Low Spending)
Susan Williams,116.74,1,29.3,116.74,1,2,Kasual (Low Spending)
Susan Wilson,79.25,1,28.94,79.25,1,2,Kasual (Low Spending)
Suzanne Anderson,193.84,2,61.41,96.92,1,3,Potensial (Average Spending)
Suzanne Carter,422.27,1,112.56,422.27,1,2,Kasual (Low Spending)
Suzanne Cisneros,1240.08,3,372.91,413.36,1,0,Premium (High Spending)
Suzanne Evans,210.83,1,73.26,210.83,1,2,Kasual (Low Spending)
Suzanne Fisher,1748.12,4,350.33,437.03,1,0,Premium (High Spending)
Suzanne Herrera,296.62,1,59.22,296.62,1,2,Kasual (Low Spending)
Suzanne Howard,273.2,2,83.74,136.6,1,3,Potensial (Average Spending)
Suzanne Jimenez,96.79,1,29.66,96.79,1,2,Kasual (Low Spending)
Suzanne Jones,175.82,1,70.77,175.82,1,2,Kasual (Low Spending)
Suzanne Kelly,623.04,1,71.78,623.04,1,2,Kasual (Low Spending)
Suzanne Levy,565.42,1,74.21,565.42,1,2,Kasual (Low Spending)
Suzanne Lynch,1942.41,3,633.83,647.47,1,0,Premium (High Spending)
Suzanne Ramsey,2132.42,2,425.5,1066.21,1,0,Premium (High Spending)
Suzanne Randall,762.74,2,238.31,381.37,1,3,Potensial (Average Spending)
Suzanne Roberts,102.02,2,27.68,51.01,1,3,Potensial (Average Spending)
Suzanne Salas,636.6,1,119.21,636.6,1,2,Kasual (Low Spending)
Suzanne Singleton,431.46,2,76.55,215.73,1,3,Potensial (Average Spending)
Suzanne Stafford,124.43,1,25.94,124.43,1,2,Kasual (Low Spending)
Suzanne Wilson,241.1,2,71.01,120.55,1,3,Potensial (Average Spending)
Sydney Benton,344.22,1,44.24,344.22,1,2,Kasual (Low Spending)
Sydney Bond,1213.68,3,334.16,404.56,1,0,Premium (High Spending)
Sydney Dean,138.78,3,57.88,46.26,1,3,Potensial (Average Spending)
Sydney Goodwin,182.45,1,35.16,182.45,1,2,Kasual (Low Spending)
Sydney Montoya,908.72,4,146.02,227.18,1,3,Potensial (Average Spending)
Sydney Robbins,1379.12,2,330.97,689.56,1,0,Premium (High Spending)
Sydney Ross,681.51,3,240.17,227.17,1,3,Potensial (Average Spending)
Sydney Vaughan,1413.08,4,327.31,353.27,1,0,Premium (High Spending)
Sydney Ward,234.8,2,81.82,117.4,1,3,Potensial (Average Spending)
Sydney Wood,1821.5499999999997,4,245.1,484.985,2,0,Premium (High Spending)
Sydney Yang,524.88,4,132.85,131.22,1,3,Potensial (Average Spending)
Sylvia Bradley,2349.69,3,695.69,783.23,1,0,Premium (High Spending)
Sylvia Crawford,660.48,2,189.4,330.24,1,3,Potensial (Average Spending)
Sylvia Valdez,186.29,1,49.71,186.29,1,2,Kasual (Low Spending)
Sylvia Zimmerman,224.44,1,64.25,224.44,1,2,Kasual (Low Spending)
Tabitha Harris,355.74,2,72.0,177.87,1,3,Potensial (Average Spending)
Tamara Brooks,375.36,2,125.63,187.68,1,3,Potensial (Average Spending)
Tamara Carpenter,767.04,1,209.21,767.04,1,2,Kasual (Low Spending)
Tamara Carter,491.38,1,150.73,491.38,1,2,Kasual (Low Spending)
Tamara Chapman,656.05,1,168.84,656.05,1,2,Kasual (Low Spending)
Tamara Clements,179.52,1,40.27,179.52,1,2,Kasual (Low Spending)
Tamara Cross,135.13,1,18.39,135.13,1,2,Kasual (Low Spending)
Tamara Hanson,1945.26,2,338.75,972.63,1,0,Premium (High Spending)
Tamara Jackson,1092.76,4,489.05,273.19,1,0,Premium (High Spending)
Tamara Mcpherson,397.76,1,61.9,397.76,1,2,Kasual (Low Spending)
Tamara Melendez,1241.64,4,136.5,310.41,1,0,Premium (High Spending)
Tamara Moore,828.95,1,71.24,828.95,1,2,Kasual (Low Spending)
Tamara Morris,213.42,1,75.76,213.42,1,2,Kasual (Low Spending)
Tamara Nguyen,102.06,1,24.16,102.06,1,2,Kasual (Low Spending)
Tamara Osborne,1035.6,2,292.38,517.8,1,3,Potensial (Average Spending)
Tamara Owens,187.89,1,61.74,187.89,1,2,Kasual (Low Spending)
Tamara Porter,135.79,1,42.03,135.79,1,2,Kasual (Low Spending)
Tamara Vasquez,319.34,1,66.33,319.34,1,2,Kasual (Low Spending)
Tamara Williams,1768.74,2,218.38,884.37,1,3,Potensial (Average Spending)
Tami Bush,308.72,1,92.48,308.72,1,2,Kasual (Low Spending)
Tami Nunez,302.48,1,46.64,302.48,1,2,Kasual (Low Spending)
Tami Webb,114.74,2,42.63,57.37,1,3,Potensial (Average Spending)
Tammie Ferguson,225.61,1,60.91,225.61,1,2,Kasual (Low Spending)
Tammie Stevenson,29.3,1,11.63,29.3,1,2,Kasual (Low Spending)
Tammy Acosta,455.01,1,61.01,455.01,1,2,Kasual (Low Spending)
Tammy Blake,173.42,1,49.26,173.42,1,2,Kasual (Low Spending)
Tammy Brooks,107.68,1,51.03,107.68,1,2,Kasual (Low Spending)
Tammy Butler,816.66,1,128.03,816.66,1,2,Kasual (Low Spending)
Tammy Curtis,148.6,1,36.86,148.6,1,2,Kasual (Low Spending)
Tammy Davis,285.67,1,74.98,285.67,1,2,Kasual (Low Spending)
Tammy Downs,373.62,2,141.84,186.81,1,3,Potensial (Average Spending)
Tammy Edwards,348.34,1,90.74,348.34,1,2,Kasual (Low Spending)
Tammy Evans,668.4,1,101.0,668.4,1,2,Kasual (Low Spending)
Tammy Flores,232.05,1,53.87,232.05,1,2,Kasual (Low Spending)
Tammy Foster,67.83,1,18.74,67.83,1,2,Kasual (Low Spending)
Tammy Garcia,1572.16,2,229.03,786.08,1,3,Potensial (Average Spending)
Tammy Goodwin,3139.32,4,951.46,784.83,1,1,VIP (Top Buyers & High Quantity)
Tammy Graham,1070.15,1,137.88,1070.15,1,2,Kasual (Low Spending)
Tammy Greene,832.09,1,117.83,832.09,1,2,Kasual (Low Spending)
Tammy Gregory MD,337.21,1,129.37,337.21,1,2,Kasual (Low Spending)
Tammy Harrison,227.68,2,42.63,113.84,1,3,Potensial (Average Spending)
Tammy Howell,765.6,2,129.5,382.8,1,3,Potensial (Average Spending)
Tammy Hutchinson,196.04,1,75.52,196.04,1,2,Kasual (Low Spending)
Tammy Jackson,248.67,1,52.83,248.67,1,2,Kasual (Low Spending)
Tammy Johnson,1058.61,3,287.73,326.45,2,0,Premium (High Spending)
Tammy Kim,261.1,1,60.43,261.1,1,2,Kasual (Low Spending)
Tammy Larson,162.87,1,75.4,162.87,1,2,Kasual (Low Spending)
Tammy Leonard,1780.12,2,464.44,890.06,1,0,Premium (High Spending)
Tammy Maldonado,473.1,1,164.21,473.1,1,2,Kasual (Low Spending)
Tammy Marks,406.89,1,83.22,406.89,1,2,Kasual (Low Spending)
Tammy Mckee,255.75,1,94.97,255.75,1,2,Kasual (Low Spending)
Tammy Miranda,1203.26,2,404.44,601.63,1,0,Premium (High Spending)
Tammy Morgan,441.62,1,124.76,441.62,1,2,Kasual (Low Spending)
Tammy Myers,1189.59,3,209.2,396.53,1,3,Potensial (Average Spending)
Tammy Nguyen,853.17,3,111.34,284.39,1,3,Potensial (Average Spending)
Tammy Olson,2324.32,4,438.71,581.08,1,0,Premium (High Spending)
Tammy Phillips,200.52,1,59.48,200.52,1,2,Kasual (Low Spending)
Tammy Ramirez,829.67,3,178.15,261.54499999999996,2,3,Potensial (Average Spending)
Tammy Richards,508.38,2,112.77,254.19,1,3,Potensial (Average Spending)
Tammy Rodriguez,265.99,1,80.9,265.99,1,2,Kasual (Low Spending)
Tammy Ross,2457.45,3,547.32,819.15,1,0,Premium (High Spending)
Tammy Simpson,473.12,3,187.5,187.51999999999998,2,3,Potensial (Average Spending)
Tammy Smith,350.62,2,149.35,175.31,1,3,Potensial (Average Spending)
Tammy Spencer,561.76,2,103.25,280.88,1,3,Potensial (Average Spending)
Tammy Stephens,844.92,4,220.69,211.23,1,0,Premium (High Spending)
Tammy Stewart,343.68,1,80.7,343.68,1,2,Kasual (Low Spending)
Tammy Taylor,182.88,2,53.68,91.44,1,3,Potensial (Average Spending)
Tammy Ward,49.75,1,18.33,49.75,1,2,Kasual (Low Spending)
Tammy Welch,359.79,1,43.71,359.79,1,2,Kasual (Low Spending)
Tammy Williams,449.68999999999994,3,139.56,207.05499999999998,2,3,Potensial (Average Spending)
Tanner Cohen,176.36,2,65.82,88.18,1,3,Potensial (Average Spending)
Tanner Moore,104.62,1,17.06,104.62,1,2,Kasual (Low Spending)
Tanner Rodriguez,633.24,1,211.61,633.24,1,2,Kasual (Low Spending)
Tanner Walker,1164.88,2,127.96,582.44,1,3,Potensial (Average Spending)
Tanya Anderson,936.4,1,87.44,936.4,1,2,Kasual (Low Spending)
Tanya Floyd,452.9,2,178.46,226.45,1,3,Potensial (Average Spending)
Tanya Johnson,153.76,1,48.49,153.76,1,2,Kasual (Low Spending)
Tanya Lawrence,1085.01,3,434.53,361.67,1,0,Premium (High Spending)
Tanya Martinez,171.35,1,17.03,171.35,1,2,Kasual (Low Spending)
Tanya Quinn,1467.78,2,211.56,733.89,1,3,Potensial (Average Spending)
Tanya Rivera,2092.11,3,438.56,697.37,1,0,Premium (High Spending)
Tanya Smith,2022.17,5,649.65,392.865,2,1,VIP (Top Buyers & High Quantity)
Tanya Taylor,258.94,1,48.75,258.94,1,2,Kasual (Low Spending)
Tanya Torres,780.11,1,152.03,780.11,1,2,Kasual (Low Spending)
Tanya Underwood,541.07,1,56.2,541.07,1,2,Kasual (Low Spending)
Tanya Welch,226.61,1,98.14,226.61,1,2,Kasual (Low Spending)
Tanya Yang,1499.28,8,739.69,187.41,1,1,VIP (Top Buyers & High Quantity)
Tanya Young,139.92,2,57.87,69.96,1,3,Potensial (Average Spending)
Tara Alexander,189.49,1,78.26,189.49,1,2,Kasual (Low Spending)
Tara Anderson,460.31,4,125.96,108.065,2,3,Potensial (Average Spending)
Tara Armstrong,316.59,1,80.62,316.59,1,2,Kasual (Low Spending)
Tara Bernard,194.67,1,67.24,194.67,1,2,Kasual (Low Spending)
Tara Bowman,375.76,2,152.83,187.88,1,3,Potensial (Average Spending)
Tara Castillo,1640.57,2,408.46999999999997,820.285,2,0,Premium (High Spending)
Tara Chase,277.41,1,76.34,277.41,1,2,Kasual (Low Spending)
Tara Farrell,405.69,1,55.92,405.69,1,2,Kasual (Low Spending)
Tara Fox,303.12,3,52.8,101.04,1,3,Potensial (Average Spending)
Tara Hernandez,558.16,1,91.2,558.16,1,2,Kasual (Low Spending)
Tara Lin,1583.22,3,483.41,527.74,1,0,Premium (High Spending)
Tara Martin,102.02,1,31.95,102.02,1,2,Kasual (Low Spending)
Tara Mcdonald,919.32,4,155.01,229.83,1,3,Potensial (Average Spending)
Tara Miller,292.45,1,96.76,292.45,1,2,Kasual (Low Spending)
Tara Moore,802.8,2,330.39,401.4,1,3,Potensial (Average Spending)
Tara Morgan,223.97,1,58.92,223.97,1,2,Kasual (Low Spending)
Tara Mueller,260.05,1,89.46,260.05,1,2,Kasual (Low Spending)
Tara Parker,91.27,1,19.59,91.27,1,2,Kasual (Low Spending)
Tara Phillips,106.42,1,26.91,106.42,1,2,Kasual (Low Spending)
Tara Pierce,351.43,1,125.86,351.43,1,2,Kasual (Low Spending)
Tara Rodriguez,705.87,3,247.08,235.29,1,3,Potensial (Average Spending)
Tara Rose,957.15,5,332.84,191.43,1,0,Premium (High Spending)
Tara Smith,486.0,1,203.06,486.0,1,2,Kasual (Low Spending)
Tara Stone,246.77,1,98.03,246.77,1,2,Kasual (Low Spending)
Tara Valentine,686.4,3,199.26,228.8,1,3,Potensial (Average Spending)
Tara Vincent,321.91,1,77.19,321.91,1,2,Kasual (Low Spending)
Tara Wagner,409.28,2,40.48,204.64,1,3,Potensial (Average Spending)
Tara Williams,1530.2,2,340.79,765.1,1,0,Premium (High Spending)
Tara Young MD,1505.84,2,460.94,752.92,1,0,Premium (High Spending)
Tasha Aguilar DDS,2594.1,3,894.16,864.7,1,1,VIP (Top Buyers & High Quantity)
Tasha Carroll,611.32,1,77.52,611.32,1,2,Kasual (Low Spending)
Tasha Edwards,147.53,1,70.67,147.53,1,2,Kasual (Low Spending)
Tasha Jimenez,302.16,2,57.52,151.08,1,3,Potensial (Average Spending)
Tasha Krueger,182.28,1,71.97,182.28,1,2,Kasual (Low Spending)
Tasha Pruitt,1025.85,5,203.49,205.17,1,0,Premium (High Spending)
Taylor Arnold,558.24,2,237.23,279.12,1,3,Potensial (Average Spending)
Taylor Barnes,167.7,1,25.3,167.7,1,2,Kasual (Low Spending)
Taylor Carey,212.38,1,105.47,212.38,1,2,Kasual (Low Spending)
Taylor Carpenter,281.48,4,45.32,70.37,1,3,Potensial (Average Spending)
Taylor Clark,2087.16,5,689.13,453.16,3,1,VIP (Top Buyers & High Quantity)
Taylor Davis,279.13,1,60.7,279.13,1,2,Kasual (Low Spending)
Taylor Flores,2748.24,4,931.82,687.06,1,1,VIP (Top Buyers & High Quantity)
Taylor Garcia,360.93,1,101.94,360.93,1,2,Kasual (Low Spending)
Taylor Gray,2090.64,4,269.95,522.66,1,0,Premium (High Spending)
Taylor Hamilton,564.94,1,54.99,564.94,1,2,Kasual (Low Spending)
Taylor Hart,394.47,1,110.19,394.47,1,2,Kasual (Low Spending)
Taylor Howell,212.65,1,78.36,212.65,1,2,Kasual (Low Spending)
Taylor Hunter,3385.56,4,503.07,846.39,1,1,VIP (Top Buyers & High Quantity)
Taylor Logan,581.77,1,101.94,581.77,1,2,Kasual (Low Spending)
Taylor Lopez,897.3,1,93.83,897.3,1,2,Kasual (Low Spending)
Taylor Martinez,3546.24,4,1062.74,886.56,1,1,VIP (Top Buyers & High Quantity)
Taylor Moody,227.01,1,90.99,227.01,1,2,Kasual (Low Spending)
Taylor Murphy,299.91,1,29.3,299.91,1,2,Kasual (Low Spending)
Taylor Oneill,120.24,2,32.46,60.12,1,3,Potensial (Average Spending)
Taylor Pittman,1563.88,2,343.18,781.94,1,0,Premium (High Spending)
Taylor Reed,103.84,2,18.72,51.92,1,3,Potensial (Average Spending)
Taylor Reese,130.66,1,43.33,130.66,1,2,Kasual (Low Spending)
Taylor Rodriguez,233.58,1,72.69,233.58,1,2,Kasual (Low Spending)
Taylor Schwartz,588.68,1,110.62,588.68,1,2,Kasual (Low Spending)
Taylor Singh,238.92,1,56.12,238.92,1,2,Kasual (Low Spending)
Taylor Wilson,414.32,1,129.21,414.32,1,2,Kasual (Low Spending)
Taylor Wong,902.68,1,86.1,902.68,1,2,Kasual (Low Spending)
Taylor Wright,399.37,1,116.76,399.37,1,2,Kasual (Low Spending)
Teresa Barr,1045.9,5,170.78,209.18,1,0,Premium (High Spending)
Teresa Carrillo,220.0,1,98.77,220.0,1,2,Kasual (Low Spending)
Teresa Collins,399.74,2,162.56,199.87,1,3,Potensial (Average Spending)
Teresa Dyer,1333.18,2,138.4,666.59,1,3,Potensial (Average Spending)
Teresa Figueroa,345.66,1,98.5,345.66,1,2,Kasual (Low Spending)
Teresa Gomez,1237.94,2,166.97,618.97,1,3,Potensial (Average Spending)
Teresa Gonzalez,667.75,1,93.33,667.75,1,2,Kasual (Low Spending)
Teresa Goodwin,214.76,2,49.37,107.38,1,3,Potensial (Average Spending)
Teresa Grant,427.14,2,126.38,213.57,1,3,Potensial (Average Spending)
Teresa Greene,1202.43,1,316.49,1202.43,1,2,Kasual (Low Spending)
Teresa Greer,26.27,1,6.52,26.27,1,2,Kasual (Low Spending)
Teresa Guerrero,1048.3,2,102.41,524.15,1,3,Potensial (Average Spending)
Teresa Johnson,150.57,1,38.54,150.57,1,2,Kasual (Low Spending)
Teresa Jones,886.96,1,164.77,886.96,1,2,Kasual (Low Spending)
Teresa Lopez,489.6,1,75.73,489.6,1,2,Kasual (Low Spending)
Teresa Martin,100.7,1,46.54,100.7,1,2,Kasual (Low Spending)
Teresa Meyers,348.5,1,79.36,348.5,1,2,Kasual (Low Spending)
Teresa Miller,627.93,3,168.64,209.31,1,3,Potensial (Average Spending)
Teresa Nichols,904.96,4,110.32,226.24,1,3,Potensial (Average Spending)
Teresa Norris,412.28,2,123.66,206.14,1,3,Potensial (Average Spending)
Teresa Rice,411.84,2,183.63,205.92,1,3,Potensial (Average Spending)
Teresa Richmond,209.42,2,68.71,104.71,1,3,Potensial (Average Spending)
Teresa Stanton,450.03,3,127.58,150.01,1,3,Potensial (Average Spending)
Teresa Ward,646.47,1,88.63,646.47,1,2,Kasual (Low Spending)
Teresa Wells,65.34,1,15.21,65.34,1,2,Kasual (Low Spending)
Teresa Wright,376.57,1,136.18,376.57,1,2,Kasual (Low Spending)
Terrence Parker,93.02,1,26.49,93.02,1,2,Kasual (Low Spending)
Terrence Sanchez,2126.8,2,723.83,1063.4,1,0,Premium (High Spending)
Terri Alexander,5897.08,7,1760.89,842.44,1,1,VIP (Top Buyers & High Quantity)
Terri Allison,3947.64,4,494.67,986.91,1,1,VIP (Top Buyers & High Quantity)
Terri Chung,541.56,3,138.93,180.52,1,3,Potensial (Average Spending)
Terri Clark,619.12,2,167.66,309.56,1,3,Potensial (Average Spending)
Terri Fisher,684.99,1,128.51,684.99,1,2,Kasual (Low Spending)
Terri Nolan,935.09,1,322.67,935.09,1,2,Kasual (Low Spending)
Terri Perez MD,116.76,1,55.31,116.76,1,2,Kasual (Low Spending)
Terri Peters,706.42,1,121.49,706.42,1,2,Kasual (Low Spending)
Terri Ponce,281.96,1,46.6,281.96,1,2,Kasual (Low Spending)
Terri Ramirez,113.7,2,48.84,56.85,1,3,Potensial (Average Spending)
Terri Reed,1702.48,2,397.51,851.24,1,0,Premium (High Spending)
Terri Rice,2087.22,3,371.75,695.74,1,0,Premium (High Spending)
Terri Roy,265.56,1,63.48,265.56,1,2,Kasual (Low Spending)
Terri Sharp MD,821.17,1,85.42,821.17,1,2,Kasual (Low Spending)
Terry Barber,118.84,1,36.67,118.84,1,2,Kasual (Low Spending)
Terry Bartlett,207.95,1,75.05,207.95,1,2,Kasual (Low Spending)
Terry Boone,859.87,1,133.17,859.87,1,2,Kasual (Low Spending)
Terry Brown,382.69,1,83.87,382.69,1,2,Kasual (Low Spending)
Terry Callahan,683.38,1,182.59,683.38,1,2,Kasual (Low Spending)
Terry Carter,629.87,1,60.22,629.87,1,2,Kasual (Low Spending)
Terry Fernandez,250.8,3,37.72,83.6,1,3,Potensial (Average Spending)
Terry Hamilton,955.04,2,313.82,477.52,1,3,Potensial (Average Spending)
Terry Harrison,5061.7,5,634.08,1012.34,1,1,VIP (Top Buyers & High Quantity)
Terry Hawkins,1984.0300000000002,3,464.33,723.165,2,0,Premium (High Spending)
Terry Jensen,2167.88,2,423.36,1083.94,1,0,Premium (High Spending)
Terry Long,681.27,3,260.26,227.09,1,3,Potensial (Average Spending)
Terry Mendez,692.69,1,103.0,692.69,1,2,Kasual (Low Spending)
Terry Moses,417.11,1,137.86,417.11,1,2,Kasual (Low Spending)
Terry Myers,279.52,1,84.17,279.52,1,2,Kasual (Low Spending)
Terry Shaffer,220.24,1,96.7,220.24,1,2,Kasual (Low Spending)
Terry Thomas,1064.76,3,475.85,354.92,1,0,Premium (High Spending)
Terry Walker,2693.91,3,244.67,897.97,1,0,Premium (High Spending)
Terry Weaver,1988.08,7,632.5899999999999,353.125,2,1,VIP (Top Buyers & High Quantity)
Terry Wilson,800.16,1,86.77,800.16,1,2,Kasual (Low Spending)
Theodore Black,293.88,1,114.88,293.88,1,2,Kasual (Low Spending)
Theodore Delacruz,919.23,1,193.98,919.23,1,2,Kasual (Low Spending)
Theodore Garcia,217.08,1,61.41,217.08,1,2,Kasual (Low Spending)
Theodore Jacobson,344.34,2,64.21,172.17,1,3,Potensial (Average Spending)
Theodore Nelson,940.16,1,147.46,940.16,1,2,Kasual (Low Spending)
Theodore Wheeler,342.68,1,69.19,342.68,1,2,Kasual (Low Spending)
Theresa Bailey,446.61,3,45.82,148.87,1,3,Potensial (Average Spending)
Theresa Bennett,459.56,1,156.52,459.56,1,2,Kasual (Low Spending)
Theresa Camacho,436.18,1,124.52,436.18,1,2,Kasual (Low Spending)
Theresa Carter,248.14,1,72.99,248.14,1,2,Kasual (Low Spending)
Theresa Castaneda,1070.94,1,189.39,1070.94,1,2,Kasual (Low Spending)
Theresa Davis,84.27,1,20.44,84.27,1,2,Kasual (Low Spending)
Theresa Evans,1426.64,4,339.15,356.66,1,0,Premium (High Spending)
Theresa Harris,1712.48,2,232.35,856.24,1,3,Potensial (Average Spending)
Theresa Hoover,481.14,2,113.88,240.57,1,3,Potensial (Average Spending)
Theresa Johnson,1910.87,7,734.74,209.81,2,1,VIP (Top Buyers & High Quantity)
Theresa Lambert MD,290.4,2,26.14,145.2,1,3,Potensial (Average Spending)
Theresa Lee,1202.64,2,222.02,601.32,1,3,Potensial (Average Spending)
Theresa Miller,1370.75,5,386.45,274.15,1,0,Premium (High Spending)
Theresa Morrow,350.1,1,70.73,350.1,1,2,Kasual (Low Spending)
Theresa Morse,1268.13,3,161.07,422.71,1,3,Potensial (Average Spending)
Theresa Oneill,83.74,1,34.77,83.74,1,2,Kasual (Low Spending)
Theresa Richards,1586.8,4,463.87,396.7,1,0,Premium (High Spending)
Theresa Silva,69.53,1,21.23,69.53,1,2,Kasual (Low Spending)
Theresa Sutton,685.05,5,147.42,137.01,1,0,Premium (High Spending)
Theresa Valdez,155.36,2,66.21,77.68,1,3,Potensial (Average Spending)
Theresa Vance,2601.6,5,887.84,520.32,1,1,VIP (Top Buyers & High Quantity)
Theresa Webb,1322.96,2,108.69,661.48,1,3,Potensial (Average Spending)
Theresa Welch,122.05,1,35.71,122.05,1,2,Kasual (Low Spending)
Theresa Whitney,263.58,1,71.57,263.58,1,2,Kasual (Low Spending)
Theresa Williams,305.82,1,83.81,305.82,1,2,Kasual (Low Spending)
Thomas Baker,1425.02,5,544.9100000000001,293.47,2,0,Premium (High Spending)
Thomas Banks,277.82,1,118.7,277.82,1,2,Kasual (Low Spending)
Thomas Bowen,340.1,2,95.01,170.05,1,3,Potensial (Average Spending)
Thomas Brown,2557.86,3,366.75,852.62,1,0,Premium (High Spending)
Thomas Bush,1351.69,1,217.87,1351.69,1,2,Kasual (Low Spending)
Thomas Carroll,148.75,1,20.55,148.75,1,2,Kasual (Low Spending)
Thomas Cervantes,434.4,2,161.72,217.2,1,3,Potensial (Average Spending)
Thomas Clark,1274.46,2,269.88,637.23,2,3,Potensial (Average Spending)
Thomas Clay,191.22,1,40.32,191.22,1,2,Kasual (Low Spending)
Thomas Cook,609.56,2,267.53,304.78,1,3,Potensial (Average Spending)
Thomas Cooper,2453.74,5,575.01,520.775,2,1,VIP (Top Buyers & High Quantity)
Thomas Cox,1150.32,4,319.4,287.58,1,0,Premium (High Spending)
Thomas Daniels,1500.3,2,146.9,750.15,1,3,Potensial (Average Spending)
Thomas Davis,426.94,2,173.34,213.47,1,3,Potensial (Average Spending)
Thomas Deleon,76.54,1,18.08,76.54,1,2,Kasual (Low Spending)
Thomas Diaz,39.77,1,15.21,39.77,1,2,Kasual (Low Spending)
Thomas Dickerson,352.34,1,118.25,352.34,1,2,Kasual (Low Spending)
Thomas Dunn,186.94,1,45.64,186.94,1,2,Kasual (Low Spending)
Thomas Ellis,183.9,1,61.33,183.9,1,2,Kasual (Low Spending)
Thomas English,125.12,1,47.62,125.12,1,2,Kasual (Low Spending)
Thomas Espinoza,133.13,1,55.53,133.13,1,2,Kasual (Low Spending)
Thomas Flynn,620.7,2,232.72,310.35,1,3,Potensial (Average Spending)
Thomas Frazier,4487.88,4,487.33,1121.97,1,1,VIP (Top Buyers & High Quantity)
Thomas Gardner,885.28,2,120.07,442.64,1,3,Potensial (Average Spending)
Thomas Graham,366.74,1,44.5,366.74,1,2,Kasual (Low Spending)
Thomas Grant,207.98,1,57.34,207.98,1,2,Kasual (Low Spending)
Thomas Hall,376.67,1,129.38,376.67,1,2,Kasual (Low Spending)
Thomas Hartman,123.89,1,55.64,123.89,1,2,Kasual (Low Spending)
Thomas Hawkins,1257.98,2,303.92,628.99,1,3,Potensial (Average Spending)
Thomas Horn,77.26,1,17.82,77.26,1,2,Kasual (Low Spending)
Thomas Houston,1179.03,3,465.78,393.01,1,0,Premium (High Spending)
Thomas Hudson,932.58,1,91.4,932.58,1,2,Kasual (Low Spending)
Thomas Jackson,1495.31,4,324.58000000000004,376.33500000000004,2,0,Premium (High Spending)
Thomas James,2553.24,3,484.82,851.08,1,0,Premium (High Spending)
Thomas Jimenez,2352.12,4,793.08,588.03,1,1,VIP (Top Buyers & High Quantity)
Thomas Jimenez MD,39.47,1,12.6,39.47,1,2,Kasual (Low Spending)
Thomas Johnson,156.15,1,38.42,156.15,1,2,Kasual (Low Spending)
Thomas Johnston,1392.09,3,330.17,464.03,1,0,Premium (High Spending)
Thomas Jones,335.14,1,71.2,335.14,1,2,Kasual (Low Spending)
Thomas Jordan,199.1,2,77.29,99.55,1,3,Potensial (Average Spending)
Thomas Lamb,765.2,4,88.27,191.3,1,3,Potensial (Average Spending)
Thomas Lee,550.24,2,148.26,275.12,1,3,Potensial (Average Spending)
Thomas Lee MD,272.18,2,78.32,136.09,1,3,Potensial (Average Spending)
Thomas Leon,595.0,1,80.15,595.0,1,2,Kasual (Low Spending)
Thomas Lopez,115.45,1,15.39,115.45,1,2,Kasual (Low Spending)
Thomas Lynch,128.14,1,33.61,128.14,1,2,Kasual (Low Spending)
Thomas Manning,472.16,1,108.52,472.16,1,2,Kasual (Low Spending)
Thomas Marshall,574.21,1,121.58,574.21,1,2,Kasual (Low Spending)
Thomas Maxwell,218.96,1,49.17,218.96,1,2,Kasual (Low Spending)
Thomas Mcclure,134.96,1,40.7,134.96,1,2,Kasual (Low Spending)
Thomas Mccormick,3040.98,3,805.55,1013.66,1,1,VIP (Top Buyers & High Quantity)
Thomas Mendoza,929.5,1,184.33,929.5,1,2,Kasual (Low Spending)
Thomas Miller,451.58000000000004,2,127.27000000000001,225.79000000000002,2,3,Potensial (Average Spending)
Thomas Mitchell,339.92,2,167.53,169.96,1,3,Potensial (Average Spending)
Thomas Molina,233.66,1,63.74,233.66,1,2,Kasual (Low Spending)
Thomas Montgomery,654.62,2,141.69,327.31,1,3,Potensial (Average Spending)
Thomas Moore,486.66,2,121.98,243.33,1,3,Potensial (Average Spending)
Thomas Morris,1099.71,1,95.54,1099.71,1,2,Kasual (Low Spending)
Thomas Nichols Jr.,173.87,1,15.07,173.87,1,2,Kasual (Low Spending)
Thomas Norman,95.26,1,45.12,95.26,1,2,Kasual (Low Spending)
Thomas Oconnor,224.32,2,74.19,112.16,1,3,Potensial (Average Spending)
Thomas Orr,710.61,3,223.57,236.87,1,3,Potensial (Average Spending)
Thomas Parks,198.3,1,57.58,198.3,1,2,Kasual (Low Spending)
Thomas Patton,437.54,2,105.8,218.77,1,3,Potensial (Average Spending)
Thomas Perkins,439.06,2,165.75,219.53,1,3,Potensial (Average Spending)
Thomas Peterson,774.5,1,247.13,774.5,1,2,Kasual (Low Spending)
Thomas Phillips MD,555.22,2,205.17,277.61,1,3,Potensial (Average Spending)
Thomas Porter,181.65,1,43.18,181.65,1,2,Kasual (Low Spending)
Thomas Potts,585.93,3,127.0,195.31,1,3,Potensial (Average Spending)
Thomas Rangel,441.95,1,123.95,441.95,1,2,Kasual (Low Spending)
Thomas Reyes,625.46,2,182.65,312.73,1,3,Potensial (Average Spending)
Thomas Rhodes,339.1,1,133.87,339.1,1,2,Kasual (Low Spending)
Thomas Riley,212.25,3,44.79,70.75,1,3,Potensial (Average Spending)
Thomas Robinson,795.09,1,160.06,795.09,1,2,Kasual (Low Spending)
Thomas Rosales,748.88,1,97.25,748.88,1,2,Kasual (Low Spending)
Thomas Schmidt,68.07,1,27.35,68.07,1,2,Kasual (Low Spending)
Thomas Smith,506.65999999999997,2,100.50999999999999,253.32999999999998,2,3,Potensial (Average Spending)
Thomas Stokes,761.2,2,201.36,380.6,1,3,Potensial (Average Spending)
Thomas Stone,353.0,2,72.95,176.5,1,3,Potensial (Average Spending)
Thomas Suarez Jr.,334.56,2,80.68,167.28,1,3,Potensial (Average Spending)
Thomas Sullivan,803.2,2,235.22,401.6,1,3,Potensial (Average Spending)
Thomas Taylor,433.77,1,158.36,433.77,1,2,Kasual (Low Spending)
Thomas Terry,363.76,4,120.62,90.94,1,3,Potensial (Average Spending)
Thomas Thomas,350.28,2,145.58,175.14,1,3,Potensial (Average Spending)
Thomas Thompson,733.92,3,268.03,244.64,1,3,Potensial (Average Spending)
Thomas Vasquez,118.54,1,46.17,118.54,1,2,Kasual (Low Spending)
Thomas Villa,306.92,1,135.92,306.92,1,2,Kasual (Low Spending)
Thomas Wagner,544.76,4,109.03,136.19,1,3,Potensial (Average Spending)
Thomas Wagner III,1959.15,3,684.89,653.05,1,0,Premium (High Spending)
Thomas Walker,1592.08,4,247.29,398.02,1,0,Premium (High Spending)
Thomas Walsh,1158.52,2,349.11,579.26,1,0,Premium (High Spending)
Thomas Warren,398.64,2,141.85,199.32,1,3,Potensial (Average Spending)
Thomas Weeks,531.78,3,211.3,177.26,1,3,Potensial (Average Spending)
Thomas White,1304.02,6,303.28,260.05333333333334,3,0,Premium (High Spending)
Thomas Williams,1778.6399999999999,6,392.27,296.44,3,0,Premium (High Spending)
Thomas Wilson,454.92,1,38.76,454.92,1,2,Kasual (Low Spending)
Thomas Wolf,1223.8,4,234.56,305.95,1,0,Premium (High Spending)
Thomas Zavala,1685.5,2,210.07,842.75,1,3,Potensial (Average Spending)
Thomas Zuniga,375.35,1,59.87,375.35,1,2,Kasual (Low Spending)
Tiffany Armstrong,2008.05,3,389.74,669.35,1,0,Premium (High Spending)
Tiffany Baxter,156.43,1,55.13,156.43,1,2,Kasual (Low Spending)
Tiffany Bernard,819.63,1,104.62,819.63,1,2,Kasual (Low Spending)
Tiffany Burgess DDS,247.88,1,97.55,247.88,1,2,Kasual (Low Spending)
Tiffany Castro,96.42,1,37.47,96.42,1,2,Kasual (Low Spending)
Tiffany Collins,447.73,1,46.93,447.73,1,2,Kasual (Low Spending)
Tiffany Cox,273.95,1,32.07,273.95,1,2,Kasual (Low Spending)
Tiffany Curry,202.38,1,51.15,202.38,1,2,Kasual (Low Spending)
Tiffany Elliott,1744.4,4,463.38,436.1,1,0,Premium (High Spending)
Tiffany Escobar,149.85,1,68.83,149.85,1,2,Kasual (Low Spending)
Tiffany Ferguson,398.64,1,46.86,398.64,1,2,Kasual (Low Spending)
Tiffany Fernandez,250.5,2,51.99,125.25,1,3,Potensial (Average Spending)
Tiffany Flores,483.64,4,239.34,120.91,1,0,Premium (High Spending)
Tiffany Graves,793.86,2,226.34,396.93,1,3,Potensial (Average Spending)
Tiffany Griffin,63.32,2,22.89,31.66,1,3,Potensial (Average Spending)
Tiffany Hartman,123.18,1,50.12,123.18,1,2,Kasual (Low Spending)
Tiffany Hayes,693.86,2,140.6,346.93,1,3,Potensial (Average Spending)
Tiffany Hicks,866.4,2,144.87,433.2,1,3,Potensial (Average Spending)
Tiffany Howell,1345.84,4,347.41,336.46,1,0,Premium (High Spending)
Tiffany Johnson,411.88,1,66.85,411.88,1,2,Kasual (Low Spending)
Tiffany Jones,2100.19,5,607.6,414.89,2,1,VIP (Top Buyers & High Quantity)
Tiffany Kane,180.69,1,71.37,180.69,1,2,Kasual (Low Spending)
Tiffany Kaufman,134.82,2,32.16,67.41,1,3,Potensial (Average Spending)
Tiffany Knapp,545.08,1,81.08,545.08,1,2,Kasual (Low Spending)
Tiffany Lopez,808.2,1,108.71,808.2,1,2,Kasual (Low Spending)
Tiffany Marshall,1160.14,2,376.38,580.07,1,0,Premium (High Spending)
Tiffany Montoya,688.78,1,92.43,688.78,1,2,Kasual (Low Spending)
Tiffany Moore,1081.36,1,343.07,1081.36,1,2,Kasual (Low Spending)
Tiffany Munoz,89.46,1,31.12,89.46,1,2,Kasual (Low Spending)
Tiffany Patterson,1054.62,3,87.16,351.54,1,3,Potensial (Average Spending)
Tiffany Perez,200.88,1,24.14,200.88,1,2,Kasual (Low Spending)
Tiffany Quinn,215.61,1,80.85,215.61,1,2,Kasual (Low Spending)
Tiffany Reyes,622.77,3,135.23,244.04,2,3,Potensial (Average Spending)
Tiffany Rogers,426.07,1,145.2,426.07,1,2,Kasual (Low Spending)
Tiffany Schwartz,92.16,2,21.47,46.08,1,3,Potensial (Average Spending)
Tiffany Smith,1853.3,4,405.02,463.325,2,0,Premium (High Spending)
Tiffany Solomon,385.6,1,169.55,385.6,1,2,Kasual (Low Spending)
Tiffany Spence,908.52,3,208.32,302.84,1,3,Potensial (Average Spending)
Tiffany Spencer,2740.64,7,494.32,283.895,2,1,VIP (Top Buyers & High Quantity)
Tiffany Stokes,66.86,1,22.82,66.86,1,2,Kasual (Low Spending)
Tiffany Suarez,1234.56,2,223.5,617.28,1,3,Potensial (Average Spending)
Tiffany Sutton,485.29999999999995,2,160.07999999999998,242.64999999999998,2,3,Potensial (Average Spending)
Tiffany West,3043.86,3,699.27,1014.62,1,1,VIP (Top Buyers & High Quantity)
Tiffany White,262.84,4,82.72,65.71,1,3,Potensial (Average Spending)
Tiffany Williams,3869.24,8,708.49,493.81666666666666,3,1,VIP (Top Buyers & High Quantity)
Tim Brady,334.48,2,119.69,167.24,1,3,Potensial (Average Spending)
Tim Flores,2065.04,2,359.76,1032.52,1,0,Premium (High Spending)
Tim Harris,1043.28,3,298.21,347.76,1,0,Premium (High Spending)
Tim Maldonado,890.42,2,145.21,445.21,1,3,Potensial (Average Spending)
Tim Meyers,162.13,1,39.33,162.13,1,2,Kasual (Low Spending)
Tim Vargas,1471.25,5,656.64,294.25,1,1,VIP (Top Buyers & High Quantity)
Timothy Anderson,625.17,3,192.76999999999998,229.19,2,3,Potensial (Average Spending)
Timothy Baker,198.62,2,40.53,99.31,1,3,Potensial (Average Spending)
Timothy Barton,216.54,3,86.74,72.18,1,3,Potensial (Average Spending)
Timothy Bates,1750.86,2,303.68,875.43,1,0,Premium (High Spending)
Timothy Bennett,226.47,3,38.92,75.49,1,3,Potensial (Average Spending)
Timothy Black,396.74,2,37.01,198.37,1,3,Potensial (Average Spending)
Timothy Boone,233.68,1,71.5,233.68,1,2,Kasual (Low Spending)
Timothy Brown,4008.1099999999997,5,712.28,705.4449999999999,2,1,VIP (Top Buyers & High Quantity)
Timothy Bryant,1729.78,2,143.01,864.89,1,3,Potensial (Average Spending)
Timothy Carroll,348.69,1,101.68,348.69,1,2,Kasual (Low Spending)
Timothy Casey,452.58,1,153.41,452.58,1,2,Kasual (Low Spending)
Timothy Cervantes,266.49,3,67.67,88.83,1,3,Potensial (Average Spending)
Timothy Chavez,1750.5,3,292.17,583.5,1,0,Premium (High Spending)
Timothy Clark,844.68,3,198.21,281.56,1,3,Potensial (Average Spending)
Timothy Cortez,423.28,2,106.34,211.64,1,3,Potensial (Average Spending)
Timothy Decker,281.0,1,80.97,281.0,1,2,Kasual (Low Spending)
Timothy Ferguson,277.56,2,70.52,138.78,1,3,Potensial (Average Spending)
Timothy Fernandez,3108.93,3,301.9,1036.31,1,0,Premium (High Spending)
Timothy Fisher,694.25,1,127.37,694.25,1,2,Kasual (Low Spending)
Timothy Francis,59.37,1,14.58,59.37,1,2,Kasual (Low Spending)
Timothy Garner,695.73,3,202.02,231.91,1,3,Potensial (Average Spending)
Timothy Gomez,769.84,1,171.24,769.84,1,2,Kasual (Low Spending)
Timothy Gonzalez,558.02,1,66.31,558.02,1,2,Kasual (Low Spending)
Timothy Grant,624.32,1,179.05,624.32,1,2,Kasual (Low Spending)
Timothy Green,4066.98,6,482.92999999999995,531.295,2,1,VIP (Top Buyers & High Quantity)
Timothy Griffin,455.02,2,37.8,227.51,1,3,Potensial (Average Spending)
Timothy Guzman,1096.36,4,492.87,274.09,1,0,Premium (High Spending)
Timothy Harris,1210.73,3,240.3,513.4200000000001,2,0,Premium (High Spending)
Timothy Harrison,399.43,1,111.37,399.43,1,2,Kasual (Low Spending)
Timothy Hart,499.48,2,66.14,249.74,1,3,Potensial (Average Spending)
Timothy Herring,434.08,2,67.03,217.04,1,3,Potensial (Average Spending)
Timothy Hill,113.73,1,47.64,113.73,1,2,Kasual (Low Spending)
Timothy Hoffman,110.68,4,34.73,27.67,1,3,Potensial (Average Spending)
Timothy Holmes,285.34,1,74.71,285.34,1,2,Kasual (Low Spending)
Timothy Irwin,397.3,2,99.01,198.65,1,3,Potensial (Average Spending)
Timothy James,745.64,2,322.3,372.82,1,3,Potensial (Average Spending)
Timothy Jenkins,407.34,2,135.52,203.67,1,3,Potensial (Average Spending)
Timothy Jimenez,149.64,4,57.7,37.41,1,3,Potensial (Average Spending)
Timothy Johnson,176.66,2,21.69,88.33,1,3,Potensial (Average Spending)
Timothy Jones,177.46,1,36.65,177.46,1,2,Kasual (Low Spending)
Timothy King,266.74,1,50.2,266.74,1,2,Kasual (Low Spending)
Timothy Lee,260.5,2,60.42,130.25,1,3,Potensial (Average Spending)
Timothy Lewis,2071.24,2,272.12,1035.62,1,0,Premium (High Spending)
Timothy Lopez,1557.44,4,677.68,389.36,1,0,Premium (High Spending)
Timothy Maldonado,175.44,1,61.01,175.44,1,2,Kasual (Low Spending)
Timothy Marshall,1227.04,7,448.57,162.96,2,1,VIP (Top Buyers & High Quantity)
Timothy Martin,193.84,1,21.08,193.84,1,2,Kasual (Low Spending)
Timothy Mcguire,339.47,1,81.4,339.47,1,2,Kasual (Low Spending)
Timothy Miller,877.04,4,315.86,219.26,1,0,Premium (High Spending)
Timothy Mills,890.64,2,382.62,445.32,1,3,Potensial (Average Spending)
Timothy Morales,640.26,1,57.29,640.26,1,2,Kasual (Low Spending)
Timothy Moss,225.02,2,40.37,112.51,1,3,Potensial (Average Spending)
Timothy Myers,514.46,2,222.84,257.23,1,3,Potensial (Average Spending)
Timothy Nguyen,342.56,2,144.98,171.28,1,3,Potensial (Average Spending)
Timothy Patel,478.17,1,64.68,478.17,1,2,Kasual (Low Spending)
Timothy Ray,663.28,2,166.98,331.64,1,3,Potensial (Average Spending)
Timothy Reese,748.54,1,195.89,748.54,1,2,Kasual (Low Spending)
Timothy Richard,981.22,1,148.03,981.22,1,2,Kasual (Low Spending)
Timothy Richards,339.05,1,62.64,339.05,1,2,Kasual (Low Spending)
Timothy Rios,141.61,1,52.28,141.61,1,2,Kasual (Low Spending)
Timothy Roberts,918.32,2,208.48,459.16,1,3,Potensial (Average Spending)
Timothy Russell,486.45,3,157.2,162.15,1,3,Potensial (Average Spending)
Timothy Sanders,906.37,1,228.21,906.37,1,2,Kasual (Low Spending)
Timothy Saunders,3265.47,3,271.03,1088.49,1,0,Premium (High Spending)
Timothy Schaefer,837.83,1,161.91,837.83,1,2,Kasual (Low Spending)
Timothy Smith,522.13,6,132.36,114.62333333333333,3,0,Premium (High Spending)
Timothy Sullivan,277.13,1,51.4,277.13,1,2,Kasual (Low Spending)
Timothy Summers,149.24,1,29.96,149.24,1,2,Kasual (Low Spending)
Timothy Taylor,422.42,2,119.86,211.21,1,3,Potensial (Average Spending)
Timothy Thomas,172.24,1,32.61,172.24,1,2,Kasual (Low Spending)
Timothy Todd,350.69,1,108.28,350.69,1,2,Kasual (Low Spending)
Timothy Tucker,153.93,1,33.6,153.93,1,2,Kasual (Low Spending)
Timothy Valenzuela,536.33,1,61.3,536.33,1,2,Kasual (Low Spending)
Timothy Villegas,1277.24,2,324.63,638.62,1,0,Premium (High Spending)
Timothy Wade,2586.18,3,657.18,862.06,1,0,Premium (High Spending)
Timothy Walker,406.96000000000004,2,180.20999999999998,203.48000000000002,2,3,Potensial (Average Spending)
Timothy Warren,361.5,1,63.81,361.5,1,2,Kasual (Low Spending)
Timothy Washington,930.5,1,135.69,930.5,1,2,Kasual (Low Spending)
Timothy Weber,523.17,3,114.46,174.39,1,3,Potensial (Average Spending)
Timothy White,258.16,2,81.46,129.08,1,3,Potensial (Average Spending)
Timothy Williams,452.87,2,167.82,226.435,2,3,Potensial (Average Spending)
Timothy Wu,145.04,1,61.62,145.04,1,2,Kasual (Low Spending)
Tina Allen PhD,552.84,1,72.96,552.84,1,2,Kasual (Low Spending)
Tina Bailey DDS,462.92,1,92.44,462.92,1,2,Kasual (Low Spending)
Tina Baker,139.88,1,18.92,139.88,1,2,Kasual (Low Spending)
Tina Beard,813.02,2,312.46,406.51,1,3,Potensial (Average Spending)
Tina Cabrera,1147.96,4,438.98,286.99,1,0,Premium (High Spending)
Tina Carter,1204.12,1,363.44,1204.12,1,2,Kasual (Low Spending)
Tina Clark,416.9,2,159.1,208.45,1,3,Potensial (Average Spending)
Tina Cook,311.16,2,114.69,155.58,1,3,Potensial (Average Spending)
Tina Dennis,889.96,4,268.35,222.49,1,0,Premium (High Spending)
Tina Dillon,507.02,2,134.4,253.51,1,3,Potensial (Average Spending)
Tina Fuller,375.26,1,31.29,375.26,1,2,Kasual (Low Spending)
Tina Gonzalez,2464.69,3,462.71000000000004,812.595,2,0,Premium (High Spending)
Tina Gould,184.63,1,91.91,184.63,1,2,Kasual (Low Spending)
Tina Gutierrez,1947.54,3,219.23,649.18,1,0,Premium (High Spending)
Tina Harris,83.64,1,17.7,83.64,1,2,Kasual (Low Spending)
Tina Harrison,220.81,1,89.59,220.81,1,2,Kasual (Low Spending)
Tina Haynes,46.34,1,11.8,46.34,1,2,Kasual (Low Spending)
Tina Hernandez,153.6,2,62.11,76.8,1,3,Potensial (Average Spending)
Tina Hicks,258.17,1,66.58,258.17,1,2,Kasual (Low Spending)
Tina Hunter,1321.05,3,278.95000000000005,581.815,2,0,Premium (High Spending)
Tina Ibarra,474.77,1,64.29,474.77,1,2,Kasual (Low Spending)
Tina Johnson,895.6700000000001,2,211.05,447.83500000000004,2,3,Potensial (Average Spending)
Tina Jones,512.45,1,70.98,512.45,1,2,Kasual (Low Spending)
Tina Kim,304.13,1,101.96,304.13,1,2,Kasual (Low Spending)
Tina Le,322.69,1,104.52,322.69,1,2,Kasual (Low Spending)
Tina Maddox,1443.7,2,284.57,721.85,1,3,Potensial (Average Spending)
Tina Matthews,255.88,2,78.73,127.94,1,3,Potensial (Average Spending)
Tina Molina,147.86,1,45.76,147.86,1,2,Kasual (Low Spending)
Tina Moreno,958.8,3,307.06,319.6,1,0,Premium (High Spending)
Tina Morrow,3427.71,3,666.3,1142.57,1,1,VIP (Top Buyers & High Quantity)
Tina Moses,277.4,1,93.13,277.4,1,2,Kasual (Low Spending)
Tina Nguyen,217.46,1,58.05,217.46,1,2,Kasual (Low Spending)
Tina Patterson,1667.72,2,229.77,833.86,1,3,Potensial (Average Spending)
Tina Raymond,531.2,1,47.43,531.2,1,2,Kasual (Low Spending)
Tina Rhodes,403.53,3,125.34,134.51,1,3,Potensial (Average Spending)
Tina Rodriguez,680.22,3,97.29,226.74,1,3,Potensial (Average Spending)
Tina Ross,319.64,2,107.61,159.82,1,3,Potensial (Average Spending)
Tina Santana,253.23,3,49.49,84.41,1,3,Potensial (Average Spending)
Tina Short,1325.88,3,453.88,441.96,1,0,Premium (High Spending)
Tina Sims,476.13,3,98.02,158.71,1,3,Potensial (Average Spending)
Tina Smith,1232.88,2,366.81,616.44,1,0,Premium (High Spending)
Tina Taylor,1961.45,5,510.54,392.29,1,0,Premium (High Spending)
Tina Williams,628.92,3,231.38,209.64,1,3,Potensial (Average Spending)
Todd Anderson,269.53,1,42.97,269.53,1,2,Kasual (Low Spending)
Todd Carter,684.86,2,206.06,342.43,1,3,Potensial (Average Spending)
Todd Ellis,535.62,2,76.79,267.81,1,3,Potensial (Average Spending)
Todd Harris,1751.49,5,222.17000000000002,336.375,2,0,Premium (High Spending)
Todd Ho,1962.96,3,323.94,654.32,1,0,Premium (High Spending)
Todd Johnston,169.92,1,68.46,169.92,1,2,Kasual (Low Spending)
Todd Lee,4224.85,5,698.17,844.97,1,1,VIP (Top Buyers & High Quantity)
Todd Morales,300.54,1,126.3,300.54,1,2,Kasual (Low Spending)
Todd Orozco,405.24,1,163.8,405.24,1,2,Kasual (Low Spending)
Todd Page,841.76,1,254.45,841.76,1,2,Kasual (Low Spending)
Todd Patterson,100.27,1,33.42,100.27,1,2,Kasual (Low Spending)
Todd Phillips MD,135.5,1,53.67,135.5,1,2,Kasual (Low Spending)
Todd Robertson,568.5699999999999,2,196.49,284.28499999999997,2,3,Potensial (Average Spending)
Todd Robinson,703.16,1,159.44,703.16,1,2,Kasual (Low Spending)
Todd Smith,346.89,3,124.71,115.63,1,3,Potensial (Average Spending)
Todd Stone,860.18,2,146.75,430.09,1,3,Potensial (Average Spending)
Todd Thompson,103.96,2,32.32,51.98,1,3,Potensial (Average Spending)
Todd Tucker,250.34,1,56.7,250.34,1,2,Kasual (Low Spending)
Todd Woods,199.64,1,55.4,199.64,1,2,Kasual (Low Spending)
Tom Hill,467.47,1,180.8,467.47,1,2,Kasual (Low Spending)
Tom Walker,356.12,2,102.26,178.06,1,3,Potensial (Average Spending)
Tommy Cummings,306.99,1,33.76,306.99,1,2,Kasual (Low Spending)
Tommy Davis,115.21,1,38.46,115.21,1,2,Kasual (Low Spending)
Tommy Hall,589.58,2,83.53,294.79,1,3,Potensial (Average Spending)
Tommy Malone,881.22,2,134.65,440.61,1,3,Potensial (Average Spending)
Tommy Williams,2173.56,3,367.53,724.52,1,0,Premium (High Spending)
Toni Garcia,115.26,2,24.14,57.63,1,3,Potensial (Average Spending)
Toni Gentry,7110.96,6,1402.02,1185.16,1,1,VIP (Top Buyers & High Quantity)
Toni Hood,964.88,4,370.17,241.22,1,0,Premium (High Spending)
Toni Perkins,460.38,2,116.85,230.19,1,3,Potensial (Average Spending)
Toni Roberts,723.9,1,143.99,723.9,1,2,Kasual (Low Spending)
Toni Sanders,589.76,1,106.83,589.76,1,2,Kasual (Low Spending)
Toni White,1179.7,2,151.89,589.85,1,3,Potensial (Average Spending)
Tony Adkins,1721.76,3,601.95,573.92,1,0,Premium (High Spending)
Tony Bailey,359.45,1,53.99,359.45,1,2,Kasual (Low Spending)
Tony Gutierrez,364.44,1,61.91,364.44,1,2,Kasual (Low Spending)
Tony Hayes,313.83,3,66.07,104.61,1,3,Potensial (Average Spending)
Tony Hernandez,314.91,3,57.18,104.97,1,3,Potensial (Average Spending)
Tony Humphrey,346.06,2,75.97,173.03,1,3,Potensial (Average Spending)
Tony Kelley,254.21,1,87.96,254.21,1,2,Kasual (Low Spending)
Tony Maxwell,471.99,1,150.01,471.99,1,2,Kasual (Low Spending)
Tony Nelson,3061.65,5,683.05,612.33,1,1,VIP (Top Buyers & High Quantity)
Tony Patterson,1456.4,5,318.03,291.28,1,0,Premium (High Spending)
Tony Richards,133.09,1,26.36,133.09,1,2,Kasual (Low Spending)
Tony Roberts,373.44,2,110.52,186.72,1,3,Potensial (Average Spending)
Tony Smith,2501.98,2,205.94,1250.99,1,0,Premium (High Spending)
Tonya Austin,825.44,4,275.22,206.36,1,0,Premium (High Spending)
Tonya Eaton DDS,852.04,1,121.69,852.04,1,2,Kasual (Low Spending)
Tonya Garcia,58.51,1,11.32,58.51,1,2,Kasual (Low Spending)
Tonya Griffin,179.55,3,73.39,59.85,1,3,Potensial (Average Spending)
Tonya Griffith,706.16,2,114.95,353.08,1,3,Potensial (Average Spending)
Tonya Houston,2819.64,4,514.86,704.91,1,0,Premium (High Spending)
Tonya Jones DDS,185.2,2,41.12,92.6,1,3,Potensial (Average Spending)
Tonya Manning,1035.99,3,319.06,345.33,1,0,Premium (High Spending)
Tonya Mcmahon,911.22,1,161.48,911.22,1,2,Kasual (Low Spending)
Tonya Miller,146.48,1,48.69,146.48,1,2,Kasual (Low Spending)
Tonya Molina,445.35,3,61.35,148.45,1,3,Potensial (Average Spending)
Tonya Nichols,144.07,1,57.26,144.07,1,2,Kasual (Low Spending)
Tonya Richardson,304.96,1,61.58,304.96,1,2,Kasual (Low Spending)
Tonya Rivas,190.0,4,74.74,47.5,1,3,Potensial (Average Spending)
Tonya Rivers,286.56,2,96.68,143.28,1,3,Potensial (Average Spending)
Tonya Smith,87.98,1,32.66,87.98,1,2,Kasual (Low Spending)
Tonya Turner,914.89,1,123.46,914.89,1,2,Kasual (Low Spending)
Tonya Williams,792.78,1,111.38,792.78,1,2,Kasual (Low Spending)
Tracey Bullock,217.72,2,40.97,108.86,1,3,Potensial (Average Spending)
Tracey Cross,1731.12,4,573.89,432.78,1,0,Premium (High Spending)
Tracey Davis,127.0,2,44.72,63.5,1,3,Potensial (Average Spending)
Tracey Garcia,207.47,1,38.1,207.47,1,2,Kasual (Low Spending)
Tracey Hall,1077.48,1,160.7,1077.48,1,2,Kasual (Low Spending)
Tracey Jimenez,1601.46,2,230.78,800.73,2,3,Potensial (Average Spending)
Tracey Jones,721.9,1,64.77,721.9,1,2,Kasual (Low Spending)
Tracey Maynard,402.43,1,85.83,402.43,1,2,Kasual (Low Spending)
Tracey Miller,236.24,1,49.18,236.24,1,2,Kasual (Low Spending)
Tracey Morales,780.48,2,159.57,390.24,1,3,Potensial (Average Spending)
Tracey Murray,143.91,1,49.66,143.91,1,2,Kasual (Low Spending)
Tracey Ward,2738.8,4,439.11,684.7,1,0,Premium (High Spending)
Tracey White,390.5,2,116.69,195.25,1,3,Potensial (Average Spending)
Tracey Wilson,657.55,1,174.19,657.55,1,2,Kasual (Low Spending)
Traci Ferguson,220.13,1,55.23,220.13,1,2,Kasual (Low Spending)
Traci Long,131.95,1,51.22,131.95,1,2,Kasual (Low Spending)
Traci Martin,117.04,2,33.7,58.52,1,3,Potensial (Average Spending)
Traci Watkins,485.34,1,111.62,485.34,1,2,Kasual (Low Spending)
Traci Wise,751.11,3,222.99,250.37,1,3,Potensial (Average Spending)
Tracie Arias MD,1184.07,3,157.4,394.69,1,3,Potensial (Average Spending)
Tracie Garcia,70.51,1,9.18,70.51,1,2,Kasual (Low Spending)
Tracie Ho,699.41,1,159.94,699.41,1,2,Kasual (Low Spending)
Tracy Alvarez,682.34,2,104.95,341.17,1,3,Potensial (Average Spending)
Tracy Anderson,937.77,3,302.1,312.59,1,0,Premium (High Spending)
Tracy Atkins,148.65,1,41.5,148.65,1,2,Kasual (Low Spending)
Tracy Berger,1046.64,2,173.32,523.32,1,3,Potensial (Average Spending)
Tracy Bowman,1204.42,2,141.8,602.21,1,3,Potensial (Average Spending)
Tracy Cole,291.64,2,51.62,145.82,1,3,Potensial (Average Spending)
Tracy Cooley,597.0,6,200.06,99.5,1,0,Premium (High Spending)
Tracy Davis,416.76,2,142.44,208.38,1,3,Potensial (Average Spending)
Tracy Deleon,809.23,1,268.3,809.23,1,2,Kasual (Low Spending)
Tracy Dixon,1840.76,4,274.1,460.19,1,0,Premium (High Spending)
Tracy Ellis,159.34,1,59.29,159.34,1,2,Kasual (Low Spending)
Tracy Erickson,451.45,1,72.72,451.45,1,2,Kasual (Low Spending)
Tracy Evans,395.62,1,108.86,395.62,1,2,Kasual (Low Spending)
Tracy Figueroa,2495.85,3,857.88,831.95,1,1,VIP (Top Buyers & High Quantity)
Tracy Fischer,61.63,1,24.49,61.63,1,2,Kasual (Low Spending)
Tracy Holmes,2857.14,3,590.77,952.38,1,0,Premium (High Spending)
Tracy Johnson,3025.04,4,766.8199999999999,756.26,2,1,VIP (Top Buyers & High Quantity)
Tracy Klein,95.32,2,12.45,47.66,1,3,Potensial (Average Spending)
Tracy Lee,55.8,2,17.81,27.9,1,3,Potensial (Average Spending)
Tracy Lewis,3960.63,5,592.02,777.3900000000001,2,1,VIP (Top Buyers & High Quantity)
Tracy Martin,1645.3600000000001,3,182.99,620.715,2,0,Premium (High Spending)
Tracy Mcfarland,96.49,1,37.29,96.49,1,2,Kasual (Low Spending)
Tracy Miller,703.88,2,135.51,351.94,1,3,Potensial (Average Spending)
Tracy Morgan,442.42,2,104.37,221.21,1,3,Potensial (Average Spending)
Tracy Murphy,240.37,1,51.59,240.37,1,2,Kasual (Low Spending)
Tracy Navarro,80.91,1,10.79,80.91,1,2,Kasual (Low Spending)
Tracy Patton,300.27,1,49.22,300.27,1,2,Kasual (Low Spending)
Tracy Quinn,518.26,1,44.43,518.26,1,2,Kasual (Low Spending)
Tracy Reynolds,170.94,2,74.1,85.47,1,3,Potensial (Average Spending)
Tracy Robbins,413.16,2,161.59,206.58,1,3,Potensial (Average Spending)
Tracy Rodriguez,45.74,1,17.26,45.74,1,2,Kasual (Low Spending)
Tracy Russell,231.56,1,77.26,231.56,1,2,Kasual (Low Spending)
Tracy Santiago,411.96,1,104.73,411.96,1,2,Kasual (Low Spending)
Tracy Smith,2063.5,5,616.43,412.7,1,1,VIP (Top Buyers & High Quantity)
Tracy Stevenson,169.11,1,78.86,169.11,1,2,Kasual (Low Spending)
Tracy Thomas,781.52,2,247.86,390.76,1,3,Potensial (Average Spending)
Tracy Todd,667.38,3,230.74,222.46,1,3,Potensial (Average Spending)
Tracy Tucker,1885.2,2,421.2,942.6,1,0,Premium (High Spending)
Tracy Weaver,323.28,3,92.29,107.76,1,3,Potensial (Average Spending)
Tracy Wood,337.17,3,64.43,112.39,1,3,Potensial (Average Spending)
Travis Baker,278.9,2,100.85,139.45,1,3,Potensial (Average Spending)
Travis Bright,1181.12,2,132.09,590.56,1,3,Potensial (Average Spending)
Travis Brown,358.66,1,153.8,358.66,1,2,Kasual (Low Spending)
Travis English,126.01,1,39.73,126.01,1,2,Kasual (Low Spending)
Travis Fox,297.71,1,45.64,297.71,1,2,Kasual (Low Spending)
Travis Houston,227.61,1,23.88,227.61,1,2,Kasual (Low Spending)
Travis Jackson,450.06,1,58.53,450.06,1,2,Kasual (Low Spending)
Travis Johnson,190.9,1,20.19,190.9,1,2,Kasual (Low Spending)
Travis Khan,390.6,2,121.84,195.3,1,3,Potensial (Average Spending)
Travis Kirk,345.66,2,94.85,172.83,1,3,Potensial (Average Spending)
Travis Le,48.93,1,10.58,48.93,1,2,Kasual (Low Spending)
Travis Manning,146.85,1,38.49,146.85,1,2,Kasual (Low Spending)
Travis Miller,3388.0,4,444.79,847.0,1,0,Premium (High Spending)
Travis Moore,281.51,1,94.82,281.51,1,2,Kasual (Low Spending)
Travis Moreno,593.95,1,97.45,593.95,1,2,Kasual (Low Spending)
Travis Newton,205.1,1,51.4,205.1,1,2,Kasual (Low Spending)
Travis Osborne,59.94,1,18.07,59.94,1,2,Kasual (Low Spending)
Travis Pearson,1762.77,3,246.65,587.59,1,0,Premium (High Spending)
Travis Reeves,582.88,2,203.84,291.44,1,3,Potensial (Average Spending)
Travis Rogers,333.24,2,119.43,166.62,1,3,Potensial (Average Spending)
Travis Sanford,266.33,1,70.79,266.33,1,2,Kasual (Low Spending)
Travis Taylor,754.38,2,140.13,377.19,1,3,Potensial (Average Spending)
Travis Tran,211.86,1,42.39,211.86,1,2,Kasual (Low Spending)
Travis Valentine,244.44,3,91.1,81.48,1,3,Potensial (Average Spending)
Travis Vega,369.82,2,78.88,184.91,1,3,Potensial (Average Spending)
Travis Wilson,719.31,3,238.69,239.77,1,3,Potensial (Average Spending)
Travis Young,191.36,2,49.01,95.68,1,3,Potensial (Average Spending)
Trevor Adams,186.36,3,80.15,62.12,1,3,Potensial (Average Spending)
Trevor Archer,1320.42,2,131.1,660.21,1,3,Potensial (Average Spending)
Trevor Butler,406.39,1,98.45,406.39,1,2,Kasual (Low Spending)
Trevor Carey,343.27,1,128.14,343.27,1,2,Kasual (Low Spending)
Trevor Church,458.53,1,76.15,458.53,1,2,Kasual (Low Spending)
Trevor Conley,213.82,1,82.14,213.82,1,2,Kasual (Low Spending)
Trevor Dean,119.51,1,17.35,119.51,1,2,Kasual (Low Spending)
Trevor Foster,161.68,1,45.61,161.68,1,2,Kasual (Low Spending)
Trevor Hall,2062.66,2,266.89,1031.33,1,0,Premium (High Spending)
Trevor Hayes,493.28,2,68.44,246.64,1,3,Potensial (Average Spending)
Trevor Jimenez,160.13,1,30.42,160.13,1,2,Kasual (Low Spending)
Trevor Lindsey,227.22,3,85.27,75.74,1,3,Potensial (Average Spending)
Trevor Miles,200.17,1,54.49,200.17,1,2,Kasual (Low Spending)
Trevor Mitchell,1180.45,1,136.49,1180.45,1,2,Kasual (Low Spending)
Trevor Moore,1567.66,2,492.95,783.83,1,0,Premium (High Spending)
Trevor Rosario,222.04,2,96.13,111.02,1,3,Potensial (Average Spending)
Trevor Williams,806.67,1,145.27,806.67,1,2,Kasual (Low Spending)
Tricia Drake,1199.97,3,273.89,399.99,1,0,Premium (High Spending)
Tricia Lowe,61.11,1,16.61,61.11,1,2,Kasual (Low Spending)
Tricia Pena,454.86,3,145.69,151.62,1,3,Potensial (Average Spending)
Tricia Price,1237.76,2,158.76,618.88,1,3,Potensial (Average Spending)
Tricia Smith,1807.3,5,805.14,361.46,1,1,VIP (Top Buyers & High Quantity)
Tristan Davis,127.84,1,24.64,127.84,1,2,Kasual (Low Spending)
Tristan Harrison,139.08,1,25.42,139.08,1,2,Kasual (Low Spending)
Tristan Smith,1199.14,2,131.73,599.57,1,3,Potensial (Average Spending)
Tristan Wise,642.76,1,77.96,642.76,1,2,Kasual (Low Spending)
Troy Barker,1601.28,2,499.97,800.64,1,0,Premium (High Spending)
Troy Boone,974.39,1,180.99,974.39,1,2,Kasual (Low Spending)
Troy Combs,367.98,1,121.81,367.98,1,2,Kasual (Low Spending)
Troy Freeman,1664.94,2,203.37,832.47,1,3,Potensial (Average Spending)
Troy Hawkins,106.64,1,20.09,106.64,1,2,Kasual (Low Spending)
Troy Johnson,487.75,1,97.65,487.75,1,2,Kasual (Low Spending)
Troy Mack,213.56,2,54.8,106.78,1,3,Potensial (Average Spending)
Troy Murray,71.89,1,17.84,71.89,1,2,Kasual (Low Spending)
Troy Paul,351.4,1,105.15,351.4,1,2,Kasual (Low Spending)
Troy Rios,1814.04,3,398.46,604.68,1,0,Premium (High Spending)
Troy Robinson,647.51,1,66.78,647.51,1,2,Kasual (Low Spending)
Troy Rogers,385.66,1,60.03,385.66,1,2,Kasual (Low Spending)
Troy Thompson,419.28,2,195.99,209.64,1,3,Potensial (Average Spending)
Troy West,377.13,1,96.89,377.13,1,2,Kasual (Low Spending)
Troy Young,725.48,1,247.84,725.48,1,2,Kasual (Low Spending)
Tyler Abbott,452.3,2,187.53,226.15,1,3,Potensial (Average Spending)
Tyler Atkinson,238.36,4,66.01,59.59,1,3,Potensial (Average Spending)
Tyler Baker,1901.38,2,233.36,950.69,1,0,Premium (High Spending)
Tyler Barker,204.66,1,22.67,204.66,1,2,Kasual (Low Spending)
Tyler Bolton,239.63,1,64.15,239.63,1,2,Kasual (Low Spending)
Tyler Brown,92.18,1,30.11,92.18,1,2,Kasual (Low Spending)
Tyler Castro,382.8,2,133.83,191.4,1,3,Potensial (Average Spending)
Tyler Chambers,588.09,2,173.97,294.045,2,3,Potensial (Average Spending)
Tyler Donovan,204.07,1,26.42,204.07,1,2,Kasual (Low Spending)
Tyler Dunn,256.82,1,78.59,256.82,1,2,Kasual (Low Spending)
Tyler Erickson,1300.02,3,267.26,433.34,1,0,Premium (High Spending)
Tyler Fields,781.7,2,124.89,390.85,1,3,Potensial (Average Spending)
Tyler Fuller,1450.8,3,237.64,483.6,1,0,Premium (High Spending)
Tyler Garrett,465.42,3,156.63,155.14,1,3,Potensial (Average Spending)
Tyler Gibson,237.45,1,100.87,237.45,1,2,Kasual (Low Spending)
Tyler Griffin,487.38,2,132.74,243.69,1,3,Potensial (Average Spending)
Tyler Hardy,691.08,2,309.83,345.54,1,3,Potensial (Average Spending)
Tyler Harrell,1267.0,2,254.56,633.5,1,3,Potensial (Average Spending)
Tyler Hernandez,194.25,1,96.46,194.25,1,2,Kasual (Low Spending)
Tyler Hicks,311.54,1,90.11,311.54,1,2,Kasual (Low Spending)
Tyler Jenkins,2326.9,5,603.04,465.38,1,1,VIP (Top Buyers & High Quantity)
Tyler Johnson,7887.3,8,1242.78,960.8933333333333,3,1,VIP (Top Buyers & High Quantity)
Tyler Kelley,225.76,2,104.08,112.88,1,3,Potensial (Average Spending)
Tyler Kent,1226.49,3,132.38,408.83,1,3,Potensial (Average Spending)
Tyler Klein,223.03,1,67.35,223.03,1,2,Kasual (Low Spending)
Tyler Martinez,657.83,1,53.99,657.83,1,2,Kasual (Low Spending)
Tyler Mason,503.7,1,43.33,503.7,1,2,Kasual (Low Spending)
Tyler Maxwell,5485.26,6,508.11,914.21,1,1,VIP (Top Buyers & High Quantity)
Tyler Mcguire,143.13,1,50.11,143.13,1,2,Kasual (Low Spending)
Tyler Morales,1923.99,3,494.29,641.33,1,0,Premium (High Spending)
Tyler Morgan,162.08,2,43.48,81.04,1,3,Potensial (Average Spending)
Tyler Nielsen,198.89,1,73.34,198.89,1,2,Kasual (Low Spending)
Tyler Patton,1595.8,4,202.91,398.95,1,0,Premium (High Spending)
Tyler Pineda,88.44,1,21.45,88.44,1,2,Kasual (Low Spending)
Tyler Reed MD,89.31,1,29.88,89.31,1,2,Kasual (Low Spending)
Tyler Reynolds,114.21,1,12.01,114.21,1,2,Kasual (Low Spending)
Tyler Rollins,208.57,1,51.08,208.57,1,2,Kasual (Low Spending)
Tyler Santos,252.4,2,49.86,126.2,1,3,Potensial (Average Spending)
Tyler Smith,583.16,1,70.99,583.16,1,2,Kasual (Low Spending)
Tyler Stark,1372.86,3,389.52,457.62,1,0,Premium (High Spending)
Tyler Stevens,51.69,1,16.32,51.69,1,2,Kasual (Low Spending)
Tyler Sutton,512.36,2,185.82,256.18,1,3,Potensial (Average Spending)
Tyler Tate,745.8,2,189.04,372.9,1,3,Potensial (Average Spending)
Tyler Taylor,174.76,2,40.84,87.38,1,3,Potensial (Average Spending)
Tyler Thompson,2115.09,5,421.08000000000004,449.12,2,0,Premium (High Spending)
Tyler Turner,438.94,2,188.15,219.47,1,3,Potensial (Average Spending)
Tyler Wilkerson,453.28,2,143.46,226.64,1,3,Potensial (Average Spending)
Tyler Williams,405.59000000000003,5,80.27000000000001,126.955,2,3,Potensial (Average Spending)
Tyler Zimmerman,2531.36,2,836.43,1265.68,1,0,Premium (High Spending)
Tyrone Galloway,251.89,1,47.76,251.89,1,2,Kasual (Low Spending)
Tyrone Johnson,290.86,2,110.4,145.43,1,3,Potensial (Average Spending)
Tyrone Marshall,890.28,2,152.13,445.14,1,3,Potensial (Average Spending)
Tyrone Martin,763.92,4,210.34,190.98,1,0,Premium (High Spending)
Tyrone Walker,1755.82,2,524.16,877.91,1,0,Premium (High Spending)
Valerie Brown,685.65,1,165.94,685.65,1,2,Kasual (Low Spending)
Valerie Davidson,101.22,2,29.55,50.61,1,3,Potensial (Average Spending)
Valerie Galloway,291.23,1,79.0,291.23,1,2,Kasual (Low Spending)
Valerie Gonzalez,258.36,1,70.74,258.36,1,2,Kasual (Low Spending)
Valerie Gray,515.44,2,232.17,257.72,1,3,Potensial (Average Spending)
Valerie Harris,131.52,2,39.02,65.76,1,3,Potensial (Average Spending)
Valerie Horn,352.12,2,138.09,176.06,1,3,Potensial (Average Spending)
Valerie Johnson,714.0,3,110.87,238.0,1,3,Potensial (Average Spending)
Valerie Jones,1226.1,2,354.21,613.05,1,0,Premium (High Spending)
Valerie Long,126.35,1,47.61,126.35,1,2,Kasual (Low Spending)
Valerie Marshall,487.05,3,136.09,162.35,1,3,Potensial (Average Spending)
Valerie Martinez,441.57,1,118.78,441.57,1,2,Kasual (Low Spending)
Valerie Mills,548.46,1,66.42,548.46,1,2,Kasual (Low Spending)
Valerie Moore,426.16,2,184.26,213.08,1,3,Potensial (Average Spending)
Valerie Morrow,300.02,2,93.39,150.01,1,3,Potensial (Average Spending)
Valerie Orozco,907.88,2,251.13,453.94,1,3,Potensial (Average Spending)
Valerie Padilla,390.86,1,115.56,390.86,1,2,Kasual (Low Spending)
Valerie Perkins,40.46,2,15.49,20.23,1,3,Potensial (Average Spending)
Valerie Pollard,1240.63,1,352.91,1240.63,1,2,Kasual (Low Spending)
Valerie Price,105.92,2,23.06,52.96,1,3,Potensial (Average Spending)
Valerie Proctor,399.42,1,70.75,399.42,1,2,Kasual (Low Spending)
Valerie Rush,1329.85,5,307.21,265.97,1,0,Premium (High Spending)
Valerie Sanchez,314.38,1,131.46,314.38,1,2,Kasual (Low Spending)
Valerie Simmons,1857.6,4,334.35,464.4,1,0,Premium (High Spending)
Valerie Stephenson,577.3,2,254.17,288.65,1,3,Potensial (Average Spending)
Valerie Swanson,637.85,5,208.63,127.57,1,0,Premium (High Spending)
Valerie Thompson,953.6,4,273.64,238.4,1,0,Premium (High Spending)
Valerie Watkins,721.95,3,299.8,240.65,1,3,Potensial (Average Spending)
Valerie Young,136.35,1,35.96,136.35,1,2,Kasual (Low Spending)
Vanessa Acosta,625.14,3,129.24,208.38,1,3,Potensial (Average Spending)
Vanessa Baker,1841.56,2,219.23,920.78,1,3,Potensial (Average Spending)
Vanessa Booth,319.52,1,26.9,319.52,1,2,Kasual (Low Spending)
Vanessa Dixon,1006.47,1,101.47,1006.47,1,2,Kasual (Low Spending)
Vanessa Fitzpatrick MD,729.59,1,106.09,729.59,1,2,Kasual (Low Spending)
Vanessa Hopkins,2006.22,3,439.28,668.74,1,0,Premium (High Spending)
Vanessa Hudson,1080.56,4,242.31,270.14,1,0,Premium (High Spending)
Vanessa Matthews,484.34,2,125.9,242.17,1,3,Potensial (Average Spending)
Vanessa Meyer,246.7,1,53.43,246.7,1,2,Kasual (Low Spending)
Vanessa Neal,760.62,1,112.69,760.62,1,2,Kasual (Low Spending)
Vanessa Norton,1156.27,1,150.97,1156.27,1,2,Kasual (Low Spending)
Vanessa Obrien,230.43,1,20.05,230.43,1,2,Kasual (Low Spending)
Vanessa Powell,558.56,2,221.09,279.28,1,3,Potensial (Average Spending)
Vanessa Simmons,232.54,1,55.27,232.54,1,2,Kasual (Low Spending)
Vanessa Small,962.88,3,151.86,320.96,1,3,Potensial (Average Spending)
Vanessa Spence,1239.12,2,162.45,619.56,1,3,Potensial (Average Spending)
Vanessa Thompson,270.93,1,121.5,270.93,1,2,Kasual (Low Spending)
Vanessa Ward,213.51,1,49.7,213.51,1,2,Kasual (Low Spending)
Vanessa Warner,105.24,1,47.72,105.24,1,2,Kasual (Low Spending)
Vanessa Waters,70.52,2,18.3,35.26,1,3,Potensial (Average Spending)
Vanessa Webb MD,66.76,1,28.96,66.76,1,2,Kasual (Low Spending)
Vanessa Wright,2711.77,5,654.34,625.585,2,1,VIP (Top Buyers & High Quantity)
Vernon Hardy,177.37,1,72.08,177.37,1,2,Kasual (Low Spending)
Vernon Lopez,204.04,1,35.56,204.04,1,2,Kasual (Low Spending)
Vernon Rangel,1019.0,2,246.3,509.5,1,3,Potensial (Average Spending)
Vernon Smith,365.15,1,111.81,365.15,1,2,Kasual (Low Spending)
Vernon Wood,307.53,3,64.7,102.51,1,3,Potensial (Average Spending)
Veronica Adams,1750.02,2,195.36,875.01,1,3,Potensial (Average Spending)
Veronica Austin,1038.85,1,181.53,1038.85,1,2,Kasual (Low Spending)
Veronica Brock,746.22,2,251.93,373.11,1,3,Potensial (Average Spending)
Veronica Brown,1265.46,2,188.95,632.73,1,3,Potensial (Average Spending)
Veronica Bryant,534.37,1,181.09,534.37,1,2,Kasual (Low Spending)
Veronica Cole,774.0,1,246.33,774.0,1,2,Kasual (Low Spending)
Veronica Conner,660.49,1,98.69,660.49,1,2,Kasual (Low Spending)
Veronica Crawford,665.01,1,137.3,665.01,1,2,Kasual (Low Spending)
Veronica Diaz,39.46,2,15.72,19.73,1,3,Potensial (Average Spending)
Veronica Downs,199.75,1,45.96,199.75,1,2,Kasual (Low Spending)
Veronica Duncan,2453.28,3,206.54,817.76,1,0,Premium (High Spending)
Veronica Edwards,1574.76,3,234.78,524.92,1,0,Premium (High Spending)
Veronica Gomez,409.26,1,114.29,409.26,1,2,Kasual (Low Spending)
Veronica Jackson,183.64,1,36.67,183.64,1,2,Kasual (Low Spending)
Veronica Jones,685.31,1,84.67,685.31,1,2,Kasual (Low Spending)
Veronica Kelly,725.44,2,228.99,362.72,1,3,Potensial (Average Spending)
Veronica Lopez,378.84,1,127.49,378.84,1,2,Kasual (Low Spending)
Veronica Mullen,380.92,2,114.79,190.46,1,3,Potensial (Average Spending)
Veronica Rosario,690.17,1,156.89,690.17,1,2,Kasual (Low Spending)
Vicki Carter,420.09,1,69.96,420.09,1,2,Kasual (Low Spending)
Vicki Nelson,566.83,1,147.87,566.83,1,2,Kasual (Low Spending)
Vicki Parker,225.57,1,76.53,225.57,1,2,Kasual (Low Spending)
Vicki Peterson,409.94,2,146.17,204.97,1,3,Potensial (Average Spending)
Vicki Richardson,574.3,1,99.82,574.3,1,2,Kasual (Low Spending)
Vicki Russell,1391.68,2,144.65,695.84,1,3,Potensial (Average Spending)
Vicki Smith,398.11,1,135.11,398.11,1,2,Kasual (Low Spending)
Vicki Webb,616.74,1,65.19,616.74,1,2,Kasual (Low Spending)
Vickie Dunlap,720.06,2,284.45,360.03,1,3,Potensial (Average Spending)
Vickie Garza,869.4,1,274.87,869.4,1,2,Kasual (Low Spending)
Vickie Mcbride,257.58,2,62.74,128.79,1,3,Potensial (Average Spending)
Vickie Miller,180.41,1,38.32,180.41,1,2,Kasual (Low Spending)
Vickie Patterson,300.68,1,95.09,300.68,1,2,Kasual (Low Spending)
Vickie Rojas,702.21,1,84.3,702.21,1,2,Kasual (Low Spending)
Vickie Smith,145.75,1,59.13,145.75,1,2,Kasual (Low Spending)
Vickie Taylor,86.03,1,27.3,86.03,1,2,Kasual (Low Spending)
Vickie Wright,1150.92,1,220.38,1150.92,1,2,Kasual (Low Spending)
Victor Allen,663.03,3,164.44,221.01,1,3,Potensial (Average Spending)
Victor Burgess,891.58,1,189.15,891.58,1,2,Kasual (Low Spending)
Victor Davidson,560.85,1,154.14,560.85,1,2,Kasual (Low Spending)
Victor Freeman,1923.64,2,298.51,961.82,1,0,Premium (High Spending)
Victor Gates,70.46,1,18.15,70.46,1,2,Kasual (Low Spending)
Victor Gonzalez,422.96,1,60.67,422.96,1,2,Kasual (Low Spending)
Victor Jones,417.5,2,82.2,208.75,1,3,Potensial (Average Spending)
Victor Jordan,844.92,2,218.88,422.46,1,3,Potensial (Average Spending)
Victor Klein,343.89,1,129.45,343.89,1,2,Kasual (Low Spending)
Victor Martin,368.6,1,83.62,368.6,1,2,Kasual (Low Spending)
Victor Ortiz,591.65,1,50.06,591.65,1,2,Kasual (Low Spending)
Victor Perez,252.32,1,43.6,252.32,1,2,Kasual (Low Spending)
Victor Powers,262.81,1,83.35,262.81,1,2,Kasual (Low Spending)
Victor Rangel,529.06,1,79.42,529.06,1,2,Kasual (Low Spending)
Victor Rodriguez,705.88,1,155.03,705.88,1,2,Kasual (Low Spending)
Victor Russell,844.0,2,155.45,422.0,1,3,Potensial (Average Spending)
Victor Walters,2881.1,5,294.89,576.22,1,0,Premium (High Spending)
Victoria Benson,494.8,4,179.77,123.7,1,3,Potensial (Average Spending)
Victoria Bishop,1486.06,2,262.64,743.03,1,3,Potensial (Average Spending)
Victoria Bright,146.97,1,70.67,146.97,1,2,Kasual (Low Spending)
Victoria Carpenter,308.43,1,117.34,308.43,1,2,Kasual (Low Spending)
Victoria Chandler,399.48,3,80.75,133.16,1,3,Potensial (Average Spending)
Victoria Collier,125.11,1,34.35,125.11,1,2,Kasual (Low Spending)
Victoria Cook,421.8,1,165.58,421.8,1,2,Kasual (Low Spending)
Victoria Cruz,774.04,2,278.51,387.02,1,3,Potensial (Average Spending)
Victoria Davis,171.87,3,48.95,57.29,1,3,Potensial (Average Spending)
Victoria Edwards DVM,676.5,3,95.89,225.5,1,3,Potensial (Average Spending)
Victoria Espinoza,910.08,4,290.56,227.52,1,0,Premium (High Spending)
Victoria Flores,302.28,1,117.8,302.28,1,2,Kasual (Low Spending)
Victoria Glover,286.6,1,116.39,286.6,1,2,Kasual (Low Spending)
Victoria Gonzales,390.8,1,152.09,390.8,1,2,Kasual (Low Spending)
Victoria Green,972.88,4,324.42,243.22,1,0,Premium (High Spending)
Victoria Harris,181.52,1,68.95,181.52,1,2,Kasual (Low Spending)
Victoria Henderson,301.53,1,114.54,301.53,1,2,Kasual (Low Spending)
Victoria Ho,822.62,1,148.99,822.62,1,2,Kasual (Low Spending)
Victoria Johnson,115.39,1,41.43,115.39,1,2,Kasual (Low Spending)
Victoria Jones,1485.1399999999999,5,261.88,338.76,2,0,Premium (High Spending)
Victoria Mahoney,1886.96,4,257.5,471.74,1,0,Premium (High Spending)
Victoria Maldonado,132.38,1,49.15,132.38,1,2,Kasual (Low Spending)
Victoria Martin,2236.8,3,415.55,745.6,1,0,Premium (High Spending)
Victoria Morris,692.87,1,211.31,692.87,1,2,Kasual (Low Spending)
Victoria Nash,202.96,2,61.85,101.48,1,3,Potensial (Average Spending)
Victoria Owens,3103.9,5,443.07,620.78,1,1,VIP (Top Buyers & High Quantity)
Victoria Page,944.33,1,152.17,944.33,1,2,Kasual (Low Spending)
Victoria Payne,636.21,3,296.54,212.07,1,3,Potensial (Average Spending)
Victoria Pierce,897.3,1,100.35,897.3,1,2,Kasual (Low Spending)
Victoria Rich,427.06,1,135.24,427.06,1,2,Kasual (Low Spending)
Victoria Rodriguez,105.66,1,23.16,105.66,1,2,Kasual (Low Spending)
Victoria Russell,1845.06,2,498.06,922.53,1,0,Premium (High Spending)
Victoria Simon,893.0,1,160.77,893.0,1,2,Kasual (Low Spending)
Victoria Smith,1228.06,4,346.65,321.64,2,0,Premium (High Spending)
Victoria Weiss,1190.31,3,489.48,396.77,1,0,Premium (High Spending)
Vincent Avila,2422.95,3,474.4,807.65,1,0,Premium (High Spending)
Vincent Carson,145.35,1,37.55,145.35,1,2,Kasual (Low Spending)
Vincent Diaz,1315.52,2,128.98,657.76,1,3,Potensial (Average Spending)
Vincent Garcia,933.38,1,97.18,933.38,1,2,Kasual (Low Spending)
Vincent Harper,686.46,3,74.78,228.82,1,3,Potensial (Average Spending)
Vincent Henderson,147.7,1,44.32,147.7,1,2,Kasual (Low Spending)
Vincent Hopkins,665.9,2,293.04,332.95,1,3,Potensial (Average Spending)
Vincent Horn,1960.68,6,438.68,326.78,1,1,VIP (Top Buyers & High Quantity)
Vincent Jones,2816.25,3,344.14,938.75,1,0,Premium (High Spending)
Vincent Leonard,343.42,2,87.12,171.71,1,3,Potensial (Average Spending)
Vincent Maxwell,437.5,2,120.64,218.75,1,3,Potensial (Average Spending)
Vincent Oneal,878.04,2,304.44,439.02,1,3,Potensial (Average Spending)
Vincent Patrick,106.82,1,45.18,106.82,1,2,Kasual (Low Spending)
Vincent Price,35.5,1,10.84,35.5,1,2,Kasual (Low Spending)
Vincent Ruiz,84.46,1,24.19,84.46,1,2,Kasual (Low Spending)
Vincent Valdez,114.12,2,52.18,57.06,1,3,Potensial (Average Spending)
Vincent Vaughn,461.61,1,92.09,461.61,1,2,Kasual (Low Spending)
Vincent Wood,106.0,1,30.36,106.0,1,2,Kasual (Low Spending)
Virginia Bautista,242.79,1,83.77,242.79,1,2,Kasual (Low Spending)
Virginia Cruz,112.91,1,36.23,112.91,1,2,Kasual (Low Spending)
Virginia Douglas,251.1,1,85.73,251.1,1,2,Kasual (Low Spending)
Virginia Frederick,2499.66,3,205.27,833.22,1,0,Premium (High Spending)
Virginia Fuller,42.94,1,10.99,42.94,1,2,Kasual (Low Spending)
Virginia James,73.4,1,18.19,73.4,1,2,Kasual (Low Spending)
Virginia Maldonado,363.94,2,176.23,181.97,1,3,Potensial (Average Spending)
Virginia Mcmillan,1005.02,1,181.52,1005.02,1,2,Kasual (Low Spending)
Virginia Miller,731.14,2,239.61,365.57,1,3,Potensial (Average Spending)
Virginia Nicholson,446.58,3,110.9,148.86,1,3,Potensial (Average Spending)
Virginia Peck,164.85,1,47.87,164.85,1,2,Kasual (Low Spending)
Virginia Peterson,466.15,1,128.21,466.15,1,2,Kasual (Low Spending)
Virginia Weaver,1134.6,4,329.99,283.65,1,0,Premium (High Spending)
Walter Anderson,260.21,1,50.88,260.21,1,2,Kasual (Low Spending)
Walter Baker,2589.66,3,376.21,863.22,1,0,Premium (High Spending)
Walter Charles,357.64,2,98.93,178.82,1,3,Potensial (Average Spending)
Walter Clayton,454.48,2,68.68,227.24,1,3,Potensial (Average Spending)
Walter Harrison,661.5,2,108.68,330.75,1,3,Potensial (Average Spending)
Walter Jensen,165.44,1,55.61,165.44,1,2,Kasual (Low Spending)
Walter Poole,248.34,2,49.99,124.17,1,3,Potensial (Average Spending)
Walter Russell,191.04,1,88.47,191.04,1,2,Kasual (Low Spending)
Wanda Acosta,1277.08,2,411.11,638.54,1,0,Premium (High Spending)
Wanda Carr,275.14,2,100.29,137.57,1,3,Potensial (Average Spending)
Wanda Cochran,307.92,2,49.79,153.96,1,3,Potensial (Average Spending)
Wanda Davis,31.51,1,9.22,31.51,1,2,Kasual (Low Spending)
Wanda Garcia,684.03,1,107.89,684.03,1,2,Kasual (Low Spending)
Wanda Harvey,370.59,1,140.06,370.59,1,2,Kasual (Low Spending)
Wanda Hood,39.24,1,11.41,39.24,1,2,Kasual (Low Spending)
Wanda Jimenez,3586.92,4,533.84,896.73,1,1,VIP (Top Buyers & High Quantity)
Wanda Mccullough,197.89,1,50.43,197.89,1,2,Kasual (Low Spending)
Wanda Nelson,126.53,1,35.37,126.53,1,2,Kasual (Low Spending)
Wanda Ramos,865.68,3,314.97,288.56,1,0,Premium (High Spending)
Warren Carroll,208.84,2,66.15,104.42,1,3,Potensial (Average Spending)
Warren Duncan,414.98,2,99.97,207.49,1,3,Potensial (Average Spending)
Warren Thompson,990.23,1,176.92,990.23,1,2,Kasual (Low Spending)
Wayne Brewer,1819.59,3,550.12,606.53,1,0,Premium (High Spending)
Wayne Carlson,363.17,1,51.54,363.17,1,2,Kasual (Low Spending)
Wayne Dunn,49.67,1,21.13,49.67,1,2,Kasual (Low Spending)
Wayne Lam,347.52,4,76.79,86.88,1,3,Potensial (Average Spending)
Wayne Mclaughlin,844.83,1,94.41,844.83,1,2,Kasual (Low Spending)
Wayne Ortiz,421.45,5,131.86,84.29,1,3,Potensial (Average Spending)
Wayne Salazar,119.36,1,47.23,119.36,1,2,Kasual (Low Spending)
Wayne Stone,783.48,2,280.29,391.74,1,3,Potensial (Average Spending)
Wayne Vaughn,667.05,3,195.58,222.35,1,3,Potensial (Average Spending)
Wayne Webster,806.66,2,170.77,403.33,1,3,Potensial (Average Spending)
Wayne Wilson,2876.28,4,571.67,719.07,1,1,VIP (Top Buyers & High Quantity)
Wendy Allen,308.22,3,58.03,102.74,1,3,Potensial (Average Spending)
Wendy Ballard,204.86,1,36.04,204.86,1,2,Kasual (Low Spending)
Wendy Bean,1558.08,2,261.33,779.04,1,3,Potensial (Average Spending)
Wendy Bowman,269.54,2,124.68,134.77,1,3,Potensial (Average Spending)
Wendy Boyd,89.24,1,16.66,89.24,1,2,Kasual (Low Spending)
Wendy Brown,434.81,1,144.87,434.81,1,2,Kasual (Low Spending)
Wendy Chapman,240.51,1,102.42,240.51,1,2,Kasual (Low Spending)
Wendy Christensen,620.04,3,103.13,206.68,1,3,Potensial (Average Spending)
Wendy Cummings,193.33,1,63.51,193.33,1,2,Kasual (Low Spending)
Wendy Decker,203.25,1,96.36,203.25,1,2,Kasual (Low Spending)
Wendy Ferguson,1597.8,5,565.62,319.56,1,0,Premium (High Spending)
Wendy Fisher,373.12,2,70.25,186.56,1,3,Potensial (Average Spending)
Wendy Fritz,834.23,1,149.35,834.23,1,2,Kasual (Low Spending)
Wendy Garcia,1274.78,2,182.51,637.39,1,3,Potensial (Average Spending)
Wendy Gordon,256.8,2,94.32,128.4,1,3,Potensial (Average Spending)
Wendy Huerta,756.44,2,145.86,378.22,1,3,Potensial (Average Spending)
Wendy Jackson,3378.67,5,694.05,755.105,2,1,VIP (Top Buyers & High Quantity)
Wendy Johnson,145.28,1,34.31,145.28,1,2,Kasual (Low Spending)
Wendy Jones,1060.26,1,166.52,1060.26,1,2,Kasual (Low Spending)
Wendy Lawrence,820.61,1,131.55,820.61,1,2,Kasual (Low Spending)
Wendy Marks,2671.89,3,292.33,890.63,1,0,Premium (High Spending)
Wendy Meyer,291.58,1,25.64,291.58,1,2,Kasual (Low Spending)
Wendy Miller,630.09,3,113.01,210.03,1,3,Potensial (Average Spending)
Wendy Moon,1080.86,2,135.41,540.43,1,3,Potensial (Average Spending)
Wendy Norton,162.5,1,67.54,162.5,1,2,Kasual (Low Spending)
Wendy Owen,524.37,1,159.68,524.37,1,2,Kasual (Low Spending)
Wendy Phelps,402.34,1,139.71,402.34,1,2,Kasual (Low Spending)
Wendy Rodriguez,2549.56,4,360.64,637.39,1,0,Premium (High Spending)
Wendy Stevenson,263.32,1,59.07,263.32,1,2,Kasual (Low Spending)
Wendy Ward,418.88,2,92.35,209.44,1,3,Potensial (Average Spending)
Wendy Wright,351.38,2,91.53,175.69,1,3,Potensial (Average Spending)
Wesley Abbott,242.63,1,62.45,242.63,1,2,Kasual (Low Spending)
Wesley Edwards,1046.93,1,267.4,1046.93,1,2,Kasual (Low Spending)
Wesley Harper,69.87,3,17.76,23.29,1,3,Potensial (Average Spending)
Wesley Jenkins,339.11,1,64.03,339.11,1,2,Kasual (Low Spending)
Wesley Jones,402.94,2,185.82,201.47,1,3,Potensial (Average Spending)
Wesley Mckenzie,1669.56,2,265.38,834.78,1,0,Premium (High Spending)
Wesley Nolan,172.98,2,43.4,86.49,1,3,Potensial (Average Spending)
Wesley Roberts,110.26,1,15.33,110.26,1,2,Kasual (Low Spending)
Wesley Thompson,3126.93,3,515.74,1042.31,1,0,Premium (High Spending)
Wesley Ware,32.52,1,12.53,32.52,1,2,Kasual (Low Spending)
Wesley Warren,418.1,1,38.95,418.1,1,2,Kasual (Low Spending)
Wesley White,614.52,2,98.46,307.26,1,3,Potensial (Average Spending)
Whitney Garcia,76.29,1,31.34,76.29,1,2,Kasual (Low Spending)
Whitney Johnson,410.92,2,168.75,205.46,1,3,Potensial (Average Spending)
Whitney Krause,1365.62,2,207.37,682.81,1,3,Potensial (Average Spending)
Whitney Medina,856.64,2,264.6,428.32,1,3,Potensial (Average Spending)
Whitney Ortiz,3560.28,4,572.11,890.07,1,1,VIP (Top Buyers & High Quantity)
Whitney Powell,376.76,1,138.06,376.76,1,2,Kasual (Low Spending)
Whitney Rodriguez,1190.04,6,237.01,198.34,1,0,Premium (High Spending)
Whitney Rogers,639.0,1,193.59,639.0,1,2,Kasual (Low Spending)
Whitney Schwartz,1525.77,3,220.36,508.59,1,0,Premium (High Spending)
Whitney Simpson,2205.96,3,513.74,735.32,1,0,Premium (High Spending)
Whitney Strong,108.54,1,8.89,108.54,1,2,Kasual (Low Spending)
William Arnold,21.28,1,7.68,21.28,1,2,Kasual (Low Spending)
William Atkins,943.96,2,121.65,471.98,1,3,Potensial (Average Spending)
William Baldwin,571.6,2,178.95,285.8,1,3,Potensial (Average Spending)
William Ball,214.82,1,86.47,214.82,1,2,Kasual (Low Spending)
William Barnes,280.92,3,106.63,93.64,1,3,Potensial (Average Spending)
William Baxter,287.23,1,67.1,287.23,1,2,Kasual (Low Spending)
William Black,236.78,1,73.05,236.78,1,2,Kasual (Low Spending)
William Bray,1715.7,2,358.91,857.85,1,0,Premium (High Spending)
William Brown,1411.94,5,318.11,254.88666666666666,3,0,Premium (High Spending)
William Bryant,1661.6,2,546.23,830.8,1,0,Premium (High Spending)
William Burke,77.11,1,32.19,77.11,1,2,Kasual (Low Spending)
William Campbell,74.42,1,23.64,74.42,1,2,Kasual (Low Spending)
William Carter,463.02,1,154.98,463.02,1,2,Kasual (Low Spending)
William Christensen,518.68,1,76.06,518.68,1,2,Kasual (Low Spending)
William Clarke,62.46,1,12.86,62.46,1,2,Kasual (Low Spending)
William Cline,903.96,4,171.95,225.99,1,0,Premium (High Spending)
William Collins,722.16,3,96.11,240.72,1,3,Potensial (Average Spending)
William Conner,30.54,1,12.86,30.54,1,2,Kasual (Low Spending)
William Contreras,1722.64,4,184.79,430.66,1,0,Premium (High Spending)
William Cook,1787.56,4,258.95000000000005,446.89,2,0,Premium (High Spending)
William Cooper,568.36,2,247.0,284.18,1,3,Potensial (Average Spending)
William Crosby,2335.92,3,338.99,778.64,1,0,Premium (High Spending)
William Curtis,802.88,1,103.42,802.88,1,2,Kasual (Low Spending)
William Davis,1002.8199999999999,3,287.87,282.275,2,0,Premium (High Spending)
William Day,326.64,2,142.59,163.32,1,3,Potensial (Average Spending)
William Dean,157.53,1,69.04,157.53,1,2,Kasual (Low Spending)
William Drake,178.17,1,57.55,178.17,1,2,Kasual (Low Spending)
William Dunn,74.04,1,28.5,74.04,1,2,Kasual (Low Spending)
William Elliott,121.96,1,32.02,121.96,1,2,Kasual (Low Spending)
William Erickson,344.74,2,160.28,172.37,1,3,Potensial (Average Spending)
William Espinoza,134.49,1,19.97,134.49,1,2,Kasual (Low Spending)
William Fernandez,135.23,1,48.39,135.23,1,2,Kasual (Low Spending)
William Figueroa,2443.47,3,475.16,814.49,1,0,Premium (High Spending)
William Flynn,365.28,3,114.55,121.76,1,3,Potensial (Average Spending)
William Ford,168.59,1,55.24,168.59,1,2,Kasual (Low Spending)
William Frazier,192.5,1,64.27,192.5,1,2,Kasual (Low Spending)
William Freeman,414.61,1,106.72,414.61,1,2,Kasual (Low Spending)
William Garcia,764.67,2,157.04000000000002,382.335,2,3,Potensial (Average Spending)
William Gentry,194.04,1,79.82,194.04,1,2,Kasual (Low Spending)
William George,873.84,2,213.41,436.92,1,3,Potensial (Average Spending)
William Gilmore,216.71,1,45.58,216.71,1,2,Kasual (Low Spending)
William Gomez,269.18,2,59.07,134.59,1,3,Potensial (Average Spending)
William Gonzales,1478.94,3,290.74,492.98,3,0,Premium (High Spending)
William Graves,498.37,1,97.7,498.37,1,2,Kasual (Low Spending)
William Green,1909.44,3,169.65,636.48,1,0,Premium (High Spending)
William Greene,739.58,2,314.09,369.79,1,3,Potensial (Average Spending)
William Gross,1179.98,2,407.07,589.99,1,0,Premium (High Spending)
William Gutierrez,257.7,2,57.06,128.85,1,3,Potensial (Average Spending)
William Hanna,1628.44,2,218.5,814.22,1,3,Potensial (Average Spending)
William Henderson,1593.58,2,219.19,796.79,1,3,Potensial (Average Spending)
William Henry,522.56,2,170.84,261.28,1,3,Potensial (Average Spending)
William Hill,1068.93,3,295.3,356.31,1,0,Premium (High Spending)
William Houston,619.76,2,255.81,309.88,1,3,Potensial (Average Spending)
William Howe,897.58,1,140.73,897.58,1,2,Kasual (Low Spending)
William Hubbard,258.47,1,98.81,258.47,1,2,Kasual (Low Spending)
William Hudson,277.54,2,96.84,138.77,1,3,Potensial (Average Spending)
William Jennings,823.02,3,170.14,274.34,1,3,Potensial (Average Spending)
William Johnson,2314.84,6,565.63,406.5,5,1,VIP (Top Buyers & High Quantity)
William Jones,3621.0,5,507.71000000000004,674.3933333333333,3,1,VIP (Top Buyers & High Quantity)
William Kennedy Jr.,188.67,1,91.13,188.67,1,2,Kasual (Low Spending)
William Kim,425.1,5,92.05,85.02,1,3,Potensial (Average Spending)
William Lane,2850.25,5,492.75,415.95,3,1,VIP (Top Buyers & High Quantity)
William Logan,87.8,2,21.01,43.9,1,3,Potensial (Average Spending)
William Lucas,161.25,1,13.5,161.25,1,2,Kasual (Low Spending)
William Lyons,1335.12,3,582.17,445.04,1,0,Premium (High Spending)
William Macdonald,62.09,1,12.81,62.09,1,2,Kasual (Low Spending)
William Madden,355.83,1,77.16,355.83,1,2,Kasual (Low Spending)
William Martin,350.52,1,51.61,350.52,1,2,Kasual (Low Spending)
William Mason,835.57,1,108.46,835.57,1,2,Kasual (Low Spending)
William Matthews,841.47,5,242.26999999999998,151.61,2,0,Premium (High Spending)
William Mccoy,205.16,1,50.89,205.16,1,2,Kasual (Low Spending)
William Mckenzie,83.75,1,19.71,83.75,1,2,Kasual (Low Spending)
William Mckinney,523.09,1,120.39,523.09,1,2,Kasual (Low Spending)
William Mcmahon,1324.18,2,239.8,662.09,1,3,Potensial (Average Spending)
William Meza,3705.96,6,394.47,617.66,1,1,VIP (Top Buyers & High Quantity)
William Miller,2241.26,8,719.8599999999999,224.635,4,1,VIP (Top Buyers & High Quantity)
William Mills,219.04,4,47.54,54.76,1,3,Potensial (Average Spending)
William Moore,3715.95,5,995.03,743.19,1,1,VIP (Top Buyers & High Quantity)
William Morales,299.52,3,49.36,99.84,1,3,Potensial (Average Spending)
William Moran,471.18,2,80.39,235.59,1,3,Potensial (Average Spending)
William Munoz,1043.48,2,160.37,521.74,1,3,Potensial (Average Spending)
William Murray,396.36,3,59.4,132.12,1,3,Potensial (Average Spending)
William Nelson,260.96,2,59.07,130.48,1,3,Potensial (Average Spending)
William Nguyen,531.8,2,110.55,265.9,1,3,Potensial (Average Spending)
William Nichols,256.5,2,103.87,128.25,1,3,Potensial (Average Spending)
William Nielsen,121.78,1,60.14,121.78,1,2,Kasual (Low Spending)
William Patterson,2551.16,4,362.8,637.79,1,0,Premium (High Spending)
William Patton,592.29,3,133.09,197.43,1,3,Potensial (Average Spending)
William Perez,849.74,2,378.59,424.87,1,3,Potensial (Average Spending)
William Peters,141.36,1,46.65,141.36,1,2,Kasual (Low Spending)
William Pittman,446.08,1,66.39,446.08,1,2,Kasual (Low Spending)
William Pitts,599.8,1,99.35,599.8,1,2,Kasual (Low Spending)
William Powers,417.93,3,191.35,139.31,1,3,Potensial (Average Spending)
William Pratt,385.76,1,63.98,385.76,1,2,Kasual (Low Spending)
William Preston,745.98,2,232.41,372.99,1,3,Potensial (Average Spending)
William Proctor,1575.08,4,303.6,393.77,1,0,Premium (High Spending)
William Ramirez Jr.,1543.08,3,194.26,514.36,1,0,Premium (High Spending)
William Ramirez MD,465.0,2,71.95,232.5,1,3,Potensial (Average Spending)
William Reed,825.76,2,346.2,412.88,1,3,Potensial (Average Spending)
William Rios,734.17,1,124.85,734.17,1,2,Kasual (Low Spending)
William Rodriguez,255.55,5,86.12,51.11,1,3,Potensial (Average Spending)
William Roman,925.82,2,318.97,462.91,1,3,Potensial (Average Spending)
William Rosario,801.26,2,141.25,400.63,1,3,Potensial (Average Spending)
William Russell,452.22,6,208.89,86.675,2,0,Premium (High Spending)
William Shelton,142.62,2,61.52,71.31,1,3,Potensial (Average Spending)
William Singh,234.82,1,88.65,234.82,1,2,Kasual (Low Spending)
William Smith,1958.3700000000001,6,535.48,452.86000000000007,3,1,VIP (Top Buyers & High Quantity)
William Snyder,775.98,1,135.27,775.98,1,2,Kasual (Low Spending)
William Solis,1481.34,2,247.58,740.67,1,3,Potensial (Average Spending)
William Spears,478.44,3,197.58,159.48,1,3,Potensial (Average Spending)
William Sutton,103.84,1,29.73,103.84,1,2,Kasual (Low Spending)
William Swanson,1858.32,3,424.68,619.44,1,0,Premium (High Spending)
William Taylor,1981.44,2,389.5,990.72,1,0,Premium (High Spending)
William Thomas,1414.63,7,412.49,313.60999999999996,3,1,VIP (Top Buyers & High Quantity)
William Thomas DDS,556.6,2,184.61,278.3,1,3,Potensial (Average Spending)
William Thompson,529.52,2,178.57,264.76,2,3,Potensial (Average Spending)
William Townsend,1257.0,2,162.03,628.5,1,3,Potensial (Average Spending)
William Tran,143.2,1,61.66,143.2,1,2,Kasual (Low Spending)
William Wagner,1542.08,2,165.57,771.04,1,3,Potensial (Average Spending)
William Walker,942.58,3,343.42,255.39000000000001,2,0,Premium (High Spending)
William Washington,3936.68,4,1144.02,984.17,1,1,VIP (Top Buyers & High Quantity)
William Watson,630.01,1,148.91,630.01,1,2,Kasual (Low Spending)
William White,407.86,2,97.06,203.93,1,3,Potensial (Average Spending)
William Whitney,789.26,2,275.33,394.63,1,3,Potensial (Average Spending)
William Williams,89.27,1,20.5,89.27,1,2,Kasual (Low Spending)
William Willis,556.82,2,45.71,278.41,1,3,Potensial (Average Spending)
William Wilson,830.43,3,345.95,276.81,1,0,Premium (High Spending)
William Wood,142.15,1,33.0,142.15,1,2,Kasual (Low Spending)
William Wu,1871.88,4,553.04,467.97,1,0,Premium (High Spending)
William York,639.81,3,298.71,213.27,1,3,Potensial (Average Spending)
William Young,51.74,1,19.66,51.74,1,2,Kasual (Low Spending)
Willie Bentley,837.64,2,264.4,418.82,1,3,Potensial (Average Spending)
Willie Cohen,4238.8,5,593.68,847.76,1,1,VIP (Top Buyers & High Quantity)
Willie Crawford,1358.08,4,337.35,339.52,1,0,Premium (High Spending)
Willie Ferguson,182.42,1,62.75,182.42,1,2,Kasual (Low Spending)
Willie Frazier,345.42,1,82.96,345.42,1,2,Kasual (Low Spending)
Willie Hall,191.3,1,74.58,191.3,1,2,Kasual (Low Spending)
Willie Herman,1104.02,2,217.18,552.01,1,3,Potensial (Average Spending)
Willie Mccoy,483.42,1,42.62,483.42,1,2,Kasual (Low Spending)
Willie Perez,1538.94,2,237.03,769.47,1,3,Potensial (Average Spending)
Willie Rogers,878.44,2,132.1,439.22,1,3,Potensial (Average Spending)
Willie Vasquez,3795.68,4,601.82,948.92,1,1,VIP (Top Buyers & High Quantity)
Willie Wells,778.84,2,136.96,389.42,1,3,Potensial (Average Spending)
Xavier Roy,32.69,1,9.16,32.69,1,2,Kasual (Low Spending)
Xavier Smith,473.14,2,147.4,236.57,1,3,Potensial (Average Spending)
Yesenia Carey,156.01,1,34.42,156.01,1,2,Kasual (Low Spending)
Yesenia Fisher,256.86,1,106.81,256.86,1,2,Kasual (Low Spending)
Yesenia Ford,1354.56,2,176.59,677.28,1,3,Potensial (Average Spending)
Yesenia Gates,481.62,3,159.57,160.54,1,3,Potensial (Average Spending)
Yesenia Green,1452.68,4,514.18,363.17,1,0,Premium (High Spending)
Yesenia Walker,508.92,2,196.19,254.46,1,3,Potensial (Average Spending)
Yolanda Barnes,88.22,2,36.58,44.11,1,3,Potensial (Average Spending)
Yolanda Edwards,2988.78,6,874.38,498.13,1,1,VIP (Top Buyers & High Quantity)
Yolanda Martinez,2561.92,2,460.16,1280.96,1,0,Premium (High Spending)
Yolanda Moore,1520.22,2,219.91,760.11,1,3,Potensial (Average Spending)
Yolanda Rodgers,725.42,2,101.47,362.71,1,3,Potensial (Average Spending)
Yolanda Williams,3918.08,4,714.95,979.52,1,1,VIP (Top Buyers & High Quantity)
Yolanda Wood,1069.18,2,240.61,534.59,1,3,Potensial (Average Spending)
Yvette Benitez,127.63,1,23.42,127.63,1,2,Kasual (Low Spending)
Yvette Burgess,1661.1,3,180.48,553.7,1,0,Premium (High Spending)
Yvette Castillo,447.63,1,120.62,447.63,1,2,Kasual (Low Spending)
Yvette Marsh,877.74,1,186.68,877.74,1,2,Kasual (Low Spending)
Yvette Ochoa,673.14,2,173.58,336.57,1,3,Potensial (Average Spending)
Yvette Shields,582.93,3,286.48,194.31,1,3,Potensial (Average Spending)
Yvette Walters,220.0,1,43.82,220.0,1,2,Kasual (Low Spending)
Yvette Williams,636.7,2,102.98,318.35,1,3,Potensial (Average Spending)
Yvonne Ayala,571.12,2,169.95,285.56,1,3,Potensial (Average Spending)
Yvonne Bryant,356.08,1,128.47,356.08,1,2,Kasual (Low Spending)
Yvonne Crawford,1634.84,2,179.3,817.42,1,3,Potensial (Average Spending)
Yvonne Fernandez,863.36,2,130.24,431.68,1,3,Potensial (Average Spending)
Yvonne Smith,502.52,2,211.83,251.26,1,3,Potensial (Average Spending)
Yvonne Sullivan,240.3,1,73.08,240.3,1,2,Kasual (Low Spending)
Yvonne Williams,1172.0,2,222.3,586.0,1,3,Potensial (Average Spending)
Zachary Aguilar,239.76,2,88.1,119.88,1,3,Potensial (Average Spending)
Zachary Arnold,473.92,1,90.28,473.92,1,2,Kasual (Low Spending)
Zachary Beck,1853.25,3,342.21,617.75,1,0,Premium (High Spending)
Zachary Bell,1348.74,2,427.95,674.37,1,0,Premium (High Spending)
Zachary Berg,832.45,1,195.88,832.45,1,2,Kasual (Low Spending)
Zachary Berry,176.08,1,64.78,176.08,1,2,Kasual (Low Spending)
Zachary Cannon,129.97,1,51.33,129.97,1,2,Kasual (Low Spending)
Zachary Clark,338.65,1,85.82,338.65,1,2,Kasual (Low Spending)
Zachary Collins,491.23,1,80.15,491.23,1,2,Kasual (Low Spending)
Zachary Davis,1007.41,1,144.06,1007.41,1,2,Kasual (Low Spending)
Zachary Ferguson,822.4,2,156.66,411.2,1,3,Potensial (Average Spending)
Zachary Fisher,314.91,3,113.38,104.97,1,3,Potensial (Average Spending)
Zachary Garrett,382.77,3,128.34,127.59,1,3,Potensial (Average Spending)
Zachary Gilbert,342.85,1,58.08,342.85,1,2,Kasual (Low Spending)
Zachary Gomez DDS,319.43,1,36.04,319.43,1,2,Kasual (Low Spending)
Zachary Gonzales,129.58,1,13.96,129.58,1,2,Kasual (Low Spending)
Zachary Gordon,897.09,1,214.97,897.09,1,2,Kasual (Low Spending)
Zachary Hall,3616.8,4,526.54,904.2,1,1,VIP (Top Buyers & High Quantity)
Zachary Hayes,454.1,1,65.5,454.1,1,2,Kasual (Low Spending)
Zachary Hogan,438.28,2,168.54,219.14,1,3,Potensial (Average Spending)
Zachary Horn,158.62,1,36.81,158.62,1,2,Kasual (Low Spending)
Zachary Howe,673.16,1,113.88,673.16,1,2,Kasual (Low Spending)
Zachary Hughes,177.55,1,31.16,177.55,1,2,Kasual (Low Spending)
Zachary Jones,123.46,1,30.99,123.46,1,2,Kasual (Low Spending)
Zachary Kelley,307.4,2,63.22,153.7,1,3,Potensial (Average Spending)
Zachary Lee,1444.69,5,232.57,330.235,2,0,Premium (High Spending)
Zachary Levine,1283.58,2,201.55,641.79,1,3,Potensial (Average Spending)
Zachary Lowe,210.2,2,57.57,105.1,1,3,Potensial (Average Spending)
Zachary Malone,293.54,1,32.6,293.54,1,2,Kasual (Low Spending)
Zachary Marks,70.49,1,15.65,70.49,1,2,Kasual (Low Spending)
Zachary Martinez,1195.23,3,351.97,398.41,1,0,Premium (High Spending)
Zachary Matthews,57.0,1,20.64,57.0,1,2,Kasual (Low Spending)
Zachary Middleton,178.93,1,45.41,178.93,1,2,Kasual (Low Spending)
Zachary Miller,796.52,2,263.34,398.26,1,3,Potensial (Average Spending)
Zachary Molina,686.43,3,83.72,228.81,1,3,Potensial (Average Spending)
Zachary Morgan Jr.,151.9,1,61.4,151.9,1,2,Kasual (Low Spending)
Zachary Moss,495.63,1,143.91,495.63,1,2,Kasual (Low Spending)
Zachary Obrien,207.61,1,56.92,207.61,1,2,Kasual (Low Spending)
Zachary Powell,569.28,4,46.38,142.32,1,3,Potensial (Average Spending)
Zachary Price,865.5,2,272.8,432.75,1,3,Potensial (Average Spending)
Zachary Quinn,929.42,2,110.17,464.71,1,3,Potensial (Average Spending)
Zachary Richards,893.68,1,241.32,893.68,1,2,Kasual (Low Spending)
Zachary Russell,76.21,1,18.76,76.21,1,2,Kasual (Low Spending)
Zachary Salazar,245.94,1,93.65,245.94,1,2,Kasual (Low Spending)
Zachary Salinas,834.8,1,125.91,834.8,1,2,Kasual (Low Spending)
Zachary Scott,1004.85,5,239.44,200.97,1,0,Premium (High Spending)
Zachary Smith,616.56,3,174.94,215.485,2,3,Potensial (Average Spending)
Zachary Thomas,223.12,4,95.29,55.78,1,3,Potensial (Average Spending)
Zachary Walker,471.49,2,162.12,235.745,2,3,Potensial (Average Spending)
Zachary Wells,610.57,1,121.61,610.57,1,2,Kasual (Low Spending)
Zachary Woodard,589.05,3,153.23,196.35,1,3,Potensial (Average Spending)
Zachary Woodward,858.34,1,257.62,858.34,1,2,Kasual (Low Spending)
Zoe Brady,350.64,1,123.66,350.64,1,2,Kasual (Low Spending)
Zoe Frank,658.79,1,102.2,658.79,1,2,Kasual (Low Spending)
Zoe Harris,6167.64,6,781.77,1027.94,1,1,VIP (Top Buyers & High Quantity)
Zoe Hunter,793.64,1,136.85,793.64,1,2,Kasual (Low Spending)
Zoe Lee,53.47,1,10.3,53.47,1,2,Kasual (Low Spending)
